"Geolocation","Commodity","2022 January","2022 February","2022 March","2022 April","2022 May","2022 June","2022 July","2022 August","2022 September","2022 October","2022 November","2022 December","2022 Annual"
"PHILIPPINES","Palay [Paddy] Fancy, dry (conv. to 14% mc)",19.13,18.59,17.21,18.31,17.20,17.98,17.98,18.97,17.63,19.32,19.40,20.77,18.54
"PHILIPPINES","Palay [Paddy] Other Variety, dry (conv. to 14% mc)",17.15,17.71,17.43,17.23,17.24,17.58,17.85,17.61,17.06,17.44,17.35,17.68,17.44
"PHILIPPINES","Corngrain [Maize] White, matured",16.14,16.39,17.55,17.45,17.91,17.88,18.22,19.62,18.23,17.67,18.18,18.15,17.78
"PHILIPPINES","Corngrain [Maize] Yellow, matured",15.95,16.05,16.32,17.18,17.12,17.46,16.83,17.84,17.73,18.01,18.21,18.55,17.27
"PHILIPPINES","Green Corn (Maize, green), White",24.46,24.77,25.56,24.30,23.33,25.17,26.14,24.13,27.32,27.24,30.07,28.98,25.96
"PHILIPPINES","Green Corn (Maize, green), Yellow",14.69,13.08,19.24,18.35,17.62,18.93,23.71,23.35,23.80,21.61,21.23,21.54,19.76
"..National Capital Region (NCR)","Palay [Paddy] Fancy, dry (conv. to 14% mc)",..,..,..,..,..,..,..,..,..,..,..,..,..
"..National Capital Region (NCR)","Palay [Paddy] Other Variety, dry (conv. to 14% mc)",..,..,..,..,..,..,..,..,..,..,..,..,..
"..National Capital Region (NCR)","Corngrain [Maize] White, matured",..,..,..,..,..,..,..,..,..,..,..,..,..
"..National Capital Region (NCR)","Corngrain [Maize] Yellow, matured",..,..,..,..,..,..,..,..,..,..,..,..,..
"..National Capital Region (NCR)","Green Corn (Maize, green), White",..,..,..,..,..,..,..,..,..,..,..,..,..
"..National Capital Region (NCR)","Green Corn (Maize, green), Yellow",..,..,..,..,..,..,..,..,..,..,..,..,..
"..Cordillera Administrative Region (CAR)","Palay [Paddy] Fancy, dry (conv. to 14% mc)",..,..,..,..,..,..,..,..,..,..,..,..,..
"..Cordillera Administrative Region (CAR)","Palay [Paddy] Other Variety, dry (conv. to 14% mc)",17.68,17.91,17.11,17.73,17.73,17.32,18.64,19.45,17.09,17.66,17.42,18.04,17.82
"..Cordillera Administrative Region (CAR)","Corngrain [Maize] White, matured",..,13.96,26.25,..,..,..,..,19.53,20.45,..,..,..,20.05
"..Cordillera Administrative Region (CAR)","Corngrain [Maize] Yellow, matured",19.06,15.82,16.58,17.34,17.88,18.39,15.67,19.02,17.16,17.54,17.46,19.03,17.58
"..Cordillera Administrative Region (CAR)","Green Corn (Maize, green), White",..,..,..,..,..,..,..,..,..,..,..,..,..
"..Cordillera Administrative Region (CAR)","Green Corn (Maize, green), Yellow",..,..,..,..,..,..,..,..,..,..,..,..,..
"....Abra","Palay [Paddy] Fancy, dry (conv. to 14% mc)",..,..,..,..,..,..,..,..,..,..,..,..,..
"....Abra","Palay [Paddy] Other Variety, dry (conv. to 14% mc)",17.22,17.91,17.90,18.46,18.39,17.93,18.64,19.45,18.74,18.26,18.10,17.91,18.24
"....Abra","Corngrain [Maize] White, matured",..,13.96,26.25,..,..,..,..,19.53,20.45,..,..,..,20.05
"....Abra","Corngrain [Maize] Yellow, matured",..,..,..,..,..,..,..,..,..,..,..,..,..
"....Abra","Green Corn (Maize, green), White",..,..,..,..,..,..,..,..,..,..,..,..,..
"....Abra","Green Corn (Maize, green), Yellow",..,..,..,..,..,..,..,..,..,..,..,..,..
"....Apayao","Palay [Paddy] Fancy, dry (conv. to 14% mc)",..,..,..,..,..,..,..,..,..,..,..,..,..
"....Apayao","Palay [Paddy] Other Variety, dry (conv. to 14% mc)",..,..,17.78,17.67,17.63,..,..,..,17.25,18.04,18.54,..,17.82
"....Apayao","Corngrain [Maize] White, matured",..,..,..,..,..,..,..,..,..,..,..,..,..
"....Apayao","Corngrain [Maize] Yellow, matured",..,..,16.40,17.34,17.37,18.55,12.00,..,16.49,17.42,16.63,..,16.53
"....Apayao","Green Corn (Maize, green), White",..,..,..,..,..,..,..,..,..,..,..,..,..
"....Apayao","Green Corn (Maize, green), Yellow",..,..,..,..,..,..,..,..,..,..,..,..,..
"....Benguet","Palay [Paddy] Fancy, dry (conv. to 14% mc)",..,..,..,..,..,..,..,..,..,..,..,..,..
"....Benguet","Palay [Paddy] Other Variety, dry (conv. to 14% mc)",..,..,..,..,..,..,..,..,..,..,..,..,..
"....Benguet","Corngrain [Maize] White, matured",..,..,..,..,..,..,..,..,..,..,..,..,..
"....Benguet","Corngrain [Maize] Yellow, matured",..,..,..,..,..,..,..,..,..,..,..,..,..
"....Benguet","Green Corn (Maize, green), White",..,..,..,..,..,..,..,..,..,..,..,..,..
"....Benguet","Green Corn (Maize, green), Yellow",..,..,..,..,..,..,..,..,..,..,..,..,..
"....Ifugao","Palay [Paddy] Fancy, dry (conv. to 14% mc)",..,..,..,..,..,..,..,..,..,..,..,..,..
"....Ifugao","Palay [Paddy] Other Variety, dry (conv. to 14% mc)",..,..,16.17,16.75,..,..,..,..,16.72,..,15.93,..,16.39
"....Ifugao","Corngrain [Maize] White, matured",..,..,..,..,..,..,..,..,..,..,..,..,..
"....Ifugao","Corngrain [Maize] Yellow, matured",..,..,16.11,16.11,..,..,..,..,17.89,16.10,16.51,..,16.54
"....Ifugao","Green Corn (Maize, green), White",..,..,..,..,..,..,..,..,..,..,..,..,..
"....Ifugao","Green Corn (Maize, green), Yellow",..,..,..,..,..,..,..,..,..,..,..,..,..
"....Kalinga","Palay [Paddy] Fancy, dry (conv. to 14% mc)",..,..,..,..,..,..,..,..,..,..,..,..,..
"....Kalinga","Palay [Paddy] Other Variety, dry (conv. to 14% mc)",18.13,..,16.59,18.02,17.17,16.71,..,..,15.65,16.68,17.09,18.16,17.13
"....Kalinga","Corngrain [Maize] White, matured",..,..,..,..,..,..,..,..,..,..,..,..,..
"....Kalinga","Corngrain [Maize] Yellow, matured",..,12.97,14.73,17.84,17.78,17.73,..,..,15.31,17.89,19.23,..,16.69
"....Kalinga","Green Corn (Maize, green), White",..,..,..,..,..,..,..,..,..,..,..,..,..
"....Kalinga","Green Corn (Maize, green), Yellow",..,..,..,..,..,..,..,..,..,..,..,..,..
"....Mountain Province","Palay [Paddy] Fancy, dry (conv. to 14% mc)",..,..,..,..,..,..,..,..,..,..,..,..,..
"....Mountain Province","Palay [Paddy] Other Variety, dry (conv. to 14% mc)",..,..,..,..,..,..,..,..,..,..,..,..,..
"....Mountain Province","Corngrain [Maize] White, matured",..,..,..,..,..,..,..,..,..,..,..,..,..
"....Mountain Province","Corngrain [Maize] Yellow, matured",19.06,18.67,19.07,18.05,18.48,18.88,19.33,19.02,18.95,18.75,..,19.03,18.84
"....Mountain Province","Green Corn (Maize, green), White",..,..,..,..,..,..,..,..,..,..,..,..,..
"....Mountain Province","Green Corn (Maize, green), Yellow",..,..,..,..,..,..,..,..,..,..,..,..,..
"..REGION I (ILOCOS REGION)","Palay [Paddy] Fancy, dry (conv. to 14% mc)",..,..,..,..,..,..,..,..,..,..,..,..,..
"..REGION I (ILOCOS REGION)","Palay [Paddy] Other Variety, dry (conv. to 14% mc)",18.58,19.32,18.67,18.95,19.15,19.10,19.50,19.53,18.54,18.67,18.88,19.76,19.05
"..REGION I (ILOCOS REGION)","Corngrain [Maize] White, matured",23.84,24.92,25.79,26.23,27.21,25.47,25.30,23.76,27.75,..,..,24.30,25.46
"..REGION I (ILOCOS REGION)","Corngrain [Maize] Yellow, matured",18.75,18.06,18.69,18.78,19.37,19.44,19.17,21.00,18.96,..,..,19.98,19.22
"..REGION I (ILOCOS REGION)","Green Corn (Maize, green), White",21.24,21.96,21.93,21.60,20.87,22.00,19.59,20.69,20.13,21.91,24.70,21.56,21.52
"..REGION I (ILOCOS REGION)","Green Corn (Maize, green), Yellow",..,..,..,..,..,..,..,..,..,..,..,..,..
"....Ilocos Norte","Palay [Paddy] Fancy, dry (conv. to 14% mc)",..,..,..,..,..,..,..,..,..,..,..,..,..
"....Ilocos Norte","Palay [Paddy] Other Variety, dry (conv. to 14% mc)",19.83,20.83,19.52,19.78,19.75,19.70,20.73,21.19,19.78,19.09,19.24,20.36,19.98
"....Ilocos Norte","Corngrain [Maize] White, matured",25.47,29.74,31.63,31.73,31.73,31.81,25.48,29.09,33.00,..,..,31.46,30.11
"....Ilocos Norte","Corngrain [Maize] Yellow, matured",18.00,18.58,19.01,19.15,19.25,19.00,18.19,19.04,18.96,..,..,20.80,19.00
"....Ilocos Norte","Green Corn (Maize, green), White",20.88,23.53,22.69,22.87,22.12,23.77,19.05,22.38,25.13,22.78,19.22,21.54,22.16
"....Ilocos Norte","Green Corn (Maize, green), Yellow",..,..,..,..,..,..,..,..,..,..,..,..,..
"....Ilocos Sur","Palay [Paddy] Fancy, dry (conv. to 14% mc)",..,..,..,..,..,..,..,..,..,..,..,..,..
"....Ilocos Sur","Palay [Paddy] Other Variety, dry (conv. to 14% mc)",17.54,17.78,17.87,17.82,18.53,18.43,18.50,18.17,17.23,18.18,18.50,20.66,18.27
"....Ilocos Sur","Corngrain [Maize] White, matured",24.06,23.20,24.75,24.20,24.23,24.62,21.75,21.74,22.50,..,..,22.00,23.31
"....Ilocos Sur","Corngrain [Maize] Yellow, matured",18.82,18.63,18.44,18.55,18.79,18.92,19.61,..,..,..,..,19.15,18.86
"....Ilocos Sur","Green Corn (Maize, green), White",..,..,..,..,..,..,..,..,..,..,..,..,..
"....Ilocos Sur","Green Corn (Maize, green), Yellow",..,..,..,..,..,..,..,..,..,..,..,..,..
"....La Union","Palay [Paddy] Fancy, dry (conv. to 14% mc)",..,..,..,..,..,..,..,..,..,..,..,..,..
"....La Union","Palay [Paddy] Other Variety, dry (conv. to 14% mc)",18.78,19.17,18.36,19.30,19.17,19.49,20.03,19.77,18.06,18.06,18.72,18.97,18.99
"....La Union","Corngrain [Maize] White, matured",21.99,21.82,20.98,22.77,25.68,19.98,28.66,20.46,..,..,..,19.44,22.42
"....La Union","Corngrain [Maize] Yellow, matured",..,15.34,18.15,17.91,20.18,19.88,18.90,25.00,..,..,..,..,19.34
"....La Union","Green Corn (Maize, green), White",..,..,..,..,..,..,..,..,..,..,..,..,..
"....La Union","Green Corn (Maize, green), Yellow",..,..,..,..,..,..,..,..,..,..,..,..,..
"....Pangasinan","Palay [Paddy] Fancy, dry (conv. to 14% mc)",..,..,..,..,..,..,..,..,..,..,..,..,..
"....Pangasinan","Palay [Paddy] Other Variety, dry (conv. to 14% mc)",18.17,19.48,18.92,18.89,19.14,18.78,18.72,19.00,19.09,19.33,19.05,19.03,18.97
"....Pangasinan","Corngrain [Maize] White, matured",..,..,..,..,..,..,..,..,..,..,..,..,..
"....Pangasinan","Corngrain [Maize] Yellow, matured",19.44,19.67,19.14,19.49,19.25,19.97,19.98,18.96,..,..,..,..,19.49
"....Pangasinan","Green Corn (Maize, green), White",21.59,20.39,21.17,20.33,19.62,20.22,20.12,19.00,15.12,21.03,30.18,21.57,20.86
"....Pangasinan","Green Corn (Maize, green), Yellow",..,..,..,..,..,..,..,..,..,..,..,..,..
"..REGION II (CAGAYAN VALLEY)","Palay [Paddy] Fancy, dry (conv. to 14% mc)",..,..,..,..,..,..,..,..,..,..,..,..,..
"..REGION II (CAGAYAN VALLEY)","Palay [Paddy] Other Variety, dry (conv. to 14% mc)",18.60,17.81,17.39,16.71,17.48,17.48,18.62,18.68,17.31,17.17,17.37,18.37,17.75
"..REGION II (CAGAYAN VALLEY)","Corngrain [Maize] White, matured",..,..,..,..,..,..,..,..,..,..,..,..,..
"..REGION II (CAGAYAN VALLEY)","Corngrain [Maize] Yellow, matured",..,15.95,16.72,17.07,17.94,..,..,16.86,17.30,17.91,17.41,..,17.15
"..REGION II (CAGAYAN VALLEY)","Green Corn (Maize, green), White",21.29,17.40,20.50,..,..,..,17.62,14.98,..,..,..,..,18.36
"..REGION II (CAGAYAN VALLEY)","Green Corn (Maize, green), Yellow",..,..,..,..,..,..,..,..,..,..,..,..,..
"....Batanes","Palay [Paddy] Fancy, dry (conv. to 14% mc)",..,..,..,..,..,..,..,..,..,..,..,..,..
"....Batanes","Palay [Paddy] Other Variety, dry (conv. to 14% mc)",..,..,..,..,..,..,..,..,..,..,..,..,..
"....Batanes","Corngrain [Maize] White, matured",..,..,..,..,..,..,..,..,..,..,..,..,..
"....Batanes","Corngrain [Maize] Yellow, matured",..,..,..,..,..,..,..,..,..,..,..,..,..
"....Batanes","Green Corn (Maize, green), White",..,..,..,..,..,..,..,..,..,..,..,..,..
"....Batanes","Green Corn (Maize, green), Yellow",..,..,..,..,..,..,..,..,..,..,..,..,..
"....Cagayan","Palay [Paddy] Fancy, dry (conv. to 14% mc)",..,..,..,..,..,..,..,..,..,..,..,..,..
"....Cagayan","Palay [Paddy] Other Variety, dry (conv. to 14% mc)",..,..,17.65,16.79,16.67,14.82,..,..,17.30,17.62,16.23,..,16.73
"....Cagayan","Corngrain [Maize] White, matured",..,..,..,..,..,..,..,..,..,..,..,..,..
"....Cagayan","Corngrain [Maize] Yellow, matured",..,16.66,18.03,17.93,18.03,..,..,18.56,18.19,18.64,..,..,18.01
"....Cagayan","Green Corn (Maize, green), White",21.29,17.40,20.50,..,..,..,17.62,14.98,..,..,..,..,18.36
"....Cagayan","Green Corn (Maize, green), Yellow",..,..,..,..,..,..,..,..,..,..,..,..,..
"....Isabela","Palay [Paddy] Fancy, dry (conv. to 14% mc)",..,..,..,..,..,..,..,..,..,..,..,..,..
"....Isabela","Palay [Paddy] Other Variety, dry (conv. to 14% mc)",19.19,17.34,18.13,16.76,18.80,18.79,19.56,19.60,17.64,17.75,18.34,19.46,18.45
"....Isabela","Corngrain [Maize] White, matured",..,..,..,..,..,..,..,..,..,..,..,..,..
"....Isabela","Corngrain [Maize] Yellow, matured",..,18.32,18.55,18.71,..,..,..,19.06,19.05,20.00,..,..,18.95
"....Isabela","Green Corn (Maize, green), White",..,..,..,..,..,..,..,..,..,..,..,..,..
"....Isabela","Green Corn (Maize, green), Yellow",..,..,..,..,..,..,..,..,..,..,..,..,..
"....Nueva Vizcaya","Palay [Paddy] Fancy, dry (conv. to 14% mc)",..,..,..,..,..,..,..,..,..,..,..,..,..
"....Nueva Vizcaya","Palay [Paddy] Other Variety, dry (conv. to 14% mc)",18.01,18.27,16.75,16.67,16.98,18.84,17.67,17.76,18.02,16.63,17.75,17.27,17.55
"....Nueva Vizcaya","Corngrain [Maize] White, matured",..,..,..,..,..,..,..,..,..,..,..,..,..
"....Nueva Vizcaya","Corngrain [Maize] Yellow, matured",..,12.88,12.61,13.79,..,..,..,12.95,13.99,13.51,14.81,..,13.51
"....Nueva Vizcaya","Green Corn (Maize, green), White",..,..,..,..,..,..,..,..,..,..,..,..,..
"....Nueva Vizcaya","Green Corn (Maize, green), Yellow",..,..,..,..,..,..,..,..,..,..,..,..,..
"....Quirino","Palay [Paddy] Fancy, dry (conv. to 14% mc)",..,..,..,..,..,..,..,..,..,..,..,..,..
"....Quirino","Palay [Paddy] Other Variety, dry (conv. to 14% mc)",..,..,17.04,16.60,..,..,..,..,16.27,16.67,17.14,..,16.74
"....Quirino","Corngrain [Maize] White, matured",..,..,..,..,..,..,..,..,..,..,..,..,..
"....Quirino","Corngrain [Maize] Yellow, matured",..,..,17.69,17.83,17.84,..,..,..,17.95,19.50,20.00,..,18.47
"....Quirino","Green Corn (Maize, green), White",..,..,..,..,..,..,..,..,..,..,..,..,..
"....Quirino","Green Corn (Maize, green), Yellow",..,..,..,..,..,..,..,..,..,..,..,..,..
"..REGION III (CENTRAL LUZON)","Palay [Paddy] Fancy, dry (conv. to 14% mc)",20.34,19.81,20.54,19.69,16.83,18.23,18.20,..,16.94,19.53,19.30,21.77,19.20
"..REGION III (CENTRAL LUZON)","Palay [Paddy] Other Variety, dry (conv. to 14% mc)",17.63,18.23,18.76,18.04,17.82,17.66,17.18,17.63,16.10,17.72,17.47,17.53,17.65
"..REGION III (CENTRAL LUZON)","Corngrain [Maize] White, matured",..,..,..,..,..,..,..,..,..,..,..,..,..
"..REGION III (CENTRAL LUZON)","Corngrain [Maize] Yellow, matured",12.20,14.32,15.39,16.62,15.20,15.97,13.32,15.73,13.96,14.79,15.75,17.93,15.10
"..REGION III (CENTRAL LUZON)","Green Corn (Maize, green), White",29.02,29.20,27.91,26.93,25.45,26.22,23.90,23.65,22.96,27.86,31.51,28.83,26.95
"..REGION III (CENTRAL LUZON)","Green Corn (Maize, green), Yellow",..,..,..,..,..,..,..,..,..,..,..,..,..
"....Aurora","Palay [Paddy] Fancy, dry (conv. to 14% mc)",..,..,..,..,..,..,..,..,..,..,..,..,..
"....Aurora","Palay [Paddy] Other Variety, dry (conv. to 14% mc)",16.77,17.21,18.65,15.96,15.71,16.58,16.63,16.81,16.66,16.56,16.22,15.18,16.58
"....Aurora","Corngrain [Maize] White, matured",..,..,..,..,..,..,..,..,..,..,..,..,..
"....Aurora","Corngrain [Maize] Yellow, matured",10.00,12.56,13.99,13.18,12.15,13.79,13.32,12.80,12.95,13.44,13.00,..,12.83
"....Aurora","Green Corn (Maize, green), White",..,..,..,..,..,..,..,..,..,..,..,..,..
"....Aurora","Green Corn (Maize, green), Yellow",..,..,..,..,..,..,..,..,..,..,..,..,..
"....Bataan","Palay [Paddy] Fancy, dry (conv. to 14% mc)",20.34,19.81,20.54,19.69,16.83,18.23,18.20,..,16.94,19.53,19.30,21.77,19.20
"....Bataan","Palay [Paddy] Other Variety, dry (conv. to 14% mc)",18.20,17.67,17.92,17.01,17.24,16.87,16.06,..,14.81,17.15,16.28,17.03,16.93
"....Bataan","Corngrain [Maize] White, matured",..,..,..,..,..,..,..,..,..,..,..,..,..
"....Bataan","Corngrain [Maize] Yellow, matured",..,..,..,..,..,..,..,..,..,..,..,..,..
"....Bataan","Green Corn (Maize, green), White",..,..,..,..,..,..,..,..,..,..,..,..,..
"....Bataan","Green Corn (Maize, green), Yellow",..,..,..,..,..,..,..,..,..,..,..,..,..
"....Bulacan","Palay [Paddy] Fancy, dry (conv. to 14% mc)",..,..,..,..,..,..,..,..,..,..,..,..,..
"....Bulacan","Palay [Paddy] Other Variety, dry (conv. to 14% mc)",18.22,19.35,19.03,19.27,18.28,18.14,17.90,18.72,17.38,16.99,17.97,17.83,18.26
"....Bulacan","Corngrain [Maize] White, matured",..,..,..,..,..,..,..,..,..,..,..,..,..
"....Bulacan","Corngrain [Maize] Yellow, matured",..,..,..,..,..,..,..,..,..,..,..,..,..
"....Bulacan","Green Corn (Maize, green), White",21.51,22.47,24.25,21.74,19.43,21.86,20.34,20.47,21.51,26.30,31.05,25.55,23.04
"....Bulacan","Green Corn (Maize, green), Yellow",..,..,..,..,..,..,..,..,..,..,..,..,..
"....Nueva Ecija","Palay [Paddy] Fancy, dry (conv. to 14% mc)",..,..,..,..,..,..,..,..,..,..,..,..,..
"....Nueva Ecija","Palay [Paddy] Other Variety, dry (conv. to 14% mc)",..,..,19.24,18.23,17.96,..,..,..,13.46,19.39,18.94,..,17.87
"....Nueva Ecija","Corngrain [Maize] White, matured",..,..,..,..,..,..,..,..,..,..,..,..,..
"....Nueva Ecija","Corngrain [Maize] Yellow, matured",..,..,..,..,..,..,..,..,..,..,..,..,..
"....Nueva Ecija","Green Corn (Maize, green), White",..,..,..,..,..,..,..,..,..,..,..,..,..
"....Nueva Ecija","Green Corn (Maize, green), Yellow",..,..,..,..,..,..,..,..,..,..,..,..,..
"....Pampanga","Palay [Paddy] Fancy, dry (conv. to 14% mc)",..,..,..,..,..,..,..,..,..,..,..,..,..
"....Pampanga","Palay [Paddy] Other Variety, dry (conv. to 14% mc)",16.55,17.41,17.22,17.17,16.88,16.28,16.44,16.35,16.56,17.29,16.57,18.04,16.90
"....Pampanga","Corngrain [Maize] White, matured",..,..,..,..,..,..,..,..,..,..,..,..,..
"....Pampanga","Corngrain [Maize] Yellow, matured",..,..,14.71,16.83,16.78,..,..,..,..,..,..,..,16.11
"....Pampanga","Green Corn (Maize, green), White",37.19,32.03,28.46,..,..,..,..,..,..,..,..,..,32.56
"....Pampanga","Green Corn (Maize, green), Yellow",..,..,..,..,..,..,..,..,..,..,..,..,..
"....Tarlac","Palay [Paddy] Fancy, dry (conv. to 14% mc)",..,..,..,..,..,..,..,..,..,..,..,..,..
"....Tarlac","Palay [Paddy] Other Variety, dry (conv. to 14% mc)",17.63,18.79,19.65,20.01,18.49,18.69,18.89,18.62,16.94,17.82,17.68,18.59,18.48
"....Tarlac","Corngrain [Maize] White, matured",..,..,..,..,..,..,..,..,..,..,..,..,..
"....Tarlac","Corngrain [Maize] Yellow, matured",14.40,16.07,17.47,19.84,16.67,18.15,..,18.66,14.97,16.14,18.50,17.93,17.16
"....Tarlac","Green Corn (Maize, green), White",28.37,33.09,31.03,32.11,31.47,30.58,27.45,26.83,24.40,29.41,31.97,32.11,29.90
"....Tarlac","Green Corn (Maize, green), Yellow",..,..,..,..,..,..,..,..,..,..,..,..,..
"....Zambales","Palay [Paddy] Fancy, dry (conv. to 14% mc)",..,..,..,..,..,..,..,..,..,..,..,..,..
"....Zambales","Palay [Paddy] Other Variety, dry (conv. to 14% mc)",18.43,18.97,19.61,18.64,20.16,19.42,..,..,16.90,18.81,18.61,18.51,18.81
"....Zambales","Corngrain [Maize] White, matured",..,..,..,..,..,..,..,..,..,..,..,..,..
"....Zambales","Corngrain [Maize] Yellow, matured",..,..,..,..,..,..,..,..,..,..,..,..,..
"....Zambales","Green Corn (Maize, green), White",..,..,..,..,..,..,..,..,..,..,..,..,..
"....Zambales","Green Corn (Maize, green), Yellow",..,..,..,..,..,..,..,..,..,..,..,..,..
"..REGION IV-A (CALABARZON)","Palay [Paddy] Fancy, dry (conv. to 14% mc)",..,..,..,..,..,..,..,..,..,..,..,..,..
"..REGION IV-A (CALABARZON)","Palay [Paddy] Other Variety, dry (conv. to 14% mc)",15.35,16.59,16.30,15.90,15.78,16.05,16.68,16.26,15.96,16.54,16.02,16.34,16.15
"..REGION IV-A (CALABARZON)","Corngrain [Maize] White, matured",..,..,..,..,..,..,..,..,..,..,..,..,..
"..REGION IV-A (CALABARZON)","Corngrain [Maize] Yellow, matured",19.49,19.50,18.92,18.54,..,..,..,..,19.22,19.47,20.17,20.13,19.43
"..REGION IV-A (CALABARZON)","Green Corn (Maize, green), White",24.38,31.47,33.03,25.44,24.38,24.39,33.03,31.30,34.80,24.90,31.92,33.29,29.36
"..REGION IV-A (CALABARZON)","Green Corn (Maize, green), Yellow",..,..,..,..,..,..,..,..,..,..,..,..,..
"....Batangas","Palay [Paddy] Fancy, dry (conv. to 14% mc)",..,..,..,..,..,..,..,..,..,..,..,..,..
"....Batangas","Palay [Paddy] Other Variety, dry (conv. to 14% mc)",17.22,17.17,17.17,17.27,16.03,17.20,16.31,17.81,16.45,17.74,18.10,17.64,17.18
"....Batangas","Corngrain [Maize] White, matured",..,..,..,..,..,..,..,..,..,..,..,..,..
"....Batangas","Corngrain [Maize] Yellow, matured",..,..,21.02,21.31,..,..,..,..,22.50,22.43,..,..,21.82
"....Batangas","Green Corn (Maize, green), White",..,36.75,45.23,..,..,20.37,39.21,35.51,32.70,..,41.67,45.24,37.09
"....Batangas","Green Corn (Maize, green), Yellow",..,..,..,..,..,..,..,..,..,..,..,..,..
"....Cavite","Palay [Paddy] Fancy, dry (conv. to 14% mc)",..,..,..,..,..,..,..,..,..,..,..,..,..
"....Cavite","Palay [Paddy] Other Variety, dry (conv. to 14% mc)",14.17,15.82,14.97,14.75,15.02,13.92,15.68,13.20,13.77,15.06,13.87,15.37,14.63
"....Cavite","Corngrain [Maize] White, matured",..,..,..,..,..,..,..,..,..,..,..,..,..
"....Cavite","Corngrain [Maize] Yellow, matured",18.97,19.00,..,19.00,..,..,..,..,..,..,20.00,20.00,19.39
"....Cavite","Green Corn (Maize, green), White",29.41,39.15,36.77,..,..,..,40.00,39.06,45.00,..,36.01,35.63,37.63
"....Cavite","Green Corn (Maize, green), Yellow",..,..,..,..,..,..,..,..,..,..,..,..,..
"....Laguna","Palay [Paddy] Fancy, dry (conv. to 14% mc)",..,..,..,..,..,..,..,..,..,..,..,..,..
"....Laguna","Palay [Paddy] Other Variety, dry (conv. to 14% mc)",14.66,17.17,16.29,14.86,15.03,14.99,15.46,15.88,16.11,15.72,14.76,14.99,15.49
"....Laguna","Corngrain [Maize] White, matured",..,..,..,..,..,..,..,..,..,..,..,..,..
"....Laguna","Corngrain [Maize] Yellow, matured",20.00,20.00,18.00,18.00,..,..,..,..,18.00,..,..,22.00,19.33
"....Laguna","Green Corn (Maize, green), White",25.72,28.00,29.98,28.85,24.38,28.40,32.91,29.34,31.49,29.79,30.00,32.27,29.26
"....Laguna","Green Corn (Maize, green), Yellow",..,..,..,..,..,..,..,..,..,..,..,..,..
"....Quezon","Palay [Paddy] Fancy, dry (conv. to 14% mc)",..,..,..,..,..,..,..,..,..,..,..,..,..
"....Quezon","Palay [Paddy] Other Variety, dry (conv. to 14% mc)",15.23,17.49,16.71,16.24,16.41,16.16,16.45,17.48,16.83,18.37,17.24,17.26,16.82
"....Quezon","Corngrain [Maize] White, matured",..,..,..,..,..,..,..,..,..,..,..,..,..
"....Quezon","Corngrain [Maize] Yellow, matured",..,..,18.71,17.61,..,..,..,..,16.64,17.64,20.50,18.40,18.25
"....Quezon","Green Corn (Maize, green), White",18.00,21.99,20.15,22.03,..,..,20.00,21.28,30.00,20.00,20.00,20.00,21.35
"....Quezon","Green Corn (Maize, green), Yellow",..,..,..,..,..,..,..,..,..,..,..,..,..
"....Rizal","Palay [Paddy] Fancy, dry (conv. to 14% mc)",..,..,..,..,..,..,..,..,..,..,..,..,..
"....Rizal","Palay [Paddy] Other Variety, dry (conv. to 14% mc)",15.49,15.30,16.34,16.38,16.43,18.00,19.50,16.92,16.64,15.79,16.12,16.44,16.61
"....Rizal","Corngrain [Maize] White, matured",..,..,..,..,..,..,..,..,..,..,..,..,..
"....Rizal","Corngrain [Maize] Yellow, matured",..,..,17.93,16.79,..,..,..,..,19.74,18.33,20.00,..,18.56
"....Rizal","Green Corn (Maize, green), White",..,..,..,..,..,..,..,..,..,..,..,..,..
"....Rizal","Green Corn (Maize, green), Yellow",..,..,..,..,..,..,..,..,..,..,..,..,..
"..MIMAROPA REGION","Palay [Paddy] Fancy, dry (conv. to 14% mc)",17.91,17.37,16.97,16.92,17.57,17.73,17.75,18.97,18.31,19.10,19.49,19.76,18.15
"..MIMAROPA REGION","Palay [Paddy] Other Variety, dry (conv. to 14% mc)",16.71,17.17,17.33,16.85,16.77,17.05,17.25,17.29,17.28,17.32,17.70,18.11,17.24
"..MIMAROPA REGION","Corngrain [Maize] White, matured",..,..,..,..,..,..,..,..,..,..,..,..,..
"..MIMAROPA REGION","Corngrain [Maize] Yellow, matured",19.76,19.03,18.13,17.83,18.04,18.34,21.36,20.51,20.02,19.87,21.71,22.00,19.72
"..MIMAROPA REGION","Green Corn (Maize, green), White",33.70,36.01,36.19,34.06,36.00,38.14,32.34,24.74,33.84,32.55,36.76,35.67,34.17
"..MIMAROPA REGION","Green Corn (Maize, green), Yellow",..,..,..,..,..,..,..,..,..,..,..,..,..
"....Marinduque","Palay [Paddy] Fancy, dry (conv. to 14% mc)",..,..,..,..,..,..,..,..,..,..,..,..,..
"....Marinduque","Palay [Paddy] Other Variety, dry (conv. to 14% mc)",..,..,..,..,..,..,..,..,..,..,..,..,..
"....Marinduque","Corngrain [Maize] White, matured",..,..,..,..,..,..,..,..,..,..,..,..,..
"....Marinduque","Corngrain [Maize] Yellow, matured",..,..,..,..,..,..,..,..,..,..,..,..,..
"....Marinduque","Green Corn (Maize, green), White",40.00,51.61,55.67,55.89,57.38,50.86,47.28,..,56.25,52.50,52.31,44.83,51.33
"....Marinduque","Green Corn (Maize, green), Yellow",..,..,..,..,..,..,..,..,..,..,..,..,..
"....Occidental Mindoro","Palay [Paddy] Fancy, dry (conv. to 14% mc)",..,..,..,..,..,..,..,..,..,..,..,..,..
"....Occidental Mindoro","Palay [Paddy] Other Variety, dry (conv. to 14% mc)",15.86,18.45,19.90,17.88,17.98,17.40,17.78,17.08,17.07,17.21,17.57,18.17,17.70
"....Occidental Mindoro","Corngrain [Maize] White, matured",..,..,..,..,..,..,..,..,..,..,..,..,..
"....Occidental Mindoro","Corngrain [Maize] Yellow, matured",19.76,19.03,20.20,19.71,19.57,19.51,22.00,21.13,17.97,18.39,21.71,22.00,20.08
"....Occidental Mindoro","Green Corn (Maize, green), White",33.53,28.18,27.69,26.28,29.19,40.00,37.38,28.74,35.37,30.99,30.00,34.30,31.80
"....Occidental Mindoro","Green Corn (Maize, green), Yellow",..,..,..,..,..,..,..,..,..,..,..,..,..
"....Oriental Mindoro","Palay [Paddy] Fancy, dry (conv. to 14% mc)",17.91,17.37,16.97,16.92,17.57,17.73,17.75,18.97,18.31,19.10,19.49,19.76,18.15
"....Oriental Mindoro","Palay [Paddy] Other Variety, dry (conv. to 14% mc)",14.99,14.28,13.17,13.66,14.49,15.30,16.13,16.85,16.59,16.79,16.69,17.00,15.50
"....Oriental Mindoro","Corngrain [Maize] White, matured",..,..,..,..,..,..,..,..,..,..,..,..,..
"....Oriental Mindoro","Corngrain [Maize] Yellow, matured",..,..,16.06,15.94,16.50,17.16,21.18,..,21.95,21.53,..,..,18.62
"....Oriental Mindoro","Green Corn (Maize, green), White",..,..,23.97,22.52,22.50,23.56,30.94,..,27.30,27.83,..,..,25.52
"....Oriental Mindoro","Green Corn (Maize, green), Yellow",..,..,..,..,..,..,..,..,..,..,..,..,..
"....Palawan","Palay [Paddy] Fancy, dry (conv. to 14% mc)",..,..,..,..,..,..,..,..,..,..,..,..,..
"....Palawan","Palay [Paddy] Other Variety, dry (conv. to 14% mc)",16.71,17.56,18.45,17.95,17.07,16.99,17.05,16.61,16.42,16.82,17.98,19.14,17.40
"....Palawan","Corngrain [Maize] White, matured",..,..,..,..,..,..,..,..,..,..,..,..,..
"....Palawan","Corngrain [Maize] Yellow, matured",..,..,..,..,..,..,20.90,19.88,20.15,19.70,..,..,20.16
"....Palawan","Green Corn (Maize, green), White",..,..,..,..,..,..,20.11,20.33,20.70,18.89,..,..,20.01
"....Palawan","Green Corn (Maize, green), Yellow",..,..,..,..,..,..,..,..,..,..,..,..,..
"....Romblon","Palay [Paddy] Fancy, dry (conv. to 14% mc)",..,..,..,..,..,..,..,..,..,..,..,..,..
"....Romblon","Palay [Paddy] Other Variety, dry (conv. to 14% mc)",19.27,18.38,17.81,17.91,17.55,18.50,18.03,18.63,19.04,18.47,18.54,18.11,18.35
"....Romblon","Corngrain [Maize] White, matured",..,..,..,..,..,..,..,..,..,..,..,..,..
"....Romblon","Corngrain [Maize] Yellow, matured",..,..,..,..,..,..,..,..,..,..,..,..,..
"....Romblon","Green Corn (Maize, green), White",27.56,28.23,37.41,31.54,34.92,..,25.98,25.15,29.57,..,27.98,27.87,29.62
"....Romblon","Green Corn (Maize, green), Yellow",..,..,..,..,..,..,..,..,..,..,..,..,..
"..REGION V (BICOL REGION)","Palay [Paddy] Fancy, dry (conv. to 14% mc)",..,..,..,..,..,..,..,..,..,..,..,..,..
"..REGION V (BICOL REGION)","Palay [Paddy] Other Variety, dry (conv. to 14% mc)",18.20,20.37,17.64,17.02,16.29,16.90,17.03,17.26,17.24,16.81,16.98,17.98,17.48
"..REGION V (BICOL REGION)","Corngrain [Maize] White, matured",..,..,16.04,15.70,..,..,..,16.92,17.03,17.68,..,..,16.67
"..REGION V (BICOL REGION)","Corngrain [Maize] Yellow, matured",..,..,17.83,18.26,18.25,19.65,14.77,18.99,18.91,18.95,18.75,18.88,18.32
"..REGION V (BICOL REGION)","Green Corn (Maize, green), White",35.46,32.93,28.28,25.03,20.28,22.90,24.74,26.21,26.14,29.47,24.38,29.61,27.12
"..REGION V (BICOL REGION)","Green Corn (Maize, green), Yellow",..,..,..,..,..,..,..,..,..,..,..,..,..
"....Albay","Palay [Paddy] Fancy, dry (conv. to 14% mc)",..,..,..,..,..,..,..,..,..,..,..,..,..
"....Albay","Palay [Paddy] Other Variety, dry (conv. to 14% mc)",..,..,17.46,16.47,15.26,..,..,..,17.07,16.81,16.65,..,16.62
"....Albay","Corngrain [Maize] White, matured",..,..,..,..,..,..,..,..,..,..,..,..,..
"....Albay","Corngrain [Maize] Yellow, matured",..,..,16.88,17.78,18.25,19.65,14.77,18.99,19.07,19.04,18.75,18.00,18.12
"....Albay","Green Corn (Maize, green), White",17.61,18.75,19.24,18.26,18.30,17.38,17.98,16.06,15.38,14.90,15.42,14.30,16.97
"....Albay","Green Corn (Maize, green), Yellow",..,..,..,..,..,..,..,..,..,..,..,..,..
"....Camarines Norte","Palay [Paddy] Fancy, dry (conv. to 14% mc)",..,..,..,..,..,..,..,..,..,..,..,..,..
"....Camarines Norte","Palay [Paddy] Other Variety, dry (conv. to 14% mc)",..,16.91,16.80,16.60,15.85,15.60,15.11,17.53,17.55,16.82,16.11,..,16.49
"....Camarines Norte","Corngrain [Maize] White, matured",..,..,..,..,..,..,..,..,..,..,..,..,..
"....Camarines Norte","Corngrain [Maize] Yellow, matured",..,..,..,..,..,..,..,..,..,..,..,..,..
"....Camarines Norte","Green Corn (Maize, green), White",..,42.00,30.13,24.56,22.25,28.41,20.79,13.35,15.43,..,..,..,24.62
"....Camarines Norte","Green Corn (Maize, green), Yellow",..,..,..,..,..,..,..,..,..,..,..,..,..
"....Camarines Sur","Palay [Paddy] Fancy, dry (conv. to 14% mc)",..,..,..,..,..,..,..,..,..,..,..,..,..
"....Camarines Sur","Palay [Paddy] Other Variety, dry (conv. to 14% mc)",17.43,17.34,17.88,16.66,16.43,16.98,17.18,16.79,17.38,16.50,15.45,16.97,16.92
"....Camarines Sur","Corngrain [Maize] White, matured",..,..,..,..,..,..,..,..,..,..,..,..,..
"....Camarines Sur","Corngrain [Maize] Yellow, matured",..,..,18.77,18.74,..,..,..,..,18.74,18.86,..,19.76,18.97
"....Camarines Sur","Green Corn (Maize, green), White",..,30.95,19.27,32.28,..,..,..,..,27.64,29.62,16.40,24.87,25.86
"....Camarines Sur","Green Corn (Maize, green), Yellow",..,..,..,..,..,..,..,..,..,..,..,..,..
"....Catanduanes","Palay [Paddy] Fancy, dry (conv. to 14% mc)",..,..,..,..,..,..,..,..,..,..,..,..,..
"....Catanduanes","Palay [Paddy] Other Variety, dry (conv. to 14% mc)",18.97,24.01,19.00,19.01,19.08,18.13,18.81,..,18.87,18.91,19.00,18.99,19.34
"....Catanduanes","Corngrain [Maize] White, matured",..,..,..,..,..,..,..,..,..,..,..,..,..
"....Catanduanes","Corngrain [Maize] Yellow, matured",..,..,..,..,..,..,..,..,..,..,..,..,..
"....Catanduanes","Green Corn (Maize, green), White",53.31,40.00,44.49,..,..,..,35.45,49.23,46.09,43.89,41.31,49.65,44.82
"....Catanduanes","Green Corn (Maize, green), Yellow",..,..,..,..,..,..,..,..,..,..,..,..,..
"....Masbate","Palay [Paddy] Fancy, dry (conv. to 14% mc)",..,..,..,..,..,..,..,..,..,..,..,..,..
"....Masbate","Palay [Paddy] Other Variety, dry (conv. to 14% mc)",..,23.22,18.44,18.40,..,..,..,17.47,16.46,16.71,18.24,..,18.42
"....Masbate","Corngrain [Maize] White, matured",..,..,16.04,15.70,..,..,..,16.92,17.03,17.68,..,..,16.67
"....Masbate","Corngrain [Maize] Yellow, matured",..,..,..,..,..,..,..,..,..,..,..,..,..
"....Masbate","Green Corn (Maize, green), White",..,..,..,..,..,..,..,..,..,..,..,..,..
"....Masbate","Green Corn (Maize, green), Yellow",..,..,..,..,..,..,..,..,..,..,..,..,..
"....Sorsogon","Palay [Paddy] Fancy, dry (conv. to 14% mc)",..,..,..,..,..,..,..,..,..,..,..,..,..
"....Sorsogon","Palay [Paddy] Other Variety, dry (conv. to 14% mc)",..,..,16.23,14.98,14.85,..,..,..,16.10,15.11,16.43,..,15.62
"....Sorsogon","Corngrain [Maize] White, matured",..,..,..,..,..,..,..,..,..,..,..,..,..
"....Sorsogon","Corngrain [Maize] Yellow, matured",..,..,..,..,..,..,..,..,..,..,..,..,..
"....Sorsogon","Green Corn (Maize, green), White",..,..,..,..,..,..,..,..,..,..,..,..,..
"....Sorsogon","Green Corn (Maize, green), Yellow",..,..,..,..,..,..,..,..,..,..,..,..,..
"..REGION VI (WESTERN VISAYAS)","Palay [Paddy] Fancy, dry (conv. to 14% mc)",..,..,..,..,..,..,..,..,..,..,..,..,..
"..REGION VI (WESTERN VISAYAS)","Palay [Paddy] Other Variety, dry (conv. to 14% mc)",16.83,17.17,17.60,18.04,18.62,19.17,19.31,18.45,17.07,16.92,17.03,17.47,17.81
"..REGION VI (WESTERN VISAYAS)","Corngrain [Maize] White, matured",15.28,15.51,14.70,16.34,17.01,17.15,19.07,22.42,18.08,17.98,19.01,19.92,17.71
"..REGION VI (WESTERN VISAYAS)","Corngrain [Maize] Yellow, matured",16.14,16.67,15.90,17.38,19.05,18.47,18.36,19.07,20.20,19.51,20.79,20.15,18.47
"..REGION VI (WESTERN VISAYAS)","Green Corn (Maize, green), White",19.96,15.29,18.69,18.75,20.28,23.46,25.62,18.94,22.38,28.04,30.55,32.49,22.87
"..REGION VI (WESTERN VISAYAS)","Green Corn (Maize, green), Yellow",..,..,..,..,..,..,..,..,..,..,..,..,..
"....Aklan","Palay [Paddy] Fancy, dry (conv. to 14% mc)",..,..,..,..,..,..,..,..,..,..,..,..,..
"....Aklan","Palay [Paddy] Other Variety, dry (conv. to 14% mc)",17.46,18.18,18.49,18.66,19.40,20.94,20.65,20.59,18.92,18.18,19.93,18.58,19.17
"....Aklan","Corngrain [Maize] White, matured",16.18,15.91,17.57,17.55,16.54,16.55,19.21,25.00,17.10,16.13,17.24,17.83,17.73
"....Aklan","Corngrain [Maize] Yellow, matured",..,..,..,..,..,..,..,..,..,..,..,..,..
"....Aklan","Green Corn (Maize, green), White",..,..,..,..,..,..,..,..,..,..,..,..,..
"....Aklan","Green Corn (Maize, green), Yellow",..,..,..,..,..,..,..,..,..,..,..,..,..
"....Antique","Palay [Paddy] Fancy, dry (conv. to 14% mc)",..,..,..,..,..,..,..,..,..,..,..,..,..
"....Antique","Palay [Paddy] Other Variety, dry (conv. to 14% mc)",16.61,17.17,17.25,17.68,17.69,18.47,18.14,16.51,14.80,15.23,15.22,16.00,16.73
"....Antique","Corngrain [Maize] White, matured",..,..,..,..,..,..,..,..,..,..,..,..,..
"....Antique","Corngrain [Maize] Yellow, matured",..,..,..,..,..,..,..,..,..,..,..,..,..
"....Antique","Green Corn (Maize, green), White",..,..,..,..,..,..,..,..,..,..,..,..,..
"....Antique","Green Corn (Maize, green), Yellow",..,..,..,..,..,..,..,..,..,..,..,..,..
"....Capiz","Palay [Paddy] Fancy, dry (conv. to 14% mc)",..,..,..,..,..,..,..,..,..,..,..,..,..
"....Capiz","Palay [Paddy] Other Variety, dry (conv. to 14% mc)",16.37,15.98,16.09,18.11,18.85,18.75,19.26,19.32,18.46,16.92,17.04,17.20,17.70
"....Capiz","Corngrain [Maize] White, matured",..,..,..,..,..,..,..,..,..,..,..,..,..
"....Capiz","Corngrain [Maize] Yellow, matured",..,17.35,17.83,18.40,..,..,..,19.15,19.51,18.20,..,..,18.41
"....Capiz","Green Corn (Maize, green), White",..,..,..,..,..,..,..,..,..,..,..,..,..
"....Capiz","Green Corn (Maize, green), Yellow",..,..,..,..,..,..,..,..,..,..,..,..,..
"....Guimaras","Palay [Paddy] Fancy, dry (conv. to 14% mc)",..,..,..,..,..,..,..,..,..,..,..,..,..
"....Guimaras","Palay [Paddy] Other Variety, dry (conv. to 14% mc)",16.35,15.76,16.59,17.83,19.00,17.83,19.58,17.93,15.37,17.40,15.46,16.69,17.15
"....Guimaras","Corngrain [Maize] White, matured",..,..,..,..,..,..,..,..,..,..,..,..,..
"....Guimaras","Corngrain [Maize] Yellow, matured",..,..,..,..,..,..,..,..,..,..,..,..,..
"....Guimaras","Green Corn (Maize, green), White",..,..,..,..,..,..,..,..,..,..,..,..,..
"....Guimaras","Green Corn (Maize, green), Yellow",..,..,..,..,..,..,..,..,..,..,..,..,..
"....Iloilo","Palay [Paddy] Fancy, dry (conv. to 14% mc)",..,..,..,..,..,..,..,..,..,..,..,..,..
"....Iloilo","Palay [Paddy] Other Variety, dry (conv. to 14% mc)",15.68,17.88,16.98,15.66,17.45,17.67,17.56,17.10,16.44,15.48,15.38,17.18,16.71
"....Iloilo","Corngrain [Maize] White, matured",..,..,..,..,..,..,..,..,..,..,..,..,..
"....Iloilo","Corngrain [Maize] Yellow, matured",16.52,17.64,18.37,19.18,19.24,..,..,..,21.93,20.95,20.69,18.30,19.20
"....Iloilo","Green Corn (Maize, green), White",19.96,15.29,18.69,18.75,20.28,23.46,25.62,18.94,22.38,28.04,30.55,32.49,22.87
"....Iloilo","Green Corn (Maize, green), Yellow",..,..,..,..,..,..,..,..,..,..,..,..,..
"....Negros Occidental","Palay [Paddy] Fancy, dry (conv. to 14% mc)",..,..,..,..,..,..,..,..,..,..,..,..,..
"....Negros Occidental","Palay [Paddy] Other Variety, dry (conv. to 14% mc)",18.50,18.07,20.21,20.31,19.35,21.33,20.65,19.22,18.42,18.33,19.15,19.18,19.39
"....Negros Occidental","Corngrain [Maize] White, matured",14.38,15.10,11.82,15.12,17.47,17.74,18.92,19.83,19.06,19.82,20.78,22.00,17.67
"....Negros Occidental","Corngrain [Maize] Yellow, matured",15.76,15.01,11.51,14.55,18.86,18.47,18.36,18.98,19.16,19.39,20.89,22.00,17.75
"....Negros Occidental","Green Corn (Maize, green), White",..,..,..,..,..,..,..,..,..,..,..,..,..
"....Negros Occidental","Green Corn (Maize, green), Yellow",..,..,..,..,..,..,..,..,..,..,..,..,..
"..REGION VII (CENTRAL VISAYAS)","Palay [Paddy] Fancy, dry (conv. to 14% mc)",..,..,..,..,..,..,..,..,..,..,..,..,..
"..REGION VII (CENTRAL VISAYAS)","Palay [Paddy] Other Variety, dry (conv. to 14% mc)",18.60,18.69,18.01,17.20,17.71,19.84,18.34,19.00,18.41,19.78,17.89,18.61,18.51
"..REGION VII (CENTRAL VISAYAS)","Corngrain [Maize] White, matured",12.98,14.09,15.77,15.99,15.74,18.80,18.41,18.45,16.23,17.65,17.87,17.94,16.66
"..REGION VII (CENTRAL VISAYAS)","Corngrain [Maize] Yellow, matured",..,..,..,18.00,17.07,20.58,..,18.00,17.72,18.58,20.92,19.76,18.83
"..REGION VII (CENTRAL VISAYAS)","Green Corn (Maize, green), White",..,..,..,..,..,..,..,..,..,..,..,..,..
"..REGION VII (CENTRAL VISAYAS)","Green Corn (Maize, green), Yellow",..,..,..,..,..,..,..,..,..,..,..,..,..
"....Bohol","Palay [Paddy] Fancy, dry (conv. to 14% mc)",..,..,..,..,..,..,..,..,..,..,..,..,..
"....Bohol","Palay [Paddy] Other Variety, dry (conv. to 14% mc)",16.94,16.92,16.24,16.75,17.21,17.80,18.58,19.85,18.66,19.48,17.99,18.86,17.94
"....Bohol","Corngrain [Maize] White, matured",11.26,12.00,12.00,14.69,15.74,..,..,17.52,11.50,14.36,13.53,13.88,13.65
"....Bohol","Corngrain [Maize] Yellow, matured",..,..,..,..,..,..,..,..,..,..,..,..,..
"....Bohol","Green Corn (Maize, green), White",..,..,..,..,..,..,..,..,..,..,..,..,..
"....Bohol","Green Corn (Maize, green), Yellow",..,..,..,..,..,..,..,..,..,..,..,..,..
"....Cebu","Palay [Paddy] Fancy, dry (conv. to 14% mc)",..,..,..,..,..,..,..,..,..,..,..,..,..
"....Cebu","Palay [Paddy] Other Variety, dry (conv. to 14% mc)",19.83,20.25,19.97,17.71,..,22.99,17.44,18.19,17.73,17.00,17.14,18.00,18.75
"....Cebu","Corngrain [Maize] White, matured",14.70,11.27,17.30,17.29,..,19.60,18.41,17.82,17.26,17.18,18.49,19.78,17.19
"....Cebu","Corngrain [Maize] Yellow, matured",..,..,..,..,..,..,..,..,..,..,..,..,..
"....Cebu","Green Corn (Maize, green), White",..,..,..,..,..,..,..,..,..,..,..,..,..
"....Cebu","Green Corn (Maize, green), Yellow",..,..,..,..,..,..,..,..,..,..,..,..,..
"....Negros Oriental","Palay [Paddy] Fancy, dry (conv. to 14% mc)",..,..,..,..,..,..,..,..,..,..,..,..,..
"....Negros Oriental","Palay [Paddy] Other Variety, dry (conv. to 14% mc)",19.04,18.91,18.31,17.98,18.21,18.74,19.01,18.95,18.83,18.16,18.55,18.98,18.64
"....Negros Oriental","Corngrain [Maize] White, matured",..,19.00,18.00,..,..,18.00,..,20.00,19.92,21.41,21.58,20.17,19.76
"....Negros Oriental","Corngrain [Maize] Yellow, matured",..,..,..,18.00,17.07,20.58,..,18.00,17.72,18.58,20.92,19.76,18.83
"....Negros Oriental","Green Corn (Maize, green), White",..,..,..,..,..,..,..,..,..,..,..,..,..
"....Negros Oriental","Green Corn (Maize, green), Yellow",..,..,..,..,..,..,..,..,..,..,..,..,..
"....Siquijor","Palay [Paddy] Fancy, dry (conv. to 14% mc)",..,..,..,..,..,..,..,..,..,..,..,..,..
"....Siquijor","Palay [Paddy] Other Variety, dry (conv. to 14% mc)",..,..,17.53,16.34,..,..,..,..,..,24.46,..,..,19.44
"....Siquijor","Corngrain [Maize] White, matured",..,..,..,..,..,..,..,..,..,..,..,..,..
"....Siquijor","Corngrain [Maize] Yellow, matured",..,..,..,..,..,..,..,..,..,..,..,..,..
"....Siquijor","Green Corn (Maize, green), White",..,..,..,..,..,..,..,..,..,..,..,..,..
"....Siquijor","Green Corn (Maize, green), Yellow",..,..,..,..,..,..,..,..,..,..,..,..,..
"..REGION VIII (EASTERN VISAYAS)","Palay [Paddy] Fancy, dry (conv. to 14% mc)",..,..,14.12,..,..,..,..,..,..,..,..,..,14.12
"..REGION VIII (EASTERN VISAYAS)","Palay [Paddy] Other Variety, dry (conv. to 14% mc)",18.20,15.12,15.22,15.35,15.33,18.20,18.20,15.26,15.87,15.51,15.99,16.10,16.20
"..REGION VIII (EASTERN VISAYAS)","Corngrain [Maize] White, matured",14.11,..,8.58,10.80,11.64,13.50,11.00,..,9.26,9.99,12.09,..,11.22
"..REGION VIII (EASTERN VISAYAS)","Corngrain [Maize] Yellow, matured",..,..,..,..,..,..,..,..,..,..,..,..,..
"..REGION VIII (EASTERN VISAYAS)","Green Corn (Maize, green), White",..,..,..,..,..,..,..,..,..,..,..,..,..
"..REGION VIII (EASTERN VISAYAS)","Green Corn (Maize, green), Yellow",..,..,..,..,..,..,..,..,..,..,..,..,..
"....Biliran","Palay [Paddy] Fancy, dry (conv. to 14% mc)",..,..,..,..,..,..,..,..,..,..,..,..,..
"....Biliran","Palay [Paddy] Other Variety, dry (conv. to 14% mc)",..,..,16.50,17.27,16.10,..,..,..,17.46,16.50,14.97,..,16.47
"....Biliran","Corngrain [Maize] White, matured",..,..,..,..,..,..,..,..,..,..,..,..,..
"....Biliran","Corngrain [Maize] Yellow, matured",..,..,..,..,..,..,..,..,..,..,..,..,..
"....Biliran","Green Corn (Maize, green), White",..,..,..,..,..,..,..,..,..,..,..,..,..
"....Biliran","Green Corn (Maize, green), Yellow",..,..,..,..,..,..,..,..,..,..,..,..,..
"....Eastern Samar","Palay [Paddy] Fancy, dry (conv. to 14% mc)",..,..,..,..,..,..,..,..,..,..,..,..,..
"....Eastern Samar","Palay [Paddy] Other Variety, dry (conv. to 14% mc)",..,..,14.39,14.52,..,..,..,..,..,15.17,15.20,..,14.82
"....Eastern Samar","Corngrain [Maize] White, matured",..,..,..,..,..,..,..,..,..,..,..,..,..
"....Eastern Samar","Corngrain [Maize] Yellow, matured",..,..,..,..,..,..,..,..,..,..,..,..,..
"....Eastern Samar","Green Corn (Maize, green), White",..,..,..,..,..,..,..,..,..,..,..,..,..
"....Eastern Samar","Green Corn (Maize, green), Yellow",..,..,..,..,..,..,..,..,..,..,..,..,..
"....Leyte","Palay [Paddy] Fancy, dry (conv. to 14% mc)",..,..,..,..,..,..,..,..,..,..,..,..,..
"....Leyte","Palay [Paddy] Other Variety, dry (conv. to 14% mc)",..,..,15.39,15.18,15.76,..,..,15.59,16.29,16.34,19.34,..,16.27
"....Leyte","Corngrain [Maize] White, matured",14.11,..,..,11.75,13.05,13.50,11.00,..,8.84,11.14,14.13,..,12.19
"....Leyte","Corngrain [Maize] Yellow, matured",..,..,..,..,..,..,..,..,..,..,..,..,..
"....Leyte","Green Corn (Maize, green), White",..,..,..,..,..,..,..,..,..,..,..,..,..
"....Leyte","Green Corn (Maize, green), Yellow",..,..,..,..,..,..,..,..,..,..,..,..,..
"....Northern Samar","Palay [Paddy] Fancy, dry (conv. to 14% mc)",..,..,..,..,..,..,..,..,..,..,..,..,..
"....Northern Samar","Palay [Paddy] Other Variety, dry (conv. to 14% mc)",..,..,14.42,14.94,14.99,..,..,14.83,15.74,14.65,..,..,14.93
"....Northern Samar","Corngrain [Maize] White, matured",..,..,..,..,..,..,..,..,..,..,..,..,..
"....Northern Samar","Corngrain [Maize] Yellow, matured",..,..,..,..,..,..,..,..,..,..,..,..,..
"....Northern Samar","Green Corn (Maize, green), White",..,..,..,..,..,..,..,..,..,..,..,..,..
"....Northern Samar","Green Corn (Maize, green), Yellow",..,..,..,..,..,..,..,..,..,..,..,..,..
"....Samar","Palay [Paddy] Fancy, dry (conv. to 14% mc)",..,..,14.12,..,..,..,..,..,..,..,..,..,14.12
"....Samar","Palay [Paddy] Other Variety, dry (conv. to 14% mc)",..,..,14.12,14.17,14.37,..,..,..,14.57,13.74,13.64,..,14.10
"....Samar","Corngrain [Maize] White, matured",..,..,8.58,9.85,10.22,..,..,..,9.67,8.84,10.04,..,9.53
"....Samar","Corngrain [Maize] Yellow, matured",..,..,..,..,..,..,..,..,..,..,..,..,..
"....Samar","Green Corn (Maize, green), White",..,..,..,..,..,..,..,..,..,..,..,..,..
"....Samar","Green Corn (Maize, green), Yellow",..,..,..,..,..,..,..,..,..,..,..,..,..
"....Southern Leyte","Palay [Paddy] Fancy, dry (conv. to 14% mc)",..,..,..,..,..,..,..,..,..,..,..,..,..
"....Southern Leyte","Palay [Paddy] Other Variety, dry (conv. to 14% mc)",18.20,15.12,16.52,15.99,15.42,18.20,18.20,15.36,15.27,16.68,16.81,16.10,16.49
"....Southern Leyte","Corngrain [Maize] White, matured",..,..,..,..,..,..,..,..,..,..,..,..,..
"....Southern Leyte","Corngrain [Maize] Yellow, matured",..,..,..,..,..,..,..,..,..,..,..,..,..
"....Southern Leyte","Green Corn (Maize, green), White",..,..,..,..,..,..,..,..,..,..,..,..,..
"....Southern Leyte","Green Corn (Maize, green), Yellow",..,..,..,..,..,..,..,..,..,..,..,..,..
"..REGION IX (ZAMBOANGA PENINSULA)","Palay [Paddy] Fancy, dry (conv. to 14% mc)",..,..,..,..,..,..,..,..,..,..,..,..,..
"..REGION IX (ZAMBOANGA PENINSULA)","Palay [Paddy] Other Variety, dry (conv. to 14% mc)",16.18,17.93,17.96,17.59,17.67,17.35,18.25,16.65,17.12,17.54,17.95,16.90,17.42
"..REGION IX (ZAMBOANGA PENINSULA)","Corngrain [Maize] White, matured",14.32,14.80,15.32,15.93,16.41,15.69,17.01,16.43,17.04,17.40,17.39,17.15,16.24
"..REGION IX (ZAMBOANGA PENINSULA)","Corngrain [Maize] Yellow, matured",12.65,14.89,14.45,15.61,17.57,14.44,16.53,15.52,15.19,14.56,14.02,15.16,15.05
"..REGION IX (ZAMBOANGA PENINSULA)","Green Corn (Maize, green), White",..,..,..,..,..,..,..,..,..,..,..,..,..
"..REGION IX (ZAMBOANGA PENINSULA)","Green Corn (Maize, green), Yellow",..,..,..,..,..,..,..,..,..,..,..,..,..
"....Zamboanga del Norte","Palay [Paddy] Fancy, dry (conv. to 14% mc)",..,..,..,..,..,..,..,..,..,..,..,..,..
"....Zamboanga del Norte","Palay [Paddy] Other Variety, dry (conv. to 14% mc)",15.11,19.64,18.02,16.48,15.50,15.59,18.38,16.17,16.32,16.83,17.46,16.91,16.87
"....Zamboanga del Norte","Corngrain [Maize] White, matured",14.46,15.80,15.71,16.84,17.17,16.51,17.77,17.73,18.64,20.71,20.09,20.51,17.66
"....Zamboanga del Norte","Corngrain [Maize] Yellow, matured",..,..,..,..,..,..,..,..,..,..,..,..,..
"....Zamboanga del Norte","Green Corn (Maize, green), White",..,..,..,..,..,..,..,..,..,..,..,..,..
"....Zamboanga del Norte","Green Corn (Maize, green), Yellow",..,..,..,..,..,..,..,..,..,..,..,..,..
"....Zamboanga del Sur","Palay [Paddy] Fancy, dry (conv. to 14% mc)",..,..,..,..,..,..,..,..,..,..,..,..,..
"....Zamboanga del Sur","Palay [Paddy] Other Variety, dry (conv. to 14% mc)",17.55,17.36,19.59,18.43,20.00,20.40,20.97,17.36,18.88,18.79,18.93,18.67,18.91
"....Zamboanga del Sur","Corngrain [Maize] White, matured",14.53,14.13,15.82,16.31,17.55,18.49,18.86,18.03,19.29,19.47,19.49,19.05,17.59
"....Zamboanga del Sur","Corngrain [Maize] Yellow, matured",..,..,..,..,..,..,..,..,..,..,..,..,..
"....Zamboanga del Sur","Green Corn (Maize, green), White",..,..,..,..,..,..,..,..,..,..,..,..,..
"....Zamboanga del Sur","Green Corn (Maize, green), Yellow",..,..,..,..,..,..,..,..,..,..,..,..,..
"....Zamboanga Sibugay","Palay [Paddy] Fancy, dry (conv. to 14% mc)",..,..,..,..,..,..,..,..,..,..,..,..,..
"....Zamboanga Sibugay","Palay [Paddy] Other Variety, dry (conv. to 14% mc)",17.29,18.99,18.75,20.20,19.33,18.05,18.34,17.36,17.34,17.72,18.89,16.56,18.24
"....Zamboanga Sibugay","Corngrain [Maize] White, matured",16.12,14.94,15.21,15.90,16.35,15.73,15.77,15.48,15.27,15.04,15.60,14.04,15.45
"....Zamboanga Sibugay","Corngrain [Maize] Yellow, matured",..,..,..,..,..,..,..,..,..,..,..,..,..
"....Zamboanga Sibugay","Green Corn (Maize, green), White",..,..,..,..,..,..,..,..,..,..,..,..,..
"....Zamboanga Sibugay","Green Corn (Maize, green), Yellow",..,..,..,..,..,..,..,..,..,..,..,..,..
"....Zamboanga City","Palay [Paddy] Fancy, dry (conv. to 14% mc)",..,..,..,..,..,..,..,..,..,..,..,..,..
"....Zamboanga City","Palay [Paddy] Other Variety, dry (conv. to 14% mc)",14.76,15.73,15.48,15.25,15.84,15.37,15.30,15.69,15.92,16.80,16.53,15.47,15.68
"....Zamboanga City","Corngrain [Maize] White, matured",12.15,14.32,14.53,14.66,14.58,12.01,15.65,14.47,14.96,14.39,14.36,15.00,14.26
"....Zamboanga City","Corngrain [Maize] Yellow, matured",12.65,14.89,14.45,15.61,17.57,14.44,16.53,15.52,15.19,14.56,14.02,15.16,15.05
"....Zamboanga City","Green Corn (Maize, green), White",..,..,..,..,..,..,..,..,..,..,..,..,..
"....Zamboanga City","Green Corn (Maize, green), Yellow",..,..,..,..,..,..,..,..,..,..,..,..,..
"..REGION X (NORTHERN MINDANAO)","Palay [Paddy] Fancy, dry (conv. to 14% mc)",..,..,..,..,..,..,..,..,..,..,..,..,..
"..REGION X (NORTHERN MINDANAO)","Palay [Paddy] Other Variety, dry (conv. to 14% mc)",17.14,18.00,19.53,18.12,17.72,17.73,18.20,18.44,18.76,18.24,18.08,18.04,18.17
"..REGION X (NORTHERN MINDANAO)","Corngrain [Maize] White, matured",14.43,14.76,15.81,16.95,17.19,18.16,18.78,18.33,18.32,18.76,20.47,18.24,17.52
"..REGION X (NORTHERN MINDANAO)","Corngrain [Maize] Yellow, matured",15.98,17.12,17.38,19.20,17.74,18.51,18.77,19.98,20.93,20.72,20.61,19.01,18.83
"..REGION X (NORTHERN MINDANAO)","Green Corn (Maize, green), White",..,..,..,..,..,..,..,..,..,..,..,..,..
"..REGION X (NORTHERN MINDANAO)","Green Corn (Maize, green), Yellow",..,..,..,..,..,..,..,..,..,..,..,..,..
"....Bukidnon","Palay [Paddy] Fancy, dry (conv. to 14% mc)",..,..,..,..,..,..,..,..,..,..,..,..,..
"....Bukidnon","Palay [Paddy] Other Variety, dry (conv. to 14% mc)",17.44,17.04,17.92,17.92,18.53,18.67,18.44,18.01,17.16,17.23,16.75,17.01,17.68
"....Bukidnon","Corngrain [Maize] White, matured",14.92,15.31,15.86,16.79,18.48,19.53,20.39,19.13,20.41,19.21,20.30,16.07,18.03
"....Bukidnon","Corngrain [Maize] Yellow, matured",16.77,17.66,17.23,17.19,18.42,19.18,20.67,20.35,20.71,19.38,19.80,16.34,18.64
"....Bukidnon","Green Corn (Maize, green), White",..,..,..,..,..,..,..,..,..,..,..,..,..
"....Bukidnon","Green Corn (Maize, green), Yellow",..,..,..,..,..,..,..,..,..,..,..,..,..
"....Camiguin","Palay [Paddy] Fancy, dry (conv. to 14% mc)",..,..,..,..,..,..,..,..,..,..,..,..,..
"....Camiguin","Palay [Paddy] Other Variety, dry (conv. to 14% mc)",..,..,22.92,..,..,..,..,..,..,..,..,..,22.92
"....Camiguin","Corngrain [Maize] White, matured",15.80,15.00,..,20.00,..,..,25.00,22.17,19.50,20.00,26.03,20.80,20.48
"....Camiguin","Corngrain [Maize] Yellow, matured",18.84,19.52,19.14,25.00,..,18.00,..,22.88,24.78,24.77,22.88,23.64,21.95
"....Camiguin","Green Corn (Maize, green), White",..,..,..,..,..,..,..,..,..,..,..,..,..
"....Camiguin","Green Corn (Maize, green), Yellow",..,..,..,..,..,..,..,..,..,..,..,..,..
"....Lanao del Norte","Palay [Paddy] Fancy, dry (conv. to 14% mc)",..,..,..,..,..,..,..,..,..,..,..,..,..
"....Lanao del Norte","Palay [Paddy] Other Variety, dry (conv. to 14% mc)",16.54,18.78,20.95,19.12,16.57,16.62,18.38,19.15,20.48,19.36,19.73,19.58,18.77
"....Lanao del Norte","Corngrain [Maize] White, matured",11.07,11.47,15.49,15.33,15.23,15.32,13.24,15.34,15.86,19.15,20.36,20.10,15.66
"....Lanao del Norte","Corngrain [Maize] Yellow, matured",12.20,13.71,17.17,18.15,17.08,17.25,15.48,17.97,17.31,17.67,18.74,18.25,16.75
"....Lanao del Norte","Green Corn (Maize, green), White",..,..,..,..,..,..,..,..,..,..,..,..,..
"....Lanao del Norte","Green Corn (Maize, green), Yellow",..,..,..,..,..,..,..,..,..,..,..,..,..
"....Misamis Occidental","Palay [Paddy] Fancy, dry (conv. to 14% mc)",..,..,..,..,..,..,..,..,..,..,..,..,..
"....Misamis Occidental","Palay [Paddy] Other Variety, dry (conv. to 14% mc)",17.57,18.99,18.57,18.12,18.23,17.74,18.10,18.49,18.81,18.28,17.55,17.41,18.16
"....Misamis Occidental","Corngrain [Maize] White, matured",15.55,15.81,15.50,17.22,18.33,18.79,18.09,16.33,16.44,15.69,15.77,15.25,16.56
"....Misamis Occidental","Corngrain [Maize] Yellow, matured",..,..,..,..,..,..,..,..,..,..,..,..,..
"....Misamis Occidental","Green Corn (Maize, green), White",..,..,..,..,..,..,..,..,..,..,..,..,..
"....Misamis Occidental","Green Corn (Maize, green), Yellow",..,..,..,..,..,..,..,..,..,..,..,..,..
"....Misamis Oriental","Palay [Paddy] Fancy, dry (conv. to 14% mc)",..,..,..,..,..,..,..,..,..,..,..,..,..
"....Misamis Oriental","Palay [Paddy] Other Variety, dry (conv. to 14% mc)",16.99,17.18,17.30,17.30,17.54,17.87,17.86,18.12,18.59,18.10,18.29,18.16,17.78
"....Misamis Oriental","Corngrain [Maize] White, matured",14.81,16.23,16.39,15.42,16.70,19.00,17.18,18.66,19.38,19.74,19.90,18.98,17.70
"....Misamis Oriental","Corngrain [Maize] Yellow, matured",16.09,17.60,15.99,16.45,17.72,19.59,20.17,18.70,20.93,21.06,21.03,17.82,18.60
"....Misamis Oriental","Green Corn (Maize, green), White",..,..,..,..,..,..,..,..,..,..,..,..,..
"....Misamis Oriental","Green Corn (Maize, green), Yellow",..,..,..,..,..,..,..,..,..,..,..,..,..
"..REGION XI (DAVAO REGION)","Palay [Paddy] Fancy, dry (conv. to 14% mc)",..,..,..,..,..,..,..,..,..,..,..,..,..
"..REGION XI (DAVAO REGION)","Palay [Paddy] Other Variety, dry (conv. to 14% mc)",15.68,16.40,17.10,17.27,17.41,17.01,17.35,17.70,17.09,17.12,17.12,16.96,17.02
"..REGION XI (DAVAO REGION)","Corngrain [Maize] White, matured",14.26,14.45,15.43,16.08,16.60,16.77,16.65,18.08,18.29,20.01,19.68,18.59,17.07
"..REGION XI (DAVAO REGION)","Corngrain [Maize] Yellow, matured",13.20,12.96,13.59,14.62,13.74,14.21,13.52,13.93,14.32,15.04,14.06,15.86,14.09
"..REGION XI (DAVAO REGION)","Green Corn (Maize, green), White",..,..,..,..,..,..,..,..,..,..,..,..,..
"..REGION XI (DAVAO REGION)","Green Corn (Maize, green), Yellow",..,..,..,..,..,..,..,..,..,..,..,..,..
"....Davao de Oro (Compostela Valley)","Palay [Paddy] Fancy, dry (conv. to 14% mc)",..,..,..,..,..,..,..,..,..,..,..,..,..
"....Davao de Oro (Compostela Valley)","Palay [Paddy] Other Variety, dry (conv. to 14% mc)",13.92,13.92,17.91,17.13,17.13,17.13,17.13,17.75,17.43,17.87,17.81,16.06,16.77
"....Davao de Oro (Compostela Valley)","Corngrain [Maize] White, matured",12.34,13.00,15.01,15.07,15.01,15.24,14.64,17.27,16.80,19.63,19.64,19.76,16.12
"....Davao de Oro (Compostela Valley)","Corngrain [Maize] Yellow, matured",..,..,..,..,..,..,..,..,..,..,..,..,..
"....Davao de Oro (Compostela Valley)","Green Corn (Maize, green), White",..,..,..,..,..,..,..,..,..,..,..,..,..
"....Davao de Oro (Compostela Valley)","Green Corn (Maize, green), Yellow",..,..,..,..,..,..,..,..,..,..,..,..,..
"....Davao del Norte","Palay [Paddy] Fancy, dry (conv. to 14% mc)",..,..,..,..,..,..,..,..,..,..,..,..,..
"....Davao del Norte","Palay [Paddy] Other Variety, dry (conv. to 14% mc)",16.82,17.13,17.84,17.45,15.88,15.01,17.15,17.56,17.06,16.84,16.90,16.10,16.81
"....Davao del Norte","Corngrain [Maize] White, matured",15.79,14.46,16.24,17.27,18.57,17.24,18.60,19.43,19.96,21.27,19.39,21.11,18.28
"....Davao del Norte","Corngrain [Maize] Yellow, matured",..,..,..,..,..,..,..,..,..,..,..,..,..
"....Davao del Norte","Green Corn (Maize, green), White",..,..,..,..,..,..,..,..,..,..,..,..,..
"....Davao del Norte","Green Corn (Maize, green), Yellow",..,..,..,..,..,..,..,..,..,..,..,..,..
"....Davao del Sur","Palay [Paddy] Fancy, dry (conv. to 14% mc)",..,..,..,..,..,..,..,..,..,..,..,..,..
"....Davao del Sur","Palay [Paddy] Other Variety, dry (conv. to 14% mc)",15.66,17.94,19.25,20.29,18.52,18.74,17.99,18.25,18.10,18.46,18.18,19.15,18.38
"....Davao del Sur","Corngrain [Maize] White, matured",17.47,16.40,16.93,16.70,17.24,19.36,18.99,18.38,21.01,23.12,20.75,17.75,18.68
"....Davao del Sur","Corngrain [Maize] Yellow, matured",..,..,..,..,..,..,..,..,..,..,..,..,..
"....Davao del Sur","Green Corn (Maize, green), White",..,..,..,..,..,..,..,..,..,..,..,..,..
"....Davao del Sur","Green Corn (Maize, green), Yellow",..,..,..,..,..,..,..,..,..,..,..,..,..
"....Davao Occidental","Palay [Paddy] Fancy, dry (conv. to 14% mc)",..,..,..,..,..,..,..,..,..,..,..,..,..
"....Davao Occidental","Palay [Paddy] Other Variety, dry (conv. to 14% mc)",..,..,..,..,..,..,..,..,..,..,..,..,..
"....Davao Occidental","Corngrain [Maize] White, matured",11.21,13.05,14.52,14.66,16.47,16.72,18.32,17.92,17.07,19.03,19.27,18.21,16.37
"....Davao Occidental","Corngrain [Maize] Yellow, matured",..,..,..,..,..,..,..,..,..,..,..,..,..
"....Davao Occidental","Green Corn (Maize, green), White",..,..,..,..,..,..,..,..,..,..,..,..,..
"....Davao Occidental","Green Corn (Maize, green), Yellow",..,..,..,..,..,..,..,..,..,..,..,..,..
"....Davao Oriental","Palay [Paddy] Fancy, dry (conv. to 14% mc)",..,..,..,..,..,..,..,..,..,..,..,..,..
"....Davao Oriental","Palay [Paddy] Other Variety, dry (conv. to 14% mc)",17.98,18.14,16.09,16.81,19.12,18.92,18.83,19.08,17.69,16.81,17.60,17.74,17.90
"....Davao Oriental","Corngrain [Maize] White, matured",14.31,15.30,15.05,15.82,16.02,15.08,12.84,18.86,17.97,18.88,18.96,16.85,16.33
"....Davao Oriental","Corngrain [Maize] Yellow, matured",..,..,..,..,..,..,..,..,..,..,..,..,..
"....Davao Oriental","Green Corn (Maize, green), White",..,..,..,..,..,..,..,..,..,..,..,..,..
"....Davao Oriental","Green Corn (Maize, green), Yellow",..,..,..,..,..,..,..,..,..,..,..,..,..
"....City of Davao","Palay [Paddy] Fancy, dry (conv. to 14% mc)",..,..,..,..,..,..,..,..,..,..,..,..,..
"....City of Davao","Palay [Paddy] Other Variety, dry (conv. to 14% mc)",14.01,14.89,14.40,14.67,16.40,15.25,15.64,15.88,15.17,15.61,15.12,15.73,15.23
"....City of Davao","Corngrain [Maize] White, matured",14.44,14.47,14.85,16.98,16.30,16.95,16.48,16.63,16.91,18.10,20.05,17.87,16.67
"....City of Davao","Corngrain [Maize] Yellow, matured",13.20,12.96,13.59,14.62,13.74,14.21,13.52,13.93,14.32,15.04,14.06,15.86,14.09
"....City of Davao","Green Corn (Maize, green), White",..,..,..,..,..,..,..,..,..,..,..,..,..
"....City of Davao","Green Corn (Maize, green), Yellow",..,..,..,..,..,..,..,..,..,..,..,..,..
"..REGION XII (SOCCSKSARGEN)","Palay [Paddy] Fancy, dry (conv. to 14% mc)",..,..,..,..,..,..,..,..,..,..,..,..,..
"..REGION XII (SOCCSKSARGEN)","Palay [Paddy] Other Variety, dry (conv. to 14% mc)",16.11,16.24,17.35,18.30,17.39,18.01,18.44,17.09,16.51,17.44,17.23,17.32,17.29
"..REGION XII (SOCCSKSARGEN)","Corngrain [Maize] White, matured",16.92,17.01,18.04,18.31,18.69,18.71,20.35,20.18,20.94,21.29,20.63,18.67,19.15
"..REGION XII (SOCCSKSARGEN)","Corngrain [Maize] Yellow, matured",15.46,16.08,16.77,18.26,18.25,18.73,20.14,19.38,20.55,20.30,19.89,17.88,18.47
"..REGION XII (SOCCSKSARGEN)","Green Corn (Maize, green), White",..,..,..,..,..,..,..,..,..,..,..,..,..
"..REGION XII (SOCCSKSARGEN)","Green Corn (Maize, green), Yellow",..,..,..,..,..,..,..,..,..,..,..,..,..
"....Cotabato (North Cotabato)","Palay [Paddy] Fancy, dry (conv. to 14% mc)",..,..,..,..,..,..,..,..,..,..,..,..,..
"....Cotabato (North Cotabato)","Palay [Paddy] Other Variety, dry (conv. to 14% mc)",16.03,16.58,17.31,16.83,17.09,17.76,17.74,16.14,16.67,16.79,17.01,16.04,16.83
"....Cotabato (North Cotabato)","Corngrain [Maize] White, matured",17.37,16.37,17.96,18.29,18.92,18.04,21.48,20.82,22.30,20.71,20.05,19.50,19.32
"....Cotabato (North Cotabato)","Corngrain [Maize] Yellow, matured",16.35,17.80,16.78,18.84,19.58,20.32,21.05,20.75,21.47,20.52,20.28,19.34,19.42
"....Cotabato (North Cotabato)","Green Corn (Maize, green), White",..,..,..,..,..,..,..,..,..,..,..,..,..
"....Cotabato (North Cotabato)","Green Corn (Maize, green), Yellow",..,..,..,..,..,..,..,..,..,..,..,..,..
"....Sarangani","Palay [Paddy] Fancy, dry (conv. to 14% mc)",..,..,..,..,..,..,..,..,..,..,..,..,..
"....Sarangani","Palay [Paddy] Other Variety, dry (conv. to 14% mc)",14.70,14.88,16.51,18.35,16.49,16.65,17.27,18.01,15.54,16.87,16.67,16.68,16.55
"....Sarangani","Corngrain [Maize] White, matured",15.68,15.12,17.56,18.49,18.54,18.73,20.22,19.78,20.41,22.90,21.82,17.60,18.90
"....Sarangani","Corngrain [Maize] Yellow, matured",14.91,14.81,15.20,16.72,16.01,18.10,19.70,18.93,19.98,20.46,19.80,16.11,17.56
"....Sarangani","Green Corn (Maize, green), White",..,..,..,..,..,..,..,..,..,..,..,..,..
"....Sarangani","Green Corn (Maize, green), Yellow",..,..,..,..,..,..,..,..,..,..,..,..,..
"....South Cotabato","Palay [Paddy] Fancy, dry (conv. to 14% mc)",..,..,..,..,..,..,..,..,..,..,..,..,..
"....South Cotabato","Palay [Paddy] Other Variety, dry (conv. to 14% mc)",18.50,17.83,18.69,20.01,18.40,19.28,20.25,18.57,17.64,20.04,18.81,19.95,19.00
"....South Cotabato","Corngrain [Maize] White, matured",16.19,16.57,18.90,18.71,19.21,19.72,19.71,19.10,21.49,23.04,21.51,18.53,19.39
"....South Cotabato","Corngrain [Maize] Yellow, matured",15.28,16.11,18.30,19.14,19.26,18.88,20.21,18.38,20.73,21.90,20.40,17.72,18.86
"....South Cotabato","Green Corn (Maize, green), White",..,..,..,..,..,..,..,..,..,..,..,..,..
"....South Cotabato","Green Corn (Maize, green), Yellow",..,..,..,..,..,..,..,..,..,..,..,..,..
"....Sultan Kudarat","Palay [Paddy] Fancy, dry (conv. to 14% mc)",..,..,..,..,..,..,..,..,..,..,..,..,..
"....Sultan Kudarat","Palay [Paddy] Other Variety, dry (conv. to 14% mc)",15.20,15.66,16.89,18.02,17.59,18.36,18.50,15.64,16.18,16.07,16.44,16.61,16.76
"....Sultan Kudarat","Corngrain [Maize] White, matured",18.44,19.98,17.73,17.74,18.10,18.34,20.00,21.02,19.54,18.49,19.15,19.04,18.96
"....Sultan Kudarat","Corngrain [Maize] Yellow, matured",15.31,15.60,16.79,18.32,18.16,17.60,19.58,19.44,20.02,18.32,19.06,18.34,18.05
"....Sultan Kudarat","Green Corn (Maize, green), White",..,..,..,..,..,..,..,..,..,..,..,..,..
"....Sultan Kudarat","Green Corn (Maize, green), Yellow",..,..,..,..,..,..,..,..,..,..,..,..,..
"..REGION XIII (Caraga)","Palay [Paddy] Fancy, dry (conv. to 14% mc)",..,..,..,..,..,..,..,..,..,..,..,..,..
"..REGION XIII (Caraga)","Palay [Paddy] Other Variety, dry (conv. to 14% mc)",14.70,15.49,15.77,15.72,15.95,15.36,15.46,15.95,15.67,15.83,15.64,15.42,15.58
"..REGION XIII (Caraga)","Corngrain [Maize] White, matured",15.26,14.88,14.61,15.19,14.07,15.42,16.46,16.96,16.18,16.11,16.56,16.38,15.67
"..REGION XIII (Caraga)","Corngrain [Maize] Yellow, matured",15.31,14.83,14.44,16.05,15.35,15.91,16.00,17.37,16.84,17.82,16.10,15.73,15.98
"..REGION XIII (Caraga)","Green Corn (Maize, green), White",10.62,13.88,17.93,18.27,16.07,19.07,32.30,32.49,30.99,25.95,30.65,21.42,22.47
"..REGION XIII (Caraga)","Green Corn (Maize, green), Yellow",14.69,13.08,19.24,18.35,17.62,18.93,23.71,23.35,23.80,21.61,21.23,21.54,19.76
"....Agusan del Norte","Palay [Paddy] Fancy, dry (conv. to 14% mc)",..,..,..,..,..,..,..,..,..,..,..,..,..
"....Agusan del Norte","Palay [Paddy] Other Variety, dry (conv. to 14% mc)",15.56,15.88,16.09,16.84,16.30,17.23,16.92,15.99,17.27,16.94,16.41,17.35,16.57
"....Agusan del Norte","Corngrain [Maize] White, matured",15.79,14.50,13.57,15.80,15.15,14.73,14.32,14.37,15.34,15.00,15.81,15.45,14.99
"....Agusan del Norte","Corngrain [Maize] Yellow, matured",14.88,14.09,12.81,15.66,14.99,15.21,14.49,15.41,14.03,19.88,14.03,14.85,15.03
"....Agusan del Norte","Green Corn (Maize, green), White",..,..,..,..,..,..,..,..,..,..,..,..,..
"....Agusan del Norte","Green Corn (Maize, green), Yellow",..,..,..,..,..,..,..,..,..,..,..,..,..
"....Agusan del Sur","Palay [Paddy] Fancy, dry (conv. to 14% mc)",..,..,..,..,..,..,..,..,..,..,..,..,..
"....Agusan del Sur","Palay [Paddy] Other Variety, dry (conv. to 14% mc)",13.84,15.09,15.85,15.93,15.98,14.69,15.55,14.87,15.11,16.08,15.41,14.91,15.28
"....Agusan del Sur","Corngrain [Maize] White, matured",14.72,15.25,15.64,14.58,12.99,16.11,21.49,20.90,20.80,20.35,21.28,21.60,17.98
"....Agusan del Sur","Corngrain [Maize] Yellow, matured",15.74,15.57,16.07,16.43,15.70,16.60,19.76,21.70,24.06,20.11,21.26,19.23,18.52
"....Agusan del Sur","Green Corn (Maize, green), White",10.62,13.88,17.93,18.27,17.14,19.07,24.82,24.06,24.13,21.54,21.30,21.42,19.52
"....Agusan del Sur","Green Corn (Maize, green), Yellow",14.69,13.08,19.24,18.35,17.62,18.93,23.71,23.35,23.80,21.61,21.23,21.54,19.76
"....Dinagat Islands","Palay [Paddy] Fancy, dry (conv. to 14% mc)",..,..,..,..,..,..,..,..,..,..,..,..,..
"....Dinagat Islands","Palay [Paddy] Other Variety, dry (conv. to 14% mc)",..,..,..,..,..,..,..,..,..,..,..,..,..
"....Dinagat Islands","Corngrain [Maize] White, matured",..,..,..,..,..,..,..,..,..,..,..,..,..
"....Dinagat Islands","Corngrain [Maize] Yellow, matured",..,..,..,..,..,..,..,..,..,..,..,..,..
"....Dinagat Islands","Green Corn (Maize, green), White",..,..,..,..,..,..,..,..,..,..,..,..,..
"....Dinagat Islands","Green Corn (Maize, green), Yellow",..,..,..,..,..,..,..,..,..,..,..,..,..
"....Surigao del Norte","Palay [Paddy] Fancy, dry (conv. to 14% mc)",..,..,..,..,..,..,..,..,..,..,..,..,..
"....Surigao del Norte","Palay [Paddy] Other Variety, dry (conv. to 14% mc)",..,..,15.75,13.76,14.60,13.46,15.81,17.00,15.00,14.35,16.28,..,15.11
"....Surigao del Norte","Corngrain [Maize] White, matured",..,..,..,..,..,..,..,..,..,..,..,..,..
"....Surigao del Norte","Corngrain [Maize] Yellow, matured",..,..,..,..,..,..,..,..,..,..,..,..,..
"....Surigao del Norte","Green Corn (Maize, green), White",..,..,..,..,15.00,..,39.78,40.91,37.84,30.36,40.00,..,33.98
"....Surigao del Norte","Green Corn (Maize, green), Yellow",..,..,..,..,..,..,..,..,..,..,..,..,..
"....Surigao del Sur","Palay [Paddy] Fancy, dry (conv. to 14% mc)",..,..,..,..,..,..,..,..,..,..,..,..,..
"....Surigao del Sur","Palay [Paddy] Other Variety, dry (conv. to 14% mc)",..,..,15.38,16.34,16.91,16.05,13.55,..,15.30,15.95,14.47,14.00,15.33
"....Surigao del Sur","Corngrain [Maize] White, matured",..,..,..,..,..,..,13.57,15.60,12.41,12.99,12.59,12.08,13.21
"....Surigao del Sur","Corngrain [Maize] Yellow, matured",..,..,..,..,..,..,13.74,15.00,12.43,13.47,13.00,13.11,13.46
"....Surigao del Sur","Green Corn (Maize, green), White",..,..,..,..,..,..,..,..,..,..,..,..,..
"....Surigao del Sur","Green Corn (Maize, green), Yellow",..,..,..,..,..,..,..,..,..,..,..,..,..
"..AUTONOMOUS REGION IN MUSLIM MINDANAO (ARMM)","Palay [Paddy] Fancy, dry (conv. to 14% mc)",..,..,..,..,..,..,..,..,..,..,..,..,..
"..AUTONOMOUS REGION IN MUSLIM MINDANAO (ARMM)","Palay [Paddy] Other Variety, dry (conv. to 14% mc)",18.27,20.88,17.09,16.96,17.00,17.04,17.08,17.10,16.99,18.72,18.77,19.97,17.99
"..AUTONOMOUS REGION IN MUSLIM MINDANAO (ARMM)","Corngrain [Maize] White, matured",20.04,19.50,24.22,24.42,24.51,19.08,19.12,24.80,19.23,19.81,19.88,12.19,20.57
"..AUTONOMOUS REGION IN MUSLIM MINDANAO (ARMM)","Corngrain [Maize] Yellow, matured",13.42,13.47,13.65,14.14,14.18,14.34,14.37,14.39,14.69,17.05,17.27,18.25,14.94
"..AUTONOMOUS REGION IN MUSLIM MINDANAO (ARMM)","Green Corn (Maize, green), White",..,..,..,..,..,..,..,..,..,..,..,..,..
"..AUTONOMOUS REGION IN MUSLIM MINDANAO (ARMM)","Green Corn (Maize, green), Yellow",..,..,..,..,..,..,..,..,..,..,..,..,..
"....Basilan","Palay [Paddy] Fancy, dry (conv. to 14% mc)",..,..,..,..,..,..,..,..,..,..,..,..,..
"....Basilan","Palay [Paddy] Other Variety, dry (conv. to 14% mc)",..,..,..,..,..,..,..,..,..,..,..,..,..
"....Basilan","Corngrain [Maize] White, matured",..,..,..,..,..,..,..,..,..,..,..,..,..
"....Basilan","Corngrain [Maize] Yellow, matured",..,..,..,..,..,..,..,..,..,..,..,..,..
"....Basilan","Green Corn (Maize, green), White",..,..,..,..,..,..,..,..,..,..,..,..,..
"....Basilan","Green Corn (Maize, green), Yellow",..,..,..,..,..,..,..,..,..,..,..,..,..
"....Lanao del Sur","Palay [Paddy] Fancy, dry (conv. to 14% mc)",..,..,..,..,..,..,..,..,..,..,..,..,..
"....Lanao del Sur","Palay [Paddy] Other Variety, dry (conv. to 14% mc)",19.82,24.96,..,..,..,..,..,..,..,19.27,19.14,19.28,20.49
"....Lanao del Sur","Corngrain [Maize] White, matured",12.19,10.41,..,..,..,8.00,8.00,..,8.03,8.08,7.85,7.90,8.81
"....Lanao del Sur","Corngrain [Maize] Yellow, matured",..,..,..,..,..,..,..,..,..,..,..,..,..
"....Lanao del Sur","Green Corn (Maize, green), White",..,..,..,..,..,..,..,..,..,..,..,..,..
"....Lanao del Sur","Green Corn (Maize, green), Yellow",..,..,..,..,..,..,..,..,..,..,..,..,..
"....Maguindanao","Palay [Paddy] Fancy, dry (conv. to 14% mc)",..,..,..,..,..,..,..,..,..,..,..,..,..
"....Maguindanao","Palay [Paddy] Other Variety, dry (conv. to 14% mc)",16.72,16.79,17.09,16.96,17.00,17.04,17.08,17.10,16.99,18.17,18.39,20.66,17.50
"....Maguindanao","Corngrain [Maize] White, matured",13.36,13.42,13.70,13.96,14.08,14.15,14.19,14.23,14.22,15.68,15.94,16.48,14.45
"....Maguindanao","Corngrain [Maize] Yellow, matured",13.42,13.47,13.65,14.14,14.18,14.34,14.37,14.39,14.69,17.05,17.27,18.25,14.94
"....Maguindanao","Green Corn (Maize, green), White",..,..,..,..,..,..,..,..,..,..,..,..,..
"....Maguindanao","Green Corn (Maize, green), Yellow",..,..,..,..,..,..,..,..,..,..,..,..,..
"....Sulu","Palay [Paddy] Fancy, dry (conv. to 14% mc)",..,..,..,..,..,..,..,..,..,..,..,..,..
"....Sulu","Palay [Paddy] Other Variety, dry (conv. to 14% mc)",..,..,..,..,..,..,..,..,..,..,..,..,..
"....Sulu","Corngrain [Maize] White, matured",..,..,..,..,..,..,..,..,..,..,..,..,..
"....Sulu","Corngrain [Maize] Yellow, matured",..,..,..,..,..,..,..,..,..,..,..,..,..
"....Sulu","Green Corn (Maize, green), White",..,..,..,..,..,..,..,..,..,..,..,..,..
"....Sulu","Green Corn (Maize, green), Yellow",..,..,..,..,..,..,..,..,..,..,..,..,..
"....Tawi-tawi","Palay [Paddy] Fancy, dry (conv. to 14% mc)",..,..,..,..,..,..,..,..,..,..,..,..,..
"....Tawi-tawi","Palay [Paddy] Other Variety, dry (conv. to 14% mc)",..,..,..,..,..,..,..,..,..,..,..,..,..
"....Tawi-tawi","Corngrain [Maize] White, matured",34.57,34.66,34.74,34.87,34.94,35.09,35.17,35.36,35.45,35.67,35.85,..,35.12
"....Tawi-tawi","Corngrain [Maize] Yellow, matured",..,..,..,..,..,..,..,..,..,..,..,..,..
"....Tawi-tawi","Green Corn (Maize, green), White",..,..,..,..,..,..,..,..,..,..,..,..,..
"....Tawi-tawi","Green Corn (Maize, green), Yellow",..,..,..,..,..,..,..,..,..,..,..,..,..
