"Geolocation","Commodity","2013 January","2013 February","2013 March","2013 April","2013 May","2013 June","2013 July","2013 August","2013 September","2013 October","2013 November","2013 December","2013 Annual"
"PHILIPPINES","Rice Special",39.08,39.03,39.03,39.16,39.25,39.55,39.83,40.95,42.27,41.96,42.58,42.31,40.87
"PHILIPPINES","Rice Premium",36.28,36.36,36.48,36.44,36.41,36.67,37.67,38.94,40.11,39.45,39.67,40.07,37.95
"PHILIPPINES","Well Milled Rice (WMR)",32.77,32.78,32.79,32.72,32.80,33.18,34.51,36.01,37.02,36.22,36.37,36.78,34.50
"PHILIPPINES","Regular Milled Rice (RMR)",29.81,29.75,29.70,29.72,29.82,30.34,31.56,32.90,34.00,33.42,33.67,34.12,31.54
"PHILIPPINES","Corngrain Yellow",15.96,15.76,15.51,15.75,16.01,15.89,15.96,15.94,17.08,16.03,16.18,16.10,17.64
"PHILIPPINES","Corngrain White",16.05,15.41,16.34,15.89,15.69,15.52,14.91,14.60,14.68,15.00,15.53,15.81,16.36
"PHILIPPINES","Corngrits Yellow",22.29,22.19,22.16,21.95,22.22,21.87,21.69,21.37,21.19,21.16,22.01,21.79,22.14
"PHILIPPINES","Corngrits White",26.01,25.96,26.43,26.71,26.48,26.36,25.61,24.45,24.42,24.54,25.97,26.88,26.01
"..NATIONAL CAPITAL REGION (NCR)","Rice Special",36.00,36.00,36.00,36.00,36.00,36.00,36.70,38.80,40.00,40.00,41.44,42.40,37.95
"..NATIONAL CAPITAL REGION (NCR)","Rice Premium",33.00,33.00,32.20,32.00,32.00,32.16,33.75,35.52,38.00,37.60,37.84,38.00,34.59
"..NATIONAL CAPITAL REGION (NCR)","Well Milled Rice (WMR)",30.40,30.40,30.08,30.00,30.75,31.00,32.50,33.76,35.60,35.60,36.44,37.00,32.79
"..NATIONAL CAPITAL REGION (NCR)","Regular Milled Rice (RMR)",28.40,28.40,28.08,28.00,28.30,28.64,30.00,30.60,32.60,32.60,33.88,34.20,30.31
"..NATIONAL CAPITAL REGION (NCR)","Corngrain Yellow",..,..,..,..,..,..,..,..,..,..,..,..,..
"..NATIONAL CAPITAL REGION (NCR)","Corngrain White",..,..,..,..,..,..,..,..,..,..,..,..,..
"..NATIONAL CAPITAL REGION (NCR)","Corngrits Yellow",..,..,..,..,..,..,..,..,..,..,..,..,..
"..NATIONAL CAPITAL REGION (NCR)","Corngrits White",..,..,..,..,..,..,..,..,..,..,..,..,..
"..CORDILLERA ADMINISTRATIVE REGION (CAR)","Rice Special",38.25,38.88,39.50,40.00,40.50,40.50,41.50,43.70,46.00,46.00,46.00,46.00,41.03
"..CORDILLERA ADMINISTRATIVE REGION (CAR)","Rice Premium",35.00,35.00,35.00,35.00,35.00,35.00,35.00,36.80,..,..,..,..,35.23
"..CORDILLERA ADMINISTRATIVE REGION (CAR)","Well Milled Rice (WMR)",32.50,32.50,32.50,32.50,32.50,32.50,32.50,33.90,37.00,37.00,37.00,37.00,33.31
"..CORDILLERA ADMINISTRATIVE REGION (CAR)","Regular Milled Rice (RMR)",29.50,29.50,29.50,29.50,29.50,29.50,29.63,30.90,35.00,35.00,34.80,34.00,30.28
"..CORDILLERA ADMINISTRATIVE REGION (CAR)","Corngrain Yellow",..,..,..,..,..,..,..,..,..,..,..,..,..
"..CORDILLERA ADMINISTRATIVE REGION (CAR)","Corngrain White",..,..,..,..,..,..,..,..,..,..,..,..,..
"..CORDILLERA ADMINISTRATIVE REGION (CAR)","Corngrits Yellow",..,..,..,..,..,..,..,..,..,..,..,..,..
"..CORDILLERA ADMINISTRATIVE REGION (CAR)","Corngrits White",..,..,..,..,..,..,..,..,..,..,..,..,..
"....Abra","Rice Special",..,..,..,..,..,..,..,..,..,..,..,..,..
"....Abra","Rice Premium",..,..,..,..,..,..,..,..,..,..,..,..,..
"....Abra","Well Milled Rice (WMR)",..,..,..,..,..,..,..,..,..,..,..,..,..
"....Abra","Regular Milled Rice (RMR)",..,..,..,..,..,..,..,..,..,..,..,..,..
"....Abra","Corngrain Yellow",..,..,..,..,..,..,..,..,..,..,..,..,..
"....Abra","Corngrain White",..,..,..,..,..,..,..,..,..,..,..,..,..
"....Abra","Corngrits Yellow",..,..,..,..,..,..,..,..,..,..,..,..,..
"....Abra","Corngrits White",..,..,..,..,..,..,..,..,..,..,..,..,..
"....Apayao","Rice Special",..,..,..,..,..,..,..,..,..,..,..,..,..
"....Apayao","Rice Premium",..,..,..,..,..,..,..,..,..,..,..,..,..
"....Apayao","Well Milled Rice (WMR)",..,..,..,..,..,..,..,..,..,..,..,..,..
"....Apayao","Regular Milled Rice (RMR)",..,..,..,..,..,..,..,..,..,..,..,..,..
"....Apayao","Corngrain Yellow",..,..,..,..,..,..,..,..,..,..,..,..,..
"....Apayao","Corngrain White",..,..,..,..,..,..,..,..,..,..,..,..,..
"....Apayao","Corngrits Yellow",..,..,..,..,..,..,..,..,..,..,..,..,..
"....Apayao","Corngrits White",..,..,..,..,..,..,..,..,..,..,..,..,..
"....Benguet","Rice Special",38.00,38.00,38.00,38.00,38.00,38.00,39.00,43.00,..,..,..,..,38.75
"....Benguet","Rice Premium",35.00,35.00,35.00,35.00,35.00,35.00,35.00,36.80,..,..,..,..,35.23
"....Benguet","Well Milled Rice (WMR)",32.00,32.00,32.00,32.00,32.00,32.00,32.00,33.20,..,..,..,..,32.15
"....Benguet","Regular Milled Rice (RMR)",28.00,28.00,28.00,28.00,28.00,28.00,28.25,29.20,..,..,..,..,28.18
"....Benguet","Corngrain Yellow",..,..,..,..,..,..,..,..,..,..,..,..,..
"....Benguet","Corngrain White",..,..,..,..,..,..,..,..,..,..,..,..,..
"....Benguet","Corngrits Yellow",..,..,..,..,..,..,..,..,..,..,..,..,..
"....Benguet","Corngrits White",..,..,..,..,..,..,..,..,..,..,..,..,..
"....Ifugao","Rice Special",..,..,..,..,..,..,..,..,..,..,..,..,..
"....Ifugao","Rice Premium",..,..,..,..,..,..,..,..,..,..,..,..,..
"....Ifugao","Well Milled Rice (WMR)",..,..,..,..,..,..,..,..,..,..,..,..,..
"....Ifugao","Regular Milled Rice (RMR)",..,..,..,..,..,..,..,..,..,..,..,..,..
"....Ifugao","Corngrain Yellow",..,..,..,..,..,..,..,..,..,..,..,..,..
"....Ifugao","Corngrain White",..,..,..,..,..,..,..,..,..,..,..,..,..
"....Ifugao","Corngrits Yellow",..,..,..,..,..,..,..,..,..,..,..,..,..
"....Ifugao","Corngrits White",..,..,..,..,..,..,..,..,..,..,..,..,..
"....Kalinga","Rice Special",38.50,39.75,41.00,42.00,43.00,43.00,44.00,44.40,46.00,46.00,46.00,46.00,43.30
"....Kalinga","Rice Premium",..,..,..,..,..,..,..,..,..,..,..,..,..
"....Kalinga","Well Milled Rice (WMR)",33.00,33.00,33.00,33.00,33.00,33.00,33.00,34.60,37.00,37.00,37.00,37.00,34.47
"....Kalinga","Regular Milled Rice (RMR)",31.00,31.00,31.00,31.00,31.00,31.00,31.00,32.60,35.00,35.00,34.80,34.00,32.37
"....Kalinga","Corngrain Yellow",..,..,..,..,..,..,..,..,..,..,..,..,..
"....Kalinga","Corngrain White",..,..,..,..,..,..,..,..,..,..,..,..,..
"....Kalinga","Corngrits Yellow",..,..,..,..,..,..,..,..,..,..,..,..,..
"....Kalinga","Corngrits White",..,..,..,..,..,..,..,..,..,..,..,..,..
"....Mountain Province","Rice Special",..,..,..,..,..,..,..,..,..,..,..,..,..
"....Mountain Province","Rice Premium",..,..,..,..,..,..,..,..,..,..,..,..,..
"....Mountain Province","Well Milled Rice (WMR)",..,..,..,..,..,..,..,..,..,..,..,..,..
"....Mountain Province","Regular Milled Rice (RMR)",..,..,..,..,..,..,..,..,..,..,..,..,..
"....Mountain Province","Corngrain Yellow",..,..,..,..,..,..,..,..,..,..,..,..,..
"....Mountain Province","Corngrain White",..,..,..,..,..,..,..,..,..,..,..,..,..
"....Mountain Province","Corngrits Yellow",..,..,..,..,..,..,..,..,..,..,..,..,..
"....Mountain Province","Corngrits White",..,..,..,..,..,..,..,..,..,..,..,..,..
"..REGION I (ILOCOS REGION)","Rice Special",..,..,..,..,..,..,..,..,..,..,..,..,..
"..REGION I (ILOCOS REGION)","Rice Premium",40.00,40.00,40.00,40.00,40.00,40.00,40.00,40.00,40.00,40.00,40.00,40.00,40.00
"..REGION I (ILOCOS REGION)","Well Milled Rice (WMR)",32.25,32.25,32.25,32.25,32.25,32.10,32.38,33.25,35.19,34.75,34.20,34.25,33.11
"..REGION I (ILOCOS REGION)","Regular Milled Rice (RMR)",30.67,30.50,30.33,30.33,30.33,30.33,30.58,31.27,32.42,31.83,31.47,31.67,30.98
"..REGION I (ILOCOS REGION)","Corngrain Yellow",..,..,..,..,..,..,..,..,..,..,..,..,..
"..REGION I (ILOCOS REGION)","Corngrain White",..,..,..,..,..,..,..,..,..,..,..,..,..
"..REGION I (ILOCOS REGION)","Corngrits Yellow",23.00,23.00,22.50,22.50,22.00,21.50,21.50,21.70,22.00,23.00,23.00,23.00,21.81
"..REGION I (ILOCOS REGION)","Corngrits White",..,..,..,..,..,..,..,..,..,..,..,..,..
"....Ilocos Norte","Rice Special",..,..,..,..,..,..,..,..,..,..,..,..,..
"....Ilocos Norte","Rice Premium",..,..,..,..,..,..,..,..,..,..,..,..,..
"....Ilocos Norte","Well Milled Rice (WMR)",30.00,30.00,30.00,30.00,30.00,30.00,30.00,31.40,35.00,34.50,34.00,34.00,31.58
"....Ilocos Norte","Regular Milled Rice (RMR)",..,..,..,..,..,..,..,..,..,..,..,..,..
"....Ilocos Norte","Corngrain Yellow",..,..,..,..,..,..,..,..,..,..,..,..,..
"....Ilocos Norte","Corngrain White",..,..,..,..,..,..,..,..,..,..,..,..,..
"....Ilocos Norte","Corngrits Yellow",..,..,..,..,..,..,..,..,..,..,..,..,..
"....Ilocos Norte","Corngrits White",..,..,..,..,..,..,..,..,..,..,..,..,..
"....Ilocos Sur","Rice Special",..,..,..,..,..,..,..,..,..,..,..,..,..
"....Ilocos Sur","Rice Premium",..,..,..,..,..,..,..,..,..,..,..,..,..
"....Ilocos Sur","Well Milled Rice (WMR)",33.00,33.00,33.00,33.00,33.00,33.00,33.00,33.00,34.00,34.00,34.00,34.00,33.33
"....Ilocos Sur","Regular Milled Rice (RMR)",30.00,30.00,30.00,30.00,30.00,30.00,30.00,30.00,31.00,31.00,31.00,31.00,30.33
"....Ilocos Sur","Corngrain Yellow",..,..,..,..,..,..,..,..,..,..,..,..,..
"....Ilocos Sur","Corngrain White",..,..,..,..,..,..,..,..,..,..,..,..,..
"....Ilocos Sur","Corngrits Yellow",..,..,..,..,..,..,..,..,..,..,..,..,..
"....Ilocos Sur","Corngrits White",..,..,..,..,..,..,..,..,..,..,..,..,..
"....La Union","Rice Special",..,..,..,..,..,..,..,..,..,..,..,..,..
"....La Union","Rice Premium",..,..,..,..,..,..,..,..,..,..,..,..,..
"....La Union","Well Milled Rice (WMR)",34.00,34.00,34.00,34.00,34.00,33.40,33.75,34.60,36.75,36.25,34.80,34.00,34.46
"....La Union","Regular Milled Rice (RMR)",32.00,31.50,31.00,31.00,31.00,31.00,31.00,31.00,33.25,32.25,31.40,31.00,31.45
"....La Union","Corngrain Yellow",..,..,..,..,..,..,..,..,..,..,..,..,..
"....La Union","Corngrain White",..,..,..,..,..,..,..,..,..,..,..,..,..
"....La Union","Corngrits Yellow",23.00,23.00,22.50,22.50,22.00,22.00,22.00,22.40,23.00,23.00,23.00,23.00,22.62
"....La Union","Corngrits White",..,..,..,..,..,..,..,..,..,..,..,..,..
"....Pangasinan","Rice Special",..,..,..,..,..,..,..,..,..,..,..,..,..
"....Pangasinan","Rice Premium",40.00,40.00,40.00,40.00,40.00,40.00,40.00,40.00,40.00,40.00,40.00,40.00,40.00
"....Pangasinan","Well Milled Rice (WMR)",32.00,32.00,32.00,32.00,32.00,32.00,32.75,34.00,35.00,34.25,34.00,35.00,33.08
"....Pangasinan","Regular Milled Rice (RMR)",30.00,30.00,30.00,30.00,30.00,30.00,30.75,32.80,33.00,32.25,32.00,33.00,31.15
"....Pangasinan","Corngrain Yellow",..,..,..,..,..,..,..,..,..,..,..,..,..
"....Pangasinan","Corngrain White",..,..,..,..,..,..,..,..,..,..,..,..,..
"....Pangasinan","Corngrits Yellow",..,..,..,..,..,21.00,21.00,21.00,21.00,..,..,..,21.00
"....Pangasinan","Corngrits White",..,..,..,..,..,..,..,..,..,..,..,..,..
"..REGION II (CAGAYAN VALLEY)","Rice Special",37.50,37.50,37.50,37.69,37.75,37.85,38.32,39.55,40.32,39.42,39.40,39.50,38.52
"..REGION II (CAGAYAN VALLEY)","Rice Premium",34.50,34.50,34.50,34.69,34.75,34.85,35.32,36.65,37.50,38.22,37.40,36.33,36.40
"..REGION II (CAGAYAN VALLEY)","Well Milled Rice (WMR)",30.20,30.20,30.20,30.33,30.37,30.43,32.18,33.97,35.50,35.03,35.90,36.17,32.93
"..REGION II (CAGAYAN VALLEY)","Regular Milled Rice (RMR)",27.33,27.25,27.17,27.29,27.33,27.60,29.54,31.66,33.63,32.92,33.73,33.96,30.48
"..REGION II (CAGAYAN VALLEY)","Corngrain Yellow",13.23,11.80,11.86,11.85,12.00,12.00,12.00,12.48,12.80,12.90,12.78,12.00,12.31
"..REGION II (CAGAYAN VALLEY)","Corngrain White",..,..,..,..,..,..,..,..,..,..,..,..,..
"..REGION II (CAGAYAN VALLEY)","Corngrits Yellow",20.00,19.75,19.50,19.13,19.00,18.60,18.94,19.25,19.50,20.00,19.20,19.00,19.32
"..REGION II (CAGAYAN VALLEY)","Corngrits White",..,..,..,..,..,..,..,..,..,..,..,..,..
"....Cagayan","Rice Special",38.00,38.00,38.00,38.38,38.50,38.70,39.63,41.50,42.63,40.83,40.80,41.00,39.66
"....Cagayan","Rice Premium",34.00,34.00,34.00,34.38,34.50,34.70,35.63,37.10,38.00,37.67,37.80,38.00,35.82
"....Cagayan","Well Milled Rice (WMR)",31.00,31.00,31.00,31.38,31.50,31.70,32.63,34.70,36.50,35.88,36.60,37.00,33.41
"....Cagayan","Regular Milled Rice (RMR)",29.00,28.75,28.50,28.88,29.00,29.60,31.13,33.40,35.38,34.67,35.10,35.38,31.57
"....Cagayan","Corngrain Yellow",..,..,..,..,..,..,..,..,..,..,..,..,..
"....Cagayan","Corngrain White",..,..,..,..,..,..,..,..,..,..,..,..,..
"....Cagayan","Corngrits Yellow",21.00,20.50,20.00,19.25,19.00,18.20,18.88,19.50,20.00,20.00,19.40,19.00,19.56
"....Cagayan","Corngrits White",..,..,..,..,..,..,..,..,..,..,..,..,..
"....Isabela","Rice Special",..,..,..,..,..,..,..,..,..,..,..,..,..
"....Isabela","Rice Premium",..,..,..,..,..,..,..,..,..,..,..,34.00,34.00
"....Isabela","Well Milled Rice (WMR)",31.60,31.60,31.60,31.60,31.60,31.60,31.90,32.60,35.00,35.00,36.10,36.50,33.06
"....Isabela","Regular Milled Rice (RMR)",27.00,27.00,27.00,27.00,27.00,27.20,28.23,29.38,32.50,32.25,33.10,33.50,29.26
"....Isabela","Corngrain Yellow",13.23,11.80,11.86,11.85,12.00,12.00,12.00,12.48,12.80,12.90,12.78,12.00,12.31
"....Isabela","Corngrain White",..,..,..,..,..,..,..,..,..,..,..,..,..
"....Isabela","Corngrits Yellow",..,..,..,..,..,..,..,..,..,..,..,..,..
"....Isabela","Corngrits White",..,..,..,..,..,..,..,..,..,..,..,..,..
"....Nueva Vizcaya","Rice Special",37.00,37.00,37.00,37.00,37.00,37.00,37.00,37.60,38.00,38.00,38.00,38.00,37.38
"....Nueva Vizcaya","Rice Premium",35.00,35.00,35.00,35.00,35.00,35.00,35.00,36.20,37.00,37.00,37.00,37.00,35.77
"....Nueva Vizcaya","Well Milled Rice (WMR)",28.00,28.00,28.00,28.00,28.00,28.00,32.00,34.60,35.00,35.25,35.00,35.00,31.24
"....Nueva Vizcaya","Regular Milled Rice (RMR)",26.00,26.00,26.00,26.00,26.00,26.00,29.25,32.20,33.00,32.75,33.00,33.00,29.10
"....Nueva Vizcaya","Corngrain Yellow",..,..,..,..,..,..,..,..,..,..,..,..,..
"....Nueva Vizcaya","Corngrain White",..,..,..,..,..,..,..,..,..,..,..,..,..
"....Nueva Vizcaya","Corngrits Yellow",19.00,19.00,19.00,19.00,19.00,19.00,19.00,19.00,19.00,20.00,19.00,19.00,19.08
"....Nueva Vizcaya","Corngrits White",..,..,..,..,..,..,..,..,..,..,..,..,..
"....Quirino","Rice Special",..,..,..,..,..,..,..,..,..,..,..,..,..
"....Quirino","Rice Premium",..,..,..,..,..,..,..,..,..,40.00,..,..,40.00
"....Quirino","Well Milled Rice (WMR)",..,..,..,..,..,..,..,..,..,34.00,..,..,34.00
"....Quirino","Regular Milled Rice (RMR)",..,..,..,..,..,..,..,..,..,32.00,..,..,32.00
"....Quirino","Corngrain Yellow",..,..,..,..,..,..,..,..,..,..,..,..,..
"....Quirino","Corngrain White",..,..,..,..,..,..,..,..,..,..,..,..,..
"....Quirino","Corngrits Yellow",..,..,..,..,..,..,..,..,..,..,..,..,..
"....Quirino","Corngrits White",..,..,..,..,..,..,..,..,..,..,..,..,..
"..REGION III (CENTRAL LUZON)","Rice Special",39.33,39.25,39.00,39.00,39.00,39.00,39.25,39.53,41.00,40.33,42.15,42.25,41.50
"..REGION III (CENTRAL LUZON)","Rice Premium",36.50,36.50,38.15,38.00,38.00,38.00,38.25,38.53,40.33,39.33,39.33,39.42,38.71
"..REGION III (CENTRAL LUZON)","Well Milled Rice (WMR)",33.00,33.04,32.90,32.88,32.83,33.03,33.38,34.03,35.54,34.46,34.33,34.58,33.67
"..REGION III (CENTRAL LUZON)","Regular Milled Rice (RMR)",29.17,29.25,29.07,29.00,28.96,29.30,29.75,30.53,31.92,31.00,31.33,31.92,30.10
"..REGION III (CENTRAL LUZON)","Corngrain Yellow",..,..,..,..,..,..,..,..,..,..,..,..,..
"..REGION III (CENTRAL LUZON)","Corngrain White",..,..,..,..,..,..,..,..,..,..,..,..,..
"..REGION III (CENTRAL LUZON)","Corngrits Yellow",27.00,27.00,25.80,25.00,24.75,24.00,24.00,24.00,24.00,24.00,24.00,24.00,24.80
"..REGION III (CENTRAL LUZON)","Corngrits White",..,..,..,..,..,..,..,..,..,..,..,..,..
"....Aurora","Rice Special",..,..,..,..,..,..,..,..,..,..,..,..,..
"....Aurora","Rice Premium",..,..,..,..,..,..,..,..,..,..,..,..,..
"....Aurora","Well Milled Rice (WMR)",33.00,33.00,33.00,33.00,33.00,33.00,33.00,34.80,35.00,35.00,35.00,35.00,33.82
"....Aurora","Regular Milled Rice (RMR)",30.00,30.00,30.00,30.00,30.00,30.00,30.00,32.00,32.00,32.00,32.00,32.00,30.83
"....Aurora","Corngrain Yellow",..,..,..,..,..,..,..,..,..,..,..,..,..
"....Aurora","Corngrain White",..,..,..,..,..,..,..,..,..,..,..,..,..
"....Aurora","Corngrits Yellow",..,..,..,..,..,..,..,..,..,..,..,..,..
"....Aurora","Corngrits White",..,..,..,..,..,..,..,..,..,..,..,..,..
"....Bataan","Rice Special",41.00,41.00,41.00,41.00,41.00,41.00,41.00,41.00,41.00,41.00,41.60,42.00,41.13
"....Bataan","Rice Premium",37.00,37.00,37.00,37.00,37.00,37.00,37.00,37.00,37.00,37.00,37.00,37.00,37.00
"....Bataan","Well Milled Rice (WMR)",34.00,34.00,34.00,34.00,34.00,34.00,34.00,34.00,34.00,34.00,34.00,34.00,34.00
"....Bataan","Regular Milled Rice (RMR)",30.00,30.00,30.00,30.00,30.00,30.00,30.00,30.00,30.00,30.00,30.00,30.00,30.00
"....Bataan","Corngrain Yellow",..,..,..,..,..,..,..,..,..,..,..,..,..
"....Bataan","Corngrain White",..,..,..,..,..,..,..,..,..,..,..,..,..
"....Bataan","Corngrits Yellow",..,..,..,..,..,..,..,..,..,..,..,..,..
"....Bataan","Corngrits White",..,..,..,..,..,..,..,..,..,..,..,..,..
"....Bulacan","Rice Special",..,..,..,..,..,..,..,..,..,..,..,..,..
"....Bulacan","Rice Premium",..,..,..,..,..,..,..,..,..,..,..,..,..
"....Bulacan","Well Milled Rice (WMR)",..,..,..,..,..,..,..,..,..,..,..,..,..
"....Bulacan","Regular Milled Rice (RMR)",..,..,..,..,..,..,..,..,..,..,..,..,..
"....Bulacan","Corngrain Yellow",..,..,..,..,..,..,..,..,..,..,..,..,..
"....Bulacan","Corngrain White",..,..,..,..,..,..,..,..,..,..,..,..,..
"....Bulacan","Corngrits Yellow",..,..,..,..,..,..,..,..,..,..,..,..,..
"....Bulacan","Corngrits White",..,..,..,..,..,..,..,..,..,..,..,..,..
"....Nueva Ecija","Rice Special",..,..,..,..,..,..,..,..,..,..,..,..,..
"....Nueva Ecija","Rice Premium",..,..,..,..,..,..,..,..,..,..,..,..,..
"....Nueva Ecija","Well Milled Rice (WMR)",32.00,32.25,31.40,31.00,31.00,32.20,33.50,34.20,34.25,34.00,34.00,35.00,32.90
"....Nueva Ecija","Regular Milled Rice (RMR)",29.00,29.25,29.00,29.00,28.75,29.20,30.50,31.20,31.75,31.00,31.00,32.00,30.14
"....Nueva Ecija","Corngrain Yellow",..,..,..,..,..,..,..,..,..,..,..,..,..
"....Nueva Ecija","Corngrain White",..,..,..,..,..,..,..,..,..,..,..,..,..
"....Nueva Ecija","Corngrits Yellow",..,..,..,..,..,..,..,..,..,..,..,..,..
"....Nueva Ecija","Corngrits White",..,..,..,..,..,..,..,..,..,..,..,..,..
"....Pampanga","Rice Special",..,..,..,..,..,..,..,..,..,..,47.00,47.00,47.00
"....Pampanga","Rice Premium",..,..,42.25,42.00,42.00,42.00,42.00,42.60,45.00,43.00,43.00,43.00,42.69
"....Pampanga","Well Milled Rice (WMR)",34.00,34.00,34.00,34.25,34.00,34.00,34.00,34.60,38.00,36.00,36.00,36.00,34.90
"....Pampanga","Regular Milled Rice (RMR)",29.00,29.25,29.00,29.00,29.00,29.00,29.00,29.60,32.75,31.00,33.00,35.00,30.38
"....Pampanga","Corngrain Yellow",..,..,..,..,..,..,..,..,..,..,..,..,..
"....Pampanga","Corngrain White",..,..,..,..,..,..,..,..,..,..,..,..,..
"....Pampanga","Corngrits Yellow",..,..,..,..,..,..,..,..,..,..,..,..,..
"....Pampanga","Corngrits White",..,..,..,..,..,..,..,..,..,..,..,..,..
"....Tarlac","Rice Special",39.00,38.75,38.00,38.00,38.00,38.00,38.00,38.60,41.00,40.00,40.00,40.00,38.95
"....Tarlac","Rice Premium",..,..,..,..,..,..,..,..,..,..,..,..,..
"....Tarlac","Well Milled Rice (WMR)",32.00,32.00,32.00,32.00,32.00,32.00,32.00,32.60,35.00,33.00,33.00,33.00,32.55
"....Tarlac","Regular Milled Rice (RMR)",28.00,28.00,28.00,28.00,28.00,28.00,28.00,28.80,32.00,30.00,30.00,30.00,28.90
"....Tarlac","Corngrain Yellow",..,..,..,..,..,..,..,..,..,..,..,..,..
"....Tarlac","Corngrain White",..,..,..,..,..,..,..,..,..,..,..,..,..
"....Tarlac","Corngrits Yellow",27.00,27.00,25.80,25.00,24.75,24.00,24.00,24.00,24.00,24.00,24.00,24.00,24.80
"....Tarlac","Corngrits White",..,..,..,..,..,..,..,..,..,..,..,..,..
"....Zambales","Rice Special",38.00,38.00,38.00,38.00,38.00,38.00,38.75,39.00,41.00,40.00,40.00,40.00,38.90
"....Zambales","Rice Premium",36.00,36.00,35.20,35.00,35.00,35.00,35.75,36.00,39.00,38.00,38.00,38.25,36.43
"....Zambales","Well Milled Rice (WMR)",33.00,33.00,33.00,33.00,33.00,33.00,33.75,34.00,37.00,34.75,34.00,34.50,33.83
"....Zambales","Regular Milled Rice (RMR)",29.00,29.00,28.40,28.00,28.00,29.60,31.00,31.60,33.00,32.00,32.00,32.50,30.34
"....Zambales","Corngrain Yellow",..,..,..,..,..,..,..,..,..,..,..,..,..
"....Zambales","Corngrain White",..,..,..,..,..,..,..,..,..,..,..,..,..
"....Zambales","Corngrits Yellow",..,..,..,..,..,..,..,..,..,..,..,..,..
"....Zambales","Corngrits White",..,..,..,..,..,..,..,..,..,..,..,..,..
"..REGION IV-A (CALABARZON)","Rice Special",38.36,38.30,38.28,38.28,38.28,38.38,38.80,39.02,39.84,40.15,40.90,41.00,39.13
"..REGION IV-A (CALABARZON)","Rice Premium",34.80,34.80,34.80,34.85,34.90,35.00,35.38,35.89,37.39,36.99,37.44,37.74,35.83
"..REGION IV-A (CALABARZON)","Well Milled Rice (WMR)",32.90,33.00,33.00,33.02,33.06,33.25,33.74,34.06,35.91,35.45,36.33,35.88,34.13
"..REGION IV-A (CALABARZON)","Regular Milled Rice (RMR)",28.98,29.08,28.88,28.90,28.96,29.38,30.18,30.66,32.58,33.24,33.57,33.64,30.67
"..REGION IV-A (CALABARZON)","Corngrain Yellow",..,..,..,..,..,..,..,..,..,..,..,..,..
"..REGION IV-A (CALABARZON)","Corngrain White",..,..,..,..,..,..,..,..,..,..,..,..,..
"..REGION IV-A (CALABARZON)","Corngrits Yellow",22.25,22.25,22.25,22.25,22.25,22.25,22.00,22.13,22.44,22.31,22.30,22.31,22.25
"..REGION IV-A (CALABARZON)","Corngrits White",..,..,..,..,..,..,..,..,..,..,..,..,..
"....Batangas","Rice Special",39.00,39.00,39.00,39.00,39.00,39.00,39.00,39.00,39.75,40.00,40.00,40.00,39.31
"....Batangas","Rice Premium",34.00,34.00,34.00,34.00,34.00,34.00,34.00,34.20,37.50,36.00,36.00,36.00,34.81
"....Batangas","Well Milled Rice (WMR)",33.00,33.00,33.00,33.00,33.00,33.00,33.00,33.00,35.50,35.00,35.00,35.00,33.71
"....Batangas","Regular Milled Rice (RMR)",29.00,29.00,29.00,29.00,29.00,29.00,29.00,29.20,31.00,33.75,33.00,33.00,30.25
"....Batangas","Corngrain Yellow",..,..,..,..,..,..,..,..,..,..,..,..,..
"....Batangas","Corngrain White",..,..,..,..,..,..,..,..,..,..,..,..,..
"....Batangas","Corngrits Yellow",..,..,..,..,..,..,..,..,..,..,..,..,..
"....Batangas","Corngrits White",..,..,..,..,..,..,..,..,..,..,..,..,..
"....Cavite","Rice Special",39.60,39.30,39.20,39.20,39.20,39.68,40.30,40.92,41.40,41.40,43.76,44.80,40.73
"....Cavite","Rice Premium",37.20,37.20,37.20,37.40,37.60,38.00,38.00,39.36,40.80,40.70,41.76,42.95,39.01
"....Cavite","Well Milled Rice (WMR)",32.00,32.00,32.00,32.10,32.30,32.64,33.95,35.28,36.40,36.40,37.04,37.60,34.14
"....Cavite","Regular Milled Rice (RMR)",29.00,29.00,28.00,28.10,28.40,29.88,32.00,33.52,35.50,35.00,35.88,36.20,31.71
"....Cavite","Corngrain Yellow",..,..,..,..,..,..,..,..,..,..,..,..,..
"....Cavite","Corngrain White",..,..,..,..,..,..,..,..,..,..,..,..,..
"....Cavite","Corngrits Yellow",23.00,23.00,23.00,23.00,23.00,23.00,22.00,22.50,23.00,23.00,23.00,23.00,22.88
"....Cavite","Corngrits White",..,..,..,..,..,..,..,..,..,..,..,..,..
"....Laguna","Rice Special",36.00,36.00,36.00,36.00,36.00,36.00,37.50,38.00,38.00,40.00,42.00,42.00,37.79
"....Laguna","Rice Premium",34.00,34.00,34.00,34.00,34.00,34.00,35.50,36.00,36.00,36.50,37.00,37.00,35.17
"....Laguna","Well Milled Rice (WMR)",33.00,33.00,33.00,33.00,33.00,33.00,33.75,34.00,34.00,35.00,36.00,36.00,33.90
"....Laguna","Regular Milled Rice (RMR)",28.00,28.00,28.00,28.00,28.00,28.00,29.50,30.00,30.00,31.50,33.00,33.00,29.58
"....Laguna","Corngrain Yellow",..,..,..,..,..,..,..,..,..,..,..,..,..
"....Laguna","Corngrain White",..,..,..,..,..,..,..,..,..,..,..,..,..
"....Laguna","Corngrits Yellow",22.00,22.00,22.00,22.00,22.00,22.00,22.00,22.00,22.00,22.00,22.00,22.00,22.00
"....Laguna","Corngrits White",..,..,..,..,..,..,..,..,..,..,..,..,..
"....Quezon","Rice Special",39.20,39.20,39.20,39.20,39.20,39.20,39.20,39.20,42.40,42.35,41.72,41.20,40.11
"....Quezon","Rice Premium",..,..,..,..,..,..,..,..,..,..,..,..,..
"....Quezon","Well Milled Rice (WMR)",35.10,35.60,35.60,35.60,35.60,36.20,36.60,36.60,40.40,37.83,40.60,37.80,36.96
"....Quezon","Regular Milled Rice (RMR)",29.90,30.40,30.40,30.40,30.40,31.00,31.40,31.60,35.40,34.95,34.96,35.00,32.15
"....Quezon","Corngrain Yellow",..,..,..,..,..,..,..,..,..,..,..,..,..
"....Quezon","Corngrain White",..,..,..,..,..,..,..,..,..,..,..,..,..
"....Quezon","Corngrits Yellow",24.00,24.00,24.00,24.00,24.00,24.00,24.00,24.00,24.75,24.25,24.20,24.25,24.12
"....Quezon","Corngrits White",..,..,..,..,..,..,..,..,..,..,..,..,..
"....Rizal","Rice Special",38.00,38.00,38.00,38.00,38.00,38.00,38.00,38.00,37.63,37.00,37.00,37.00,37.72
"....Rizal","Rice Premium",34.00,34.00,34.00,34.00,34.00,34.00,34.00,34.00,35.25,34.75,35.00,35.00,34.33
"....Rizal","Well Milled Rice (WMR)",31.40,31.40,31.40,31.40,31.40,31.40,31.40,31.40,33.25,33.00,33.00,33.00,31.95
"....Rizal","Regular Milled Rice (RMR)",29.00,29.00,29.00,29.00,29.00,29.00,29.00,29.00,31.00,31.00,31.00,31.00,29.67
"....Rizal","Corngrain Yellow",..,..,..,..,..,..,..,..,..,..,..,..,..
"....Rizal","Corngrain White",..,..,..,..,..,..,..,..,..,..,..,..,..
"....Rizal","Corngrits Yellow",20.00,20.00,20.00,20.00,20.00,20.00,20.00,20.00,20.00,20.00,20.00,20.00,20.00
"....Rizal","Corngrits White",..,..,..,..,..,..,..,..,..,..,..,..,..
"..MIMAROPA REGION","Rice Special",36.25,36.13,36.50,35.50,35.82,35.40,35.63,37.80,41.69,40.00,41.00,41.25,37.75
"..MIMAROPA REGION","Rice Premium",..,..,..,..,..,35.00,35.00,35.00,35.00,35.00,35.00,35.00,35.00
"..MIMAROPA REGION","Well Milled Rice (WMR)",31.75,31.67,31.73,31.36,31.50,31.87,32.74,34.52,36.97,35.19,35.18,35.06,33.30
"..MIMAROPA REGION","Regular Milled Rice (RMR)",29.66,29.56,29.54,29.10,29.16,29.65,30.65,31.95,34.38,32.69,33.05,32.44,30.99
"..MIMAROPA REGION","Corngrain Yellow",14.00,14.75,15.00,15.00,14.00,14.00,14.00,14.80,14.00,14.00,14.00,14.00,14.30
"..MIMAROPA REGION","Corngrain White",..,..,..,..,..,..,..,..,..,..,..,..,..
"..MIMAROPA REGION","Corngrits Yellow",27.00,27.00,27.00,27.00,25.00,25.00,25.00,25.00,25.00,25.00,25.00,25.00,25.67
"..MIMAROPA REGION","Corngrits White",..,..,..,..,..,..,..,..,..,..,..,..,..
"....Marinduque","Rice Special",39.00,39.00,39.00,39.00,39.00,37.80,37.25,40.20,43.50,43.00,43.00,42.50,40.19
"....Marinduque","Rice Premium",..,..,..,..,..,..,..,..,..,35.00,..,..,35.00
"....Marinduque","Well Milled Rice (WMR)",34.00,34.00,34.00,34.00,34.00,34.00,34.25,37.20,43.00,40.50,40.00,39.25,36.52
"....Marinduque","Regular Milled Rice (RMR)",32.00,32.00,32.00,32.00,32.00,32.00,31.75,33.80,40.00,37.50,37.00,34.75,33.90
"....Marinduque","Corngrain Yellow",..,..,..,..,..,..,..,..,..,..,..,..,..
"....Marinduque","Corngrain White",..,..,..,..,..,..,..,..,..,..,..,..,..
"....Marinduque","Corngrits Yellow",27.00,27.00,27.00,27.00,25.00,25.00,25.00,25.00,25.00,25.00,25.00,25.00,25.67
"....Marinduque","Corngrits White",..,..,..,..,..,..,..,..,..,..,..,..,..
"....Occidental Mindoro","Rice Special",..,..,..,..,..,..,..,..,..,..,..,..,..
"....Occidental Mindoro","Rice Premium",..,..,..,..,..,35.00,35.00,35.00,35.00,35.00,35.00,35.00,35.00
"....Occidental Mindoro","Well Milled Rice (WMR)",31.25,31.00,31.00,31.00,30.00,30.00,31.00,32.20,33.00,32.25,32.00,32.00,31.39
"....Occidental Mindoro","Regular Milled Rice (RMR)",27.25,27.00,27.00,27.00,26.00,26.00,28.50,30.20,31.00,30.25,30.00,30.00,28.35
"....Occidental Mindoro","Corngrain Yellow",14.00,14.75,15.00,15.00,14.00,14.00,14.00,14.80,14.00,14.00,14.00,14.00,14.30
"....Occidental Mindoro","Corngrain White",..,..,..,..,..,..,..,..,..,..,..,..,..
"....Occidental Mindoro","Corngrits Yellow",..,..,..,..,..,..,..,..,..,..,..,..,..
"....Occidental Mindoro","Corngrits White",..,..,..,..,..,..,..,..,..,..,..,..,..
"....Oriental Mindoro","Rice Special",33.50,33.25,34.00,32.00,32.63,33.00,34.00,35.40,39.88,37.00,39.00,40.00,35.31
"....Oriental Mindoro","Rice Premium",..,..,..,..,..,..,..,..,..,..,..,..,..
"....Oriental Mindoro","Well Milled Rice (WMR)",29.75,29.68,29.92,28.45,29.50,30.48,32.20,33.66,37.63,34.00,34.70,35.00,32.08
"....Oriental Mindoro","Regular Milled Rice (RMR)",29.40,29.23,29.16,27.40,28.15,29.58,31.33,31.80,34.50,31.00,33.20,33.00,30.65
"....Oriental Mindoro","Corngrain Yellow",..,..,..,..,..,..,..,..,..,..,..,..,..
"....Oriental Mindoro","Corngrain White",..,..,..,..,..,..,..,..,..,..,..,..,..
"....Oriental Mindoro","Corngrits Yellow",..,..,..,..,..,..,..,..,..,..,..,..,..
"....Oriental Mindoro","Corngrits White",..,..,..,..,..,..,..,..,..,..,..,..,..
"....Palawan","Rice Special",..,..,..,..,..,..,..,..,..,..,..,..,..
"....Palawan","Rice Premium",..,..,..,..,..,..,..,..,..,..,..,..,..
"....Palawan","Well Milled Rice (WMR)",32.00,32.00,32.00,32.00,32.50,33.00,33.50,35.00,34.25,34.00,34.00,34.00,33.19
"....Palawan","Regular Milled Rice (RMR)",30.00,30.00,30.00,30.00,30.50,31.00,31.00,32.00,32.00,32.00,32.00,32.00,31.04
"....Palawan","Corngrain Yellow",..,..,..,..,..,..,..,..,..,..,..,..,..
"....Palawan","Corngrain White",..,..,..,..,..,..,..,..,..,..,..,..,..
"....Palawan","Corngrits Yellow",..,..,..,..,..,..,..,..,..,..,..,..,..
"....Palawan","Corngrits White",..,..,..,..,..,..,..,..,..,..,..,..,..
"....Romblon","Rice Special",..,..,..,..,..,..,..,..,..,..,..,..,..
"....Romblon","Rice Premium",..,..,..,..,..,..,..,..,..,..,..,..,..
"....Romblon","Well Milled Rice (WMR)",..,..,..,..,..,..,..,..,..,..,..,..,..
"....Romblon","Regular Milled Rice (RMR)",..,..,..,..,..,..,..,..,..,..,..,..,..
"....Romblon","Corngrain Yellow",..,..,..,..,..,..,..,..,..,..,..,..,..
"....Romblon","Corngrain White",..,..,..,..,..,..,..,..,..,..,..,..,..
"....Romblon","Corngrits Yellow",..,..,..,..,..,..,..,..,..,..,..,..,..
"....Romblon","Corngrits White",..,..,..,..,..,..,..,..,..,..,..,..,..
"..REGION V (BICOL REGION)","Rice Special",35.45,35.18,34.94,35.16,35.13,35.67,37.41,40.14,43.40,43.08,43.32,43.32,38.52
"..REGION V (BICOL REGION)","Rice Premium",32.99,33.15,32.87,32.89,32.81,33.55,35.45,37.55,39.63,39.23,39.14,39.45,36.39
"..REGION V (BICOL REGION)","Well Milled Rice (WMR)",30.93,30.86,30.60,30.52,30.64,31.33,32.96,34.97,36.83,36.44,36.37,36.64,33.26
"..REGION V (BICOL REGION)","Regular Milled Rice (RMR)",28.77,28.60,28.43,28.45,28.58,29.11,30.60,31.99,33.63,33.47,33.11,33.23,30.67
"..REGION V (BICOL REGION)","Corngrain Yellow",..,..,..,..,..,..,..,..,..,..,..,..,..
"..REGION V (BICOL REGION)","Corngrain White",..,..,..,..,..,..,..,..,..,..,..,..,..
"..REGION V (BICOL REGION)","Corngrits Yellow",30.00,30.00,30.00,29.50,29.00,29.00,28.25,28.60,29.00,29.00,26.82,26.82,26.92
"..REGION V (BICOL REGION)","Corngrits White",27.50,27.25,27.15,27.00,27.00,27.35,26.94,25.85,25.06,24.91,26.78,29.25,26.84
"....Albay","Rice Special",..,..,..,..,..,..,..,..,..,..,..,..,..
"....Albay","Rice Premium",..,..,..,..,..,..,..,..,..,..,..,..,..
"....Albay","Well Milled Rice (WMR)",30.00,30.00,29.68,29.45,29.60,30.08,32.98,35.04,37.30,36.10,36.08,36.80,32.76
"....Albay","Regular Milled Rice (RMR)",28.80,28.60,28.00,28.00,28.30,29.00,31.45,33.36,35.75,34.85,34.56,34.80,31.29
"....Albay","Corngrain Yellow",..,..,..,..,..,..,..,..,..,..,..,..,..
"....Albay","Corngrain White",..,..,..,..,..,..,..,..,..,..,..,..,..
"....Albay","Corngrits Yellow",..,..,..,..,..,..,..,..,..,..,..,..,..
"....Albay","Corngrits White",..,..,..,..,..,..,..,..,..,..,..,..,..
"....Camarines Norte","Rice Special",35.40,35.33,35.30,35.15,35.15,35.44,37.30,42.60,51.90,51.05,52.20,52.15,41.58
"....Camarines Norte","Rice Premium",32.45,32.65,32.48,32.38,32.30,32.96,34.60,38.42,41.90,41.00,41.62,42.45,36.27
"....Camarines Norte","Well Milled Rice (WMR)",30.70,30.45,29.52,29.25,29.85,30.76,32.85,36.00,37.85,37.30,37.96,38.65,33.43
"....Camarines Norte","Regular Milled Rice (RMR)",28.05,27.70,27.36,27.75,28.05,28.64,29.20,31.12,35.00,32.80,33.44,35.05,30.35
"....Camarines Norte","Corngrain Yellow",..,..,..,..,..,..,..,..,..,..,..,..,..
"....Camarines Norte","Corngrain White",..,..,..,..,..,..,..,..,..,..,..,..,..
"....Camarines Norte","Corngrits Yellow",..,..,..,..,..,..,..,..,..,..,..,..,..
"....Camarines Norte","Corngrits White",..,..,..,..,..,..,..,..,..,..,..,..,..
"....Camarines Sur","Rice Special",36.00,36.00,36.00,36.00,36.00,36.00,36.75,39.40,40.50,40.75,40.60,40.00,37.83
"....Camarines Sur","Rice Premium",34.00,34.00,34.00,34.00,34.00,34.00,34.50,36.80,37.50,38.00,38.00,38.00,35.57
"....Camarines Sur","Well Milled Rice (WMR)",32.00,32.00,32.00,32.00,32.00,32.00,33.00,34.80,35.50,36.00,36.00,35.50,33.57
"....Camarines Sur","Regular Milled Rice (RMR)",29.00,29.00,29.00,29.00,29.00,29.00,30.75,33.00,33.50,34.00,34.00,33.50,31.06
"....Camarines Sur","Corngrain Yellow",..,..,..,..,..,..,..,..,..,..,..,..,..
"....Camarines Sur","Corngrain White",..,..,..,..,..,..,..,..,..,..,..,..,..
"....Camarines Sur","Corngrits Yellow",30.00,30.00,30.00,29.50,29.00,29.00,28.25,28.60,29.00,29.00,29.00,29.00,29.20
"....Camarines Sur","Corngrits White",..,..,..,..,..,..,..,..,..,..,..,..,..
"....Catanduanes","Rice Special",35.18,34.58,34.40,34.48,34.45,35.52,37.80,39.32,41.75,40.90,40.40,40.60,37.45
"....Catanduanes","Rice Premium",32.65,32.40,32.30,32.38,32.40,33.40,35.95,37.24,40.30,39.45,38.60,38.40,35.46
"....Catanduanes","Well Milled Rice (WMR)",30.80,30.50,30.50,30.43,30.50,31.92,33.10,35.28,37.75,37.38,36.40,36.60,33.43
"....Catanduanes","Regular Milled Rice (RMR)",29.60,29.10,29.00,29.08,29.30,29.64,31.00,31.12,33.05,34.05,31.52,30.40,30.57
"....Catanduanes","Corngrain Yellow",..,..,..,..,..,..,..,..,..,..,..,..,..
"....Catanduanes","Corngrain White",..,..,..,..,..,..,..,..,..,..,..,..,..
"....Catanduanes","Corngrits Yellow",..,..,..,..,..,..,..,..,..,..,..,..,..
"....Catanduanes","Corngrits White",..,..,..,..,..,..,..,..,..,..,..,..,..
"....Masbate","Rice Special",35.20,34.80,34.04,35.00,34.90,35.72,37.80,39.24,39.45,39.60,40.08,40.53,37.20
"....Masbate","Rice Premium",32.85,33.55,32.68,32.80,32.53,33.84,36.75,37.72,38.80,38.48,38.48,39.38,35.66
"....Masbate","Well Milled Rice (WMR)",31.10,31.20,30.88,31.00,30.90,32.24,34.35,35.52,37.55,36.85,36.76,37.30,33.80
"....Masbate","Regular Milled Rice (RMR)",29.15,29.20,29.24,28.85,28.85,30.40,32.70,33.12,33.48,34.10,34.12,34.65,31.49
"....Masbate","Corngrain Yellow",..,..,..,..,..,..,..,..,..,..,..,..,..
"....Masbate","Corngrain White",..,..,..,..,..,..,..,..,..,..,..,..,..
"....Masbate","Corngrits Yellow",..,..,..,..,..,..,..,..,..,..,24.63,24.63,24.63
"....Masbate","Corngrits White",27.50,27.25,27.15,27.00,27.00,27.35,26.94,25.85,25.06,24.91,26.78,29.25,26.84
"....Sorsogon","Rice Special",..,..,..,..,..,..,..,..,..,..,..,..,..
"....Sorsogon","Rice Premium",..,..,..,..,..,..,..,..,..,..,39.00,39.00,39.00
"....Sorsogon","Well Milled Rice (WMR)",31.00,31.00,31.00,31.00,31.00,31.00,31.50,33.20,35.00,35.00,35.00,35.00,32.56
"....Sorsogon","Regular Milled Rice (RMR)",28.00,28.00,28.00,28.00,28.00,28.00,28.50,30.20,31.00,31.00,31.00,31.00,29.23
"....Sorsogon","Corngrain Yellow",..,..,..,..,..,..,..,..,..,..,..,..,..
"....Sorsogon","Corngrain White",..,..,..,..,..,..,..,..,..,..,..,..,..
"....Sorsogon","Corngrits Yellow",..,..,..,..,..,..,..,..,..,..,..,..,..
"....Sorsogon","Corngrits White",..,..,..,..,..,..,..,..,..,..,..,..,..
"..REGION VI (WESTERN VISAYAS)","Rice Special",36.00,36.00,36.00,36.00,36.00,36.00,37.50,39.00,38.88,38.00,38.90,41.00,37.44
"..REGION VI (WESTERN VISAYAS)","Rice Premium",34.00,34.00,34.00,34.00,34.00,34.00,35.00,35.80,36.25,36.00,35.80,37.00,34.99
"..REGION VI (WESTERN VISAYAS)","Well Milled Rice (WMR)",31.10,30.98,31.20,31.40,31.40,31.92,34.70,36.52,35.90,34.35,35.08,36.40,33.41
"..REGION VI (WESTERN VISAYAS)","Regular Milled Rice (RMR)",27.30,27.23,27.20,27.40,27.40,28.00,30.90,33.18,33.00,31.80,32.40,33.35,29.93
"..REGION VI (WESTERN VISAYAS)","Corngrain Yellow",15.00,15.00,15.00,15.00,15.33,15.53,15.67,15.67,15.67,15.67,15.80,16.00,15.45
"..REGION VI (WESTERN VISAYAS)","Corngrain White",..,..,..,..,..,..,..,..,..,..,..,..,..
"..REGION VI (WESTERN VISAYAS)","Corngrits Yellow",20.50,20.50,20.50,20.50,20.50,20.50,20.50,20.50,20.50,20.50,20.50,20.50,20.50
"..REGION VI (WESTERN VISAYAS)","Corngrits White",18.00,18.25,18.00,18.00,18.00,18.00,18.00,18.00,18.00,18.00,18.00,18.00,18.02
"....Aklan","Rice Special",..,..,..,..,..,..,..,..,..,..,..,..,..
"....Aklan","Rice Premium",34.00,34.00,34.00,34.00,34.00,34.00,35.00,35.80,36.25,36.00,35.80,37.00,34.99
"....Aklan","Well Milled Rice (WMR)",31.00,31.00,31.00,31.00,31.00,31.00,32.00,32.80,33.50,34.00,33.60,35.00,32.24
"....Aklan","Regular Milled Rice (RMR)",28.00,28.00,28.00,28.00,28.00,28.00,30.00,30.80,31.25,31.00,31.00,32.00,29.50
"....Aklan","Corngrain Yellow",17.00,17.00,17.00,17.00,17.00,17.00,17.00,17.00,17.00,17.00,17.00,17.00,17.00
"....Aklan","Corngrain White",..,..,..,..,..,..,..,..,..,..,..,..,..
"....Aklan","Corngrits Yellow",24.00,24.00,24.00,24.00,24.00,24.00,24.00,24.00,24.00,24.00,24.00,24.00,24.00
"....Aklan","Corngrits White",..,..,..,..,..,..,..,..,..,..,..,..,..
"....Antique","Rice Special",..,..,..,..,..,..,..,..,..,..,..,..,..
"....Antique","Rice Premium",..,..,..,..,..,..,..,..,..,..,..,..,..
"....Antique","Well Milled Rice (WMR)",30.00,30.50,31.00,32.00,32.00,32.20,34.00,34.80,33.50,32.00,33.20,34.00,32.43
"....Antique","Regular Milled Rice (RMR)",29.00,29.00,29.00,30.00,30.00,30.00,31.50,32.00,31.75,30.25,31.20,31.75,30.45
"....Antique","Corngrain Yellow",..,..,..,..,..,..,..,..,..,..,..,..,..
"....Antique","Corngrain White",..,..,..,..,..,..,..,..,..,..,..,..,..
"....Antique","Corngrits Yellow",..,..,..,..,..,..,..,..,..,..,..,..,..
"....Antique","Corngrits White",..,..,..,..,..,..,..,..,..,..,..,..,..
"....Capiz","Rice Special",..,..,..,..,..,..,..,..,..,..,..,..,..
"....Capiz","Rice Premium",..,..,..,..,..,..,..,..,..,..,..,..,..
"....Capiz","Well Milled Rice (WMR)",33.00,33.00,33.00,33.00,33.00,35.40,37.50,39.40,39.25,36.25,37.20,38.00,35.67
"....Capiz","Regular Milled Rice (RMR)",25.00,25.00,25.00,25.00,25.00,27.40,29.50,33.00,33.75,32.25,33.20,34.00,29.01
"....Capiz","Corngrain Yellow",14.00,14.00,14.00,14.00,14.00,14.00,14.00,14.00,14.00,14.00,14.40,15.00,14.12
"....Capiz","Corngrain White",..,..,..,..,..,..,..,..,..,..,..,..,..
"....Capiz","Corngrits Yellow",..,..,..,..,..,..,..,..,..,..,..,..,..
"....Capiz","Corngrits White",..,..,..,..,..,..,..,..,..,..,..,..,..
"....Guimaras","Rice Special",..,..,..,..,..,..,..,..,..,..,..,..,..
"....Guimaras","Rice Premium",..,..,..,..,..,..,..,..,..,..,..,..,..
"....Guimaras","Well Milled Rice (WMR)",..,..,..,..,..,..,..,..,..,..,..,..,..
"....Guimaras","Regular Milled Rice (RMR)",..,..,..,..,..,..,..,..,..,..,..,..,..
"....Guimaras","Corngrain Yellow",..,..,..,..,..,..,..,..,..,..,..,..,..
"....Guimaras","Corngrain White",..,..,..,..,..,..,..,..,..,..,..,..,..
"....Guimaras","Corngrits Yellow",..,..,..,..,..,..,..,..,..,..,..,..,..
"....Guimaras","Corngrits White",..,..,..,..,..,..,..,..,..,..,..,..,..
"....Iloilo","Rice Special",..,..,..,..,..,..,..,..,..,..,..,..,..
"....Iloilo","Rice Premium",..,..,..,..,..,..,..,..,..,..,..,..,..
"....Iloilo","Well Milled Rice (WMR)",31.50,30.38,31.00,31.00,31.00,31.00,36.00,38.60,36.50,34.50,35.40,36.00,33.57
"....Iloilo","Regular Milled Rice (RMR)",28.50,28.13,28.00,28.00,28.00,28.60,33.25,36.10,34.50,33.00,33.40,34.00,31.12
"....Iloilo","Corngrain Yellow",..,..,..,..,..,..,..,..,..,..,..,..,..
"....Iloilo","Corngrain White",..,..,..,..,..,..,..,..,..,..,..,..,..
"....Iloilo","Corngrits Yellow",..,..,..,..,..,..,..,..,..,..,..,..,..
"....Iloilo","Corngrits White",..,..,..,..,..,..,..,..,..,..,..,..,..
"....Negros Occidental","Rice Special",36.00,36.00,36.00,36.00,36.00,36.00,37.50,39.00,38.88,38.00,38.90,41.00,37.44
"....Negros Occidental","Rice Premium",..,..,..,..,..,..,..,..,..,..,..,..,..
"....Negros Occidental","Well Milled Rice (WMR)",30.00,30.00,30.00,30.00,30.00,30.00,34.00,37.00,36.75,35.00,36.00,39.00,33.15
"....Negros Occidental","Regular Milled Rice (RMR)",26.00,26.00,26.00,26.00,26.00,26.00,30.25,34.00,33.75,32.50,33.20,35.00,29.56
"....Negros Occidental","Corngrain Yellow",14.00,14.00,14.00,14.00,15.00,15.60,16.00,16.00,16.00,16.00,16.00,16.00,15.22
"....Negros Occidental","Corngrain White",..,..,..,..,..,..,..,..,..,..,..,..,..
"....Negros Occidental","Corngrits Yellow",17.00,17.00,17.00,17.00,17.00,17.00,17.00,17.00,17.00,17.00,17.00,17.00,17.00
"....Negros Occidental","Corngrits White",18.00,18.25,18.00,18.00,18.00,18.00,18.00,18.00,18.00,18.00,18.00,18.00,18.02
"..REGION VII (CENTRAL VISAYAS)","Rice Special",47.60,47.60,47.60,47.60,47.85,48.42,47.50,48.00,49.60,50.30,50.50,50.80,48.86
"..REGION VII (CENTRAL VISAYAS)","Rice Premium",35.03,34.98,35.00,35.05,35.60,36.12,37.53,38.86,39.38,39.07,40.76,41.40,37.40
"..REGION VII (CENTRAL VISAYAS)","Well Milled Rice (WMR)",32.60,32.95,33.10,33.10,33.23,34.06,35.63,37.22,37.52,37.39,38.41,38.86,35.34
"..REGION VII (CENTRAL VISAYAS)","Regular Milled Rice (RMR)",29.75,29.38,30.10,30.33,30.43,31.74,33.84,35.06,35.60,35.02,36.34,37.07,32.89
"..REGION VII (CENTRAL VISAYAS)","Corngrain Yellow",..,..,..,..,..,..,..,..,..,..,..,..,..
"..REGION VII (CENTRAL VISAYAS)","Corngrain White",..,..,..,..,..,..,..,..,..,..,..,..,..
"..REGION VII (CENTRAL VISAYAS)","Corngrits Yellow",22.23,22.09,21.56,21.38,21.38,21.38,21.22,20.48,20.40,20.30,21.48,22.06,21.33
"..REGION VII (CENTRAL VISAYAS)","Corngrits White",27.63,27.02,27.72,27.97,27.90,27.38,26.79,25.45,24.88,25.04,28.06,30.72,27.21
"....Bohol","Rice Special",..,..,..,..,..,..,..,..,..,..,..,..,..
"....Bohol","Rice Premium",..,..,..,..,..,..,..,..,..,..,..,..,..
"....Bohol","Well Milled Rice (WMR)",..,..,..,..,..,..,..,..,..,..,..,..,..
"....Bohol","Regular Milled Rice (RMR)",..,..,..,..,..,..,..,..,..,..,..,..,..
"....Bohol","Corngrain Yellow",..,..,..,..,..,..,..,..,..,..,..,..,..
"....Bohol","Corngrain White",..,..,..,..,..,..,..,..,..,..,..,..,..
"....Bohol","Corngrits Yellow",..,..,..,..,..,..,..,..,..,..,..,..,..
"....Bohol","Corngrits White",..,..,..,..,..,..,..,..,..,..,..,..,..
"....Cebu","Rice Special",50.00,50.00,50.00,50.00,50.50,51.00,..,..,..,51.00,51.00,..,50.44
"....Cebu","Rice Premium",35.25,35.35,35.40,35.40,36.00,36.32,37.60,38.12,37.90,37.75,39.64,41.00,37.14
"....Cebu","Well Milled Rice (WMR)",32.00,32.70,33.00,33.00,33.00,33.60,35.60,36.72,36.35,36.50,37.60,38.75,34.90
"....Cebu","Regular Milled Rice (RMR)",28.80,29.00,29.60,29.80,29.65,30.52,33.00,33.92,34.15,34.00,35.96,37.25,32.14
"....Cebu","Corngrain Yellow",..,..,..,..,..,..,..,..,..,..,..,..,..
"....Cebu","Corngrain White",..,..,..,..,..,..,..,..,..,..,..,..,..
"....Cebu","Corngrits Yellow",21.25,21.25,21.25,21.25,21.25,21.25,21.25,20.75,20.50,19.94,20.40,21.13,20.96
"....Cebu","Corngrits White",27.50,27.19,27.60,27.88,28.19,27.55,26.63,24.86,24.50,24.88,28.35,31.25,27.20
"....Negros Oriental","Rice Special",45.20,45.20,45.20,45.20,45.20,45.84,47.50,48.00,49.60,49.60,50.00,50.80,47.28
"....Negros Oriental","Rice Premium",34.80,34.60,34.60,34.70,35.20,35.92,37.45,39.60,40.85,40.38,41.88,41.80,37.65
"....Negros Oriental","Well Milled Rice (WMR)",33.20,33.20,33.20,33.20,33.45,34.52,35.65,37.72,38.68,38.28,39.21,38.96,35.77
"....Negros Oriental","Regular Milled Rice (RMR)",30.70,29.75,30.60,30.85,31.20,32.96,34.68,36.20,37.05,36.03,36.72,36.88,33.64
"....Negros Oriental","Corngrain Yellow",..,..,..,..,..,..,..,..,..,..,..,..,..
"....Negros Oriental","Corngrain White",..,..,..,..,..,..,..,..,..,..,..,..,..
"....Negros Oriental","Corngrits Yellow",23.20,22.93,21.86,21.50,21.50,21.50,21.18,20.20,20.30,20.65,22.56,22.98,21.70
"....Negros Oriental","Corngrits White",27.75,26.85,27.84,28.05,27.60,27.20,26.95,26.04,25.25,25.20,27.76,30.19,27.22
"....Siquijor","Rice Special",..,..,..,..,..,..,..,..,..,..,..,..,..
"....Siquijor","Rice Premium",..,..,..,..,..,..,..,..,..,..,..,..,..
"....Siquijor","Well Milled Rice (WMR)",..,..,..,..,..,..,..,..,..,..,..,..,..
"....Siquijor","Regular Milled Rice (RMR)",..,..,..,..,..,..,..,..,..,..,..,..,..
"....Siquijor","Corngrain Yellow",..,..,..,..,..,..,..,..,..,..,..,..,..
"....Siquijor","Corngrain White",..,..,..,..,..,..,..,..,..,..,..,..,..
"....Siquijor","Corngrits Yellow",..,..,..,..,..,..,..,..,..,..,..,..,..
"....Siquijor","Corngrits White",..,..,..,..,..,..,..,..,..,..,..,..,..
"..REGION VIII (EASTERN VISAYAS)","Rice Special",48.00,48.00,48.00,48.50,49.75,53.40,57.50,56.80,55.25,49.50,52.20,48.25,51.26
"..REGION VIII (EASTERN VISAYAS)","Rice Premium",37.56,37.70,37.65,37.14,37.20,37.51,38.20,39.27,41.62,41.71,43.06,46.85,39.44
"..REGION VIII (EASTERN VISAYAS)","Well Milled Rice (WMR)",33.83,34.10,33.99,33.85,34.10,34.13,35.18,36.82,39.58,39.55,39.89,41.67,36.27
"..REGION VIII (EASTERN VISAYAS)","Regular Milled Rice (RMR)",30.96,31.13,30.95,30.70,30.67,30.89,31.59,33.10,36.58,36.22,37.15,38.36,33.07
"..REGION VIII (EASTERN VISAYAS)","Corngrain Yellow",..,..,..,..,..,..,..,..,..,..,..,..,..
"..REGION VIII (EASTERN VISAYAS)","Corngrain White",14.50,13.50,13.60,14.25,13.50,13.40,15.00,13.60,13.75,14.25,14.00,14.00,13.95
"..REGION VIII (EASTERN VISAYAS)","Corngrits Yellow",..,..,..,..,..,..,..,..,..,..,31.43,..,31.43
"..REGION VIII (EASTERN VISAYAS)","Corngrits White",31.49,31.76,31.87,31.97,31.72,32.39,32.29,31.54,31.48,31.48,33.37,35.40,32.11
"....Biliran","Rice Special",..,..,..,..,..,..,..,..,..,..,..,..,..
"....Biliran","Rice Premium",44.00,44.00,44.00,44.00,44.00,44.00,44.00,44.00,44.00,44.50,45.00,45.00,44.21
"....Biliran","Well Milled Rice (WMR)",33.77,32.86,32.98,32.96,33.06,33.06,35.46,39.80,42.86,42.35,42.61,42.86,37.05
"....Biliran","Regular Milled Rice (RMR)",32.65,32.65,32.65,32.65,32.65,32.65,33.67,35.51,40.82,40.82,41.59,41.84,35.85
"....Biliran","Corngrain Yellow",..,..,..,..,..,..,..,..,..,..,..,..,..
"....Biliran","Corngrain White",..,..,..,..,..,..,..,..,..,..,..,..,..
"....Biliran","Corngrits Yellow",..,..,..,..,..,..,..,..,..,..,31.43,..,31.43
"....Biliran","Corngrits White",30.72,31.07,31.43,31.43,31.43,31.43,31.43,31.43,31.43,31.43,32.00,32.00,31.44
"....Eastern Samar","Rice Special",..,..,..,..,..,..,..,..,..,..,..,..,..
"....Eastern Samar","Rice Premium",36.64,37.00,36.55,36.20,36.63,36.75,37.19,37.50,40.38,42.56,42.50,50.56,39.21
"....Eastern Samar","Well Milled Rice (WMR)",34.69,35.16,35.15,35.06,35.13,34.65,34.94,35.50,38.44,40.94,40.00,44.94,37.05
"....Eastern Samar","Regular Milled Rice (RMR)",32.38,32.00,32.00,31.88,31.36,31.35,31.25,33.15,36.13,39.81,39.50,41.00,34.32
"....Eastern Samar","Corngrain Yellow",..,..,..,..,..,..,..,..,..,..,..,..,..
"....Eastern Samar","Corngrain White",..,..,..,..,..,..,..,..,..,..,..,..,..
"....Eastern Samar","Corngrits Yellow",..,..,..,..,..,..,..,..,..,..,..,..,..
"....Eastern Samar","Corngrits White",..,..,..,..,..,..,..,..,..,..,..,..,..
"....Leyte","Rice Special",..,..,..,..,..,..,..,..,..,..,..,..,..
"....Leyte","Rice Premium",35.00,35.00,35.00,34.00,33.00,33.20,34.00,37.00,40.00,40.25,40.00,..,36.04
"....Leyte","Well Milled Rice (WMR)",31.00,31.00,31.80,32.00,32.00,32.00,32.00,34.64,37.10,36.15,36.00,..,33.24
"....Leyte","Regular Milled Rice (RMR)",29.00,29.00,29.00,28.50,28.00,28.00,28.00,31.00,33.75,32.25,32.00,..,29.86
"....Leyte","Corngrain Yellow",..,..,..,..,..,..,..,..,..,..,..,..,..
"....Leyte","Corngrain White",..,..,..,..,..,..,..,..,..,..,..,..,..
"....Leyte","Corngrits Yellow",..,..,..,..,..,..,..,..,..,..,..,..,..
"....Leyte","Corngrits White",31.00,31.00,31.00,31.00,31.00,31.00,31.00,31.00,31.00,31.00,31.00,..,31.00
"....Northern Samar","Rice Special",..,..,..,..,..,..,..,..,..,..,..,..,..
"....Northern Samar","Rice Premium",..,..,..,..,..,..,..,..,..,..,..,..,..
"....Northern Samar","Well Milled Rice (WMR)",36.50,38.00,36.20,36.00,36.50,36.40,37.75,38.20,41.25,42.00,39.00,40.00,38.15
"....Northern Samar","Regular Milled Rice (RMR)",30.13,31.00,30.20,30.00,29.25,30.00,30.75,30.80,35.50,32.75,33.50,33.00,31.41
"....Northern Samar","Corngrain Yellow",..,..,..,..,..,..,..,..,..,..,..,..,..
"....Northern Samar","Corngrain White",..,..,..,..,..,..,..,..,..,..,..,..,..
"....Northern Samar","Corngrits Yellow",..,..,..,..,..,..,..,..,..,..,..,..,..
"....Northern Samar","Corngrits White",..,..,..,..,..,..,..,..,..,..,..,..,..
"....Samar","Rice Special",48.00,48.00,48.00,48.50,49.75,53.40,57.50,56.80,55.25,49.50,52.20,48.25,51.26
"....Samar","Rice Premium",35.06,35.38,35.05,34.63,35.00,35.75,37.50,37.50,37.63,36.13,37.35,38.50,36.29
"....Samar","Well Milled Rice (WMR)",33.06,33.38,33.05,32.63,33.00,33.75,35.50,35.50,35.63,34.63,35.65,36.67,34.37
"....Samar","Regular Milled Rice (RMR)",30.06,30.38,30.05,29.63,30.00,30.75,32.38,32.80,33.50,32.63,33.40,34.00,31.63
"....Samar","Corngrain Yellow",..,..,..,..,..,..,..,..,..,..,..,..,..
"....Samar","Corngrain White",14.50,13.50,13.60,14.25,13.50,13.40,15.00,13.60,13.75,14.25,14.00,14.00,13.95
"....Samar","Corngrits Yellow",..,..,..,..,..,..,..,..,..,..,..,..,..
"....Samar","Corngrits White",..,..,..,..,..,..,..,..,..,..,..,..,..
"....Southern Leyte","Rice Special",..,..,..,..,..,..,..,..,..,..,..,..,..
"....Southern Leyte","Rice Premium",37.10,37.10,37.64,36.86,37.35,37.83,38.32,40.35,46.08,45.11,50.44,53.35,41.46
"....Southern Leyte","Well Milled Rice (WMR)",33.95,34.19,34.73,34.44,34.92,34.92,35.41,37.25,42.20,41.23,46.08,43.89,37.77
"....Southern Leyte","Regular Milled Rice (RMR)",31.53,31.77,31.82,31.53,32.74,32.59,33.47,35.31,39.77,39.04,42.92,41.95,35.37
"....Southern Leyte","Corngrain Yellow",..,..,..,..,..,..,..,..,..,..,..,..,..
"....Southern Leyte","Corngrain White",..,..,..,..,..,..,..,..,..,..,..,..,..
"....Southern Leyte","Corngrits Yellow",..,..,..,..,..,..,..,..,..,..,..,..,..
"....Southern Leyte","Corngrits White",32.74,33.22,33.17,33.47,32.74,34.73,34.44,32.20,32.01,32.01,37.10,38.80,33.89
"..REGION IX (ZAMBOANGA PENINSULA)","Rice Special",40.00,39.75,40.60,41.00,40.75,40.60,41.00,40.80,40.00,40.00,..,..,40.45
"..REGION IX (ZAMBOANGA PENINSULA)","Rice Premium",37.50,37.50,37.50,38.00,38.00,38.52,40.38,42.60,42.25,40.58,40.60,40.67,39.93
"..REGION IX (ZAMBOANGA PENINSULA)","Well Milled Rice (WMR)",35.35,35.31,35.40,35.63,35.66,36.30,37.30,37.80,37.63,36.75,36.73,37.06,36.41
"..REGION IX (ZAMBOANGA PENINSULA)","Regular Milled Rice (RMR)",32.48,32.40,32.49,32.85,32.88,33.48,34.28,34.68,34.56,34.19,34.03,34.38,33.56
"..REGION IX (ZAMBOANGA PENINSULA)","Corngrain Yellow",..,..,..,..,..,..,..,..,..,..,..,..,..
"..REGION IX (ZAMBOANGA PENINSULA)","Corngrain White",..,..,..,..,..,..,..,..,..,..,..,..,..
"..REGION IX (ZAMBOANGA PENINSULA)","Corngrits Yellow",21.30,21.00,21.00,20.80,21.00,22.00,21.00,20.75,19.73,19.90,20.00,20.50,20.75
"..REGION IX (ZAMBOANGA PENINSULA)","Corngrits White",27.08,26.65,27.29,28.00,27.88,27.00,25.15,23.22,24.68,25.00,26.38,26.98,26.28
"....Zamboanga del Norte","Rice Special",..,..,..,..,..,..,..,..,..,..,..,..,..
"....Zamboanga del Norte","Rice Premium",38.00,38.00,38.00,38.00,38.00,38.40,39.50,41.00,42.00,40.75,40.00,40.00,39.30
"....Zamboanga del Norte","Well Milled Rice (WMR)",35.00,34.75,35.00,35.00,35.25,36.40,37.50,38.00,39.00,38.00,38.00,38.25,36.68
"....Zamboanga del Norte","Regular Milled Rice (RMR)",32.90,32.00,32.24,32.00,32.25,33.40,34.50,34.00,34.00,34.50,34.60,35.25,33.47
"....Zamboanga del Norte","Corngrain Yellow",..,..,..,..,..,..,..,..,..,..,..,..,..
"....Zamboanga del Norte","Corngrain White",..,..,..,..,..,..,..,..,..,..,..,..,..
"....Zamboanga del Norte","Corngrits Yellow",21.30,21.00,21.00,20.80,21.00,22.00,21.00,20.75,19.73,19.90,20.00,20.50,20.75
"....Zamboanga del Norte","Corngrits White",25.15,24.55,26.18,26.00,26.00,26.20,23.05,21.40,23.35,24.00,26.35,25.95,24.85
"....Zamboanga del Sur","Rice Special",..,..,..,..,..,..,..,..,..,..,..,..,..
"....Zamboanga del Sur","Rice Premium",37.00,37.00,37.00,38.00,38.00,38.64,41.25,44.20,42.50,40.50,40.80,41.00,39.66
"....Zamboanga del Sur","Well Milled Rice (WMR)",35.00,35.00,35.10,36.00,36.00,37.20,39.00,41.20,39.00,36.50,37.20,38.00,37.10
"....Zamboanga del Sur","Regular Milled Rice (RMR)",33.00,33.00,33.00,34.00,34.00,35.00,36.00,37.60,36.75,35.00,35.00,36.00,34.86
"....Zamboanga del Sur","Corngrain Yellow",..,..,..,..,..,..,..,..,..,..,..,..,..
"....Zamboanga del Sur","Corngrain White",..,..,..,..,..,..,..,..,..,..,..,..,..
"....Zamboanga del Sur","Corngrits Yellow",..,..,..,..,..,..,..,..,..,..,..,..,..
"....Zamboanga del Sur","Corngrits White",29.00,28.75,28.40,30.00,29.75,27.80,27.25,25.04,26.00,26.00,26.40,28.00,27.70
"....Zamboanga Sibugay","Rice Special",..,..,..,..,..,..,..,..,..,..,..,..,..
"....Zamboanga Sibugay","Rice Premium",..,..,..,..,..,..,..,..,..,..,..,..,..
"....Zamboanga Sibugay","Well Milled Rice (WMR)",36.38,36.50,36.50,36.50,36.65,36.78,36.95,36.60,36.50,36.50,36.50,36.50,36.57
"....Zamboanga Sibugay","Regular Milled Rice (RMR)",33.00,33.60,33.12,33.38,33.50,33.90,34.38,34.50,34.50,34.50,34.50,34.50,33.95
"....Zamboanga Sibugay","Corngrain Yellow",..,..,..,..,..,..,..,..,..,..,..,..,..
"....Zamboanga Sibugay","Corngrain White",..,..,..,..,..,..,..,..,..,..,..,..,..
"....Zamboanga Sibugay","Corngrits Yellow",..,..,..,..,..,..,..,..,..,..,..,..,..
"....Zamboanga Sibugay","Corngrits White",..,..,..,..,..,..,..,..,..,..,..,..,..
".City of Zamboanga","Rice Special",40.00,39.75,40.60,41.00,40.75,40.60,41.00,40.80,40.00,40.00,..,..,40.45
".City of Zamboanga","Rice Premium",..,..,..,..,..,..,..,..,..,40.50,41.00,41.00,40.83
".City of Zamboanga","Well Milled Rice (WMR)",35.00,35.00,35.00,35.00,34.75,34.80,35.75,35.40,36.00,36.00,35.20,35.50,35.28
".City of Zamboanga","Regular Milled Rice (RMR)",31.00,31.00,31.60,32.00,31.75,31.60,32.25,32.60,33.00,32.75,32.00,31.75,31.94
".City of Zamboanga","Corngrain Yellow",..,..,..,..,..,..,..,..,..,..,..,..,..
".City of Zamboanga","Corngrain White",..,..,..,..,..,..,..,..,..,..,..,..,..
".City of Zamboanga","Corngrits Yellow",..,..,..,..,..,..,..,..,..,..,..,..,..
".City of Zamboanga","Corngrits White",..,..,..,..,..,..,..,..,..,..,..,..,..
"..REGION X (NORTHERN MINDANAO)","Rice Special",40.00,39.75,40.00,41.25,42.00,45.00,39.25,41.40,41.50,40.00,41.50,40.50,41.95
"..REGION X (NORTHERN MINDANAO)","Rice Premium",37.25,37.66,37.93,37.71,37.80,38.13,38.99,40.38,41.03,39.38,39.67,40.20,38.84
"..REGION X (NORTHERN MINDANAO)","Well Milled Rice (WMR)",34.22,34.73,34.82,34.51,34.64,35.02,36.32,38.21,38.78,36.86,37.18,38.40,36.14
"..REGION X (NORTHERN MINDANAO)","Regular Milled Rice (RMR)",30.42,30.19,30.62,31.02,31.36,31.60,32.93,34.74,35.49,34.18,34.45,35.89,32.74
"..REGION X (NORTHERN MINDANAO)","Corngrain Yellow",..,..,..,..,..,..,..,..,..,..,..,..,..
"..REGION X (NORTHERN MINDANAO)","Corngrain White",..,..,..,..,..,..,..,..,..,..,..,..,..
"..REGION X (NORTHERN MINDANAO)","Corngrits Yellow",21.81,21.39,21.16,21.39,22.91,21.23,20.96,20.16,19.72,19.91,20.93,20.81,21.08
"..REGION X (NORTHERN MINDANAO)","Corngrits White",26.24,26.17,26.92,27.30,26.55,26.30,25.54,24.04,23.74,24.03,25.87,27.30,25.85
"....Bukidnon","Rice Special",40.00,39.75,40.00,41.25,42.00,45.00,39.25,41.40,41.50,40.00,40.00,40.50,40.89
"....Bukidnon","Rice Premium",36.00,36.00,36.00,36.00,36.00,36.00,36.75,38.60,39.00,38.00,38.20,39.00,37.13
"....Bukidnon","Well Milled Rice (WMR)",34.00,34.00,34.00,34.00,34.00,34.00,34.75,36.80,37.50,37.00,37.10,37.88,35.42
"....Bukidnon","Regular Milled Rice (RMR)",32.00,32.00,32.00,32.00,32.00,32.00,34.00,35.80,36.25,35.25,35.20,36.25,33.73
"....Bukidnon","Corngrain Yellow",..,..,..,..,..,..,..,..,..,..,..,..,..
"....Bukidnon","Corngrain White",..,..,..,..,..,..,..,..,..,..,..,..,..
"....Bukidnon","Corngrits Yellow",21.00,21.00,20.70,21.00,21.00,21.00,20.75,19.30,19.25,19.25,19.60,20.00,20.32
"....Bukidnon","Corngrits White",25.00,25.00,25.00,25.00,25.00,25.00,24.75,24.00,23.00,23.00,24.40,26.00,24.60
"....Camiguin","Rice Special",..,..,..,..,..,..,..,..,..,..,43.00,..,43.00
"....Camiguin","Rice Premium",39.45,40.65,41.00,39.50,39.25,40.00,40.75,42.92,44.73,40.00,42.46,42.75,41.12
"....Camiguin","Well Milled Rice (WMR)",35.40,37.00,37.00,35.00,34.50,35.20,37.30,40.16,41.95,38.00,39.60,41.00,37.68
"....Camiguin","Regular Milled Rice (RMR)",31.50,32.50,32.36,32.30,32.41,32.64,33.95,36.14,39.20,35.95,37.75,37.50,34.52
"....Camiguin","Corngrain Yellow",..,..,..,..,..,..,..,..,..,..,..,..,..
"....Camiguin","Corngrain White",..,..,..,..,..,..,..,..,..,..,..,..,..
"....Camiguin","Corngrits Yellow",..,..,..,..,28.10,21.00,21.15,21.76,20.80,20.55,21.63,20.75,21.97
"....Camiguin","Corngrits White",28.00,28.35,28.60,28.80,28.38,..,24.60,24.45,24.40,24.85,28.60,29.00,27.09
"....Lanao del Norte","Rice Special",..,..,..,..,..,..,..,..,..,..,..,..,..
"....Lanao del Norte","Rice Premium",39.00,39.25,40.00,40.00,40.00,40.00,40.00,40.20,41.00,40.50,39.00,40.50,39.95
"....Lanao del Norte","Well Milled Rice (WMR)",36.00,36.63,37.50,37.50,37.50,37.50,37.50,37.50,37.25,33.50,33.50,37.50,36.62
"....Lanao del Norte","Regular Milled Rice (RMR)",29.50,28.13,28.50,28.50,28.50,28.50,28.50,28.60,29.50,28.50,28.00,33.63,29.03
"....Lanao del Norte","Corngrain Yellow",..,..,..,..,..,..,..,..,..,..,..,..,..
"....Lanao del Norte","Corngrain White",..,..,..,..,..,..,..,..,..,..,..,..,..
"....Lanao del Norte","Corngrits Yellow",..,..,..,..,..,..,..,..,..,..,..,..,..
"....Lanao del Norte","Corngrits White",27.13,27.00,27.00,27.00,27.00,27.20,27.38,25.60,24.88,24.25,24.00,26.50,26.25
"....Misamis Occidental","Rice Special",..,..,..,..,..,..,..,..,..,..,..,..,..
"....Misamis Occidental","Rice Premium",33.50,33.50,33.50,33.63,34.13,35.04,37.55,39.60,40.00,39.00,38.70,38.75,36.41
"....Misamis Occidental","Well Milled Rice (WMR)",32.50,32.50,32.00,32.25,33.25,34.10,36.45,38.60,38.25,38.00,37.70,37.63,35.27
"....Misamis Occidental","Regular Milled Rice (RMR)",30.00,30.00,30.00,30.50,32.00,33.20,35.43,37.60,36.50,36.00,35.88,36.08,33.60
"....Misamis Occidental","Corngrain Yellow",..,..,..,..,..,..,..,..,..,..,..,..,..
"....Misamis Occidental","Corngrain White",..,..,..,..,..,..,..,..,..,..,..,..,..
"....Misamis Occidental","Corngrits Yellow",22.00,21.50,21.00,21.00,20.00,20.00,20.00,20.00,20.00,20.00,20.00,20.00,20.46
"....Misamis Occidental","Corngrits White",26.25,25.50,26.70,27.25,26.25,26.90,25.63,23.20,23.75,24.00,25.20,26.85,25.62
"....Misamis Oriental","Rice Special",..,..,..,..,..,..,..,..,..,..,..,..,..
"....Misamis Oriental","Rice Premium",38.30,38.90,39.16,39.40,39.60,39.60,39.90,40.60,40.40,39.40,40.00,40.00,39.61
"....Misamis Oriental","Well Milled Rice (WMR)",33.20,33.50,33.60,33.80,33.95,34.28,35.60,38.00,38.93,37.80,38.00,38.00,35.72
"....Misamis Oriental","Regular Milled Rice (RMR)",29.08,28.30,30.24,31.80,31.90,31.64,32.75,35.56,36.00,35.20,35.44,36.00,32.83
"....Misamis Oriental","Corngrain Yellow",..,..,..,..,..,..,..,..,..,..,..,..,..
"....Misamis Oriental","Corngrain White",..,..,..,..,..,..,..,..,..,..,..,..,..
"....Misamis Oriental","Corngrits Yellow",22.44,21.68,21.77,22.17,22.54,22.91,21.93,19.59,18.83,19.84,22.50,22.50,21.56
"....Misamis Oriental","Corngrits White",24.84,25.02,27.29,28.46,26.10,26.08,25.35,22.97,22.65,24.05,27.17,28.13,25.68
"..REGION XI (DAVAO REGION)","Rice Special",..,..,..,..,..,..,..,..,..,..,..,..,..
"..REGION XI (DAVAO REGION)","Rice Premium",38.00,38.00,38.00,38.00,38.00,38.20,40.00,43.08,44.10,42.95,41.88,42.00,40.18
"..REGION XI (DAVAO REGION)","Well Milled Rice (WMR)",33.85,33.90,33.62,33.42,33.61,34.42,36.73,39.72,39.16,38.46,38.40,38.70,36.17
"..REGION XI (DAVAO REGION)","Regular Milled Rice (RMR)",30.52,30.57,30.48,30.39,30.83,32.02,33.10,34.98,34.84,34.86,35.03,35.60,32.77
"..REGION XI (DAVAO REGION)","Corngrain Yellow",11.25,10.88,10.40,10.44,10.25,9.90,10.88,10.00,11.00,10.44,10.25,10.25,10.50
"..REGION XI (DAVAO REGION)","Corngrain White",..,..,..,..,..,..,..,..,..,..,..,..,..
"..REGION XI (DAVAO REGION)","Corngrits Yellow",21.00,21.00,20.20,20.00,20.75,20.00,20.00,19.80,19.00,19.50,20.00,20.00,20.10
"..REGION XI (DAVAO REGION)","Corngrits White",24.83,24.89,25.54,25.77,25.92,25.50,24.08,22.72,22.81,23.09,24.54,25.71,24.62
"....Davao de Oro","Rice Special",..,..,..,..,..,..,..,..,..,..,..,..,..
"....Davao de Oro","Rice Premium",..,..,..,..,..,..,..,..,..,..,..,..,..
"....Davao de Oro","Well Milled Rice (WMR)",33.00,33.00,33.00,33.50,34.00,34.00,35.00,36.80,36.00,37.50,38.00,38.00,35.15
"....Davao de Oro","Regular Milled Rice (RMR)",29.00,29.25,30.00,31.00,32.00,32.00,32.00,34.40,34.00,35.50,36.00,36.00,32.60
"....Davao de Oro","Corngrain Yellow",..,..,..,..,..,..,..,..,..,..,..,..,..
"....Davao de Oro","Corngrain White",..,..,..,..,..,..,..,..,..,..,..,..,..
"....Davao de Oro","Corngrits Yellow",..,..,..,..,..,..,..,..,..,..,..,..,..
"....Davao de Oro","Corngrits White",24.00,24.00,24.00,25.00,26.00,26.00,24.50,21.20,21.50,22.00,23.20,24.00,23.78
"....Davao del Norte","Rice Special",..,..,..,..,..,..,..,..,..,..,..,..,..
"....Davao del Norte","Rice Premium",..,..,..,..,..,..,..,..,..,..,..,..,..
"....Davao del Norte","Well Milled Rice (WMR)",32.75,33.00,31.80,31.00,31.25,33.52,37.15,41.20,37.40,36.00,36.40,38.00,34.96
"....Davao del Norte","Regular Milled Rice (RMR)",31.00,31.00,30.20,30.00,30.00,32.32,35.50,39.12,35.75,35.00,35.20,37.00,33.51
"....Davao del Norte","Corngrain Yellow",..,..,..,..,..,..,..,..,..,..,..,..,..
"....Davao del Norte","Corngrain White",..,..,..,..,..,..,..,..,..,..,..,..,..
"....Davao del Norte","Corngrits Yellow",..,..,..,..,..,..,..,..,..,..,..,..,..
"....Davao del Norte","Corngrits White",24.25,24.13,25.53,25.60,25.15,24.38,21.75,21.42,22.00,22.75,24.80,25.80,23.96
"....Davao del Sur","Rice Special",..,..,..,..,..,..,..,..,..,..,..,..,..
"....Davao del Sur","Rice Premium",..,..,..,..,..,..,..,..,..,..,..,..,..
"....Davao del Sur","Well Milled Rice (WMR)",34.49,34.49,34.28,33.62,33.80,34.20,36.85,39.08,39.00,38.75,38.60,39.00,36.35
"....Davao del Sur","Regular Milled Rice (RMR)",29.60,30.61,30.20,28.95,30.15,31.40,33.00,33.40,35.45,35.30,34.56,35.00,32.30
"....Davao del Sur","Corngrain Yellow",..,..,..,..,..,..,..,..,..,..,..,..,..
"....Davao del Sur","Corngrain White",..,..,..,..,..,..,..,..,..,..,..,..,..
"....Davao del Sur","Corngrits Yellow",..,..,..,..,..,..,..,..,..,..,..,..,..
"....Davao del Sur","Corngrits White",24.50,24.84,25.79,25.32,25.22,24.90,24.13,23.20,22.67,22.69,24.50,26.00,24.48
"....Davao Occidental","Rice Special",..,..,..,..,..,..,..,..,..,..,..,..,..
"....Davao Occidental","Rice Premium",..,..,..,..,..,..,..,..,..,..,..,..,..
"....Davao Occidental","Well Milled Rice (WMR)",..,..,..,..,..,..,..,..,..,..,..,..,..
"....Davao Occidental","Regular Milled Rice (RMR)",..,..,..,..,..,..,..,..,..,..,..,..,..
"....Davao Occidental","Corngrain Yellow",..,..,..,..,..,..,..,..,..,..,..,..,..
"....Davao Occidental","Corngrain White",..,..,..,..,..,..,..,..,..,..,..,..,..
"....Davao Occidental","Corngrits Yellow",..,..,..,..,..,..,..,..,..,..,..,..,..
"....Davao Occidental","Corngrits White",..,..,..,..,..,..,..,..,..,..,..,..,..
"....Davao Oriental","Rice Special",..,..,..,..,..,..,..,..,..,..,..,..,..
"....Davao Oriental","Rice Premium",..,..,..,..,..,..,..,..,..,..,..,..,..
"....Davao Oriental","Well Milled Rice (WMR)",35.00,35.00,35.00,35.00,35.00,35.60,36.85,41.10,41.75,40.25,39.20,39.00,37.40
"....Davao Oriental","Regular Milled Rice (RMR)",32.00,32.00,32.00,32.00,32.00,32.60,33.00,34.60,35.00,35.00,35.00,35.00,33.35
"....Davao Oriental","Corngrain Yellow",11.25,10.88,10.40,10.44,10.25,9.90,10.88,10.00,11.00,10.44,10.25,10.25,10.50
"....Davao Oriental","Corngrain White",..,..,..,..,..,..,..,..,..,..,..,..,..
"....Davao Oriental","Corngrits Yellow",..,..,..,..,..,..,..,..,..,..,..,..,..
"....Davao Oriental","Corngrits White",25.40,25.40,25.56,25.95,25.50,25.24,23.50,22.76,22.90,23.00,24.40,25.00,24.55
"....City of Davao","Rice Special",..,..,..,..,..,..,..,..,..,..,..,..,..
"....City of Davao","Rice Premium",38.00,38.00,38.00,38.00,38.00,38.20,40.00,43.08,44.10,42.95,41.88,42.00,40.18
"....City of Davao","Well Milled Rice (WMR)",34.00,34.00,34.00,34.00,34.00,34.80,37.80,40.40,41.65,39.80,39.80,39.50,36.98
"....City of Davao","Regular Milled Rice (RMR)",31.00,30.00,30.00,30.00,30.00,31.80,32.00,33.36,34.00,33.50,34.40,35.00,32.09
"....City of Davao","Corngrain Yellow",..,..,..,..,..,..,..,..,..,..,..,..,..
"....City of Davao","Corngrain White",..,..,..,..,..,..,..,..,..,..,..,..,..
"....City of Davao","Corngrits Yellow",21.00,21.00,20.20,20.00,20.75,20.00,20.00,19.80,19.00,19.50,20.00,20.00,20.10
"....City of Davao","Corngrits White",26.00,26.10,26.80,27.00,27.75,27.00,26.50,25.00,25.00,25.00,25.80,27.75,26.31
"..REGION XII (SOCCSKSARGEN)","Rice Special",32.00,31.63,29.00,30.13,29.00,28.20,30.25,33.40,35.00,33.50,33.00,32.00,37.32
"..REGION XII (SOCCSKSARGEN)","Rice Premium",32.28,32.25,32.02,31.95,32.19,33.47,37.37,39.67,38.29,36.92,36.57,36.98,36.48
"..REGION XII (SOCCSKSARGEN)","Well Milled Rice (WMR)",29.86,28.90,29.13,29.08,29.62,31.01,34.58,36.25,35.01,33.42,33.40,34.15,32.85
"..REGION XII (SOCCSKSARGEN)","Regular Milled Rice (RMR)",28.80,28.46,28.25,28.77,29.34,31.59,35.48,36.85,34.20,32.69,32.87,34.29,32.31
"..REGION XII (SOCCSKSARGEN)","Corngrain Yellow",12.81,11.48,11.15,11.22,11.18,11.21,11.10,11.06,10.82,11.38,11.95,12.19,13.42
"..REGION XII (SOCCSKSARGEN)","Corngrain White",15.88,14.78,16.21,15.59,15.47,15.10,12.78,12.71,12.83,13.38,14.82,15.52,15.78
"..REGION XII (SOCCSKSARGEN)","Corngrits Yellow",20.00,20.00,19.95,20.00,20.00,20.00,20.00,19.25,19.00,18.75,18.70,19.17,19.37
"..REGION XII (SOCCSKSARGEN)","Corngrits White",20.78,20.95,21.17,21.35,21.30,21.59,21.61,21.19,20.83,20.66,21.13,21.35,22.37
"....Cotabato","Rice Special",..,..,..,..,..,..,..,..,..,..,..,..,..
"....Cotabato","Rice Premium",33.55,33.70,33.23,33.10,33.33,33.69,36.45,40.25,39.63,37.44,36.58,37.00,35.66
"....Cotabato","Well Milled Rice (WMR)",31.04,30.00,30.43,30.76,30.62,32.42,35.07,38.20,37.85,35.20,34.99,36.00,33.55
"....Cotabato","Regular Milled Rice (RMR)",29.84,29.19,28.15,28.85,29.03,30.89,33.63,36.70,35.60,33.28,32.60,33.41,31.76
"....Cotabato","Corngrain Yellow",..,..,..,..,..,..,..,..,..,..,..,..,..
"....Cotabato","Corngrain White",..,..,..,..,..,..,..,..,..,..,..,..,..
"....Cotabato","Corngrits Yellow",19.00,19.00,18.89,19.00,19.00,19.00,19.00,17.50,17.00,16.50,16.40,17.33,18.14
"....Cotabato","Corngrits White",25.00,25.00,25.00,25.00,25.00,25.59,25.59,23.96,23.39,23.24,23.40,24.80,24.58
"....Sarangani","Rice Special",..,..,..,..,..,..,..,..,..,..,..,..,..
"....Sarangani","Rice Premium",31.00,30.80,30.80,30.80,31.05,33.24,38.28,39.08,36.95,36.40,36.56,36.95,34.33
"....Sarangani","Well Milled Rice (WMR)",29.70,29.60,29.60,29.90,30.70,32.72,37.10,38.08,35.60,34.50,34.84,35.95,33.19
"....Sarangani","Regular Milled Rice (RMR)",28.60,28.45,28.36,28.90,29.55,31.96,36.15,37.08,34.00,32.70,33.40,34.85,32.00
"....Sarangani","Corngrain Yellow",..,..,..,..,..,..,..,..,..,..,..,..,..
"....Sarangani","Corngrain White",..,..,..,..,..,..,..,..,..,..,..,..,..
"....Sarangani","Corngrits Yellow",..,..,..,..,..,..,..,..,..,..,..,..,..
"....Sarangani","Corngrits White",24.25,24.75,25.40,25.90,25.80,26.08,25.90,25.60,25.10,24.75,26.00,25.25,25.40
"....Sultan Kudarat","Rice Special",32.00,31.63,29.00,30.13,29.00,28.20,30.25,33.40,35.00,33.50,33.00,32.00,31.43
"....Sultan Kudarat","Rice Premium",..,..,..,..,..,..,..,..,..,..,..,..,..
"....Sultan Kudarat","Well Milled Rice (WMR)",30.00,27.60,27.00,26.50,27.00,26.20,28.25,30.80,32.00,30.50,30.00,29.00,28.74
"....Sultan Kudarat","Regular Milled Rice (RMR)",..,..,..,..,..,..,..,..,..,..,..,..,..
"....Sultan Kudarat","Corngrain Yellow",12.98,10.65,10.60,10.68,10.65,10.72,10.40,10.32,9.93,10.80,11.44,11.68,10.90
"....Sultan Kudarat","Corngrain White",15.65,13.75,15.50,14.98,14.93,14.20,11.70,11.82,12.05,12.75,14.02,14.23,13.80
"....Sultan Kudarat","Corngrits Yellow",..,..,..,..,..,..,..,..,..,..,..,..,..
"....Sultan Kudarat","Corngrits White",13.10,13.10,13.10,13.15,13.10,13.10,13.33,14.00,14.00,14.00,14.00,14.00,13.50
"....South Cotabato","Rice Special",..,..,..,..,..,..,..,..,..,..,..,..,43.21
"....South Cotabato","Rice Premium",..,..,..,..,..,..,..,..,..,..,..,..,39.44
"....South Cotabato","Well Milled Rice (WMR)",28.70,28.40,29.48,29.15,30.15,32.68,37.90,37.92,34.60,33.48,33.76,35.65,35.93
"....South Cotabato","Regular Milled Rice (RMR)",27.95,27.75,28.24,28.55,29.45,31.92,36.65,36.76,33.00,32.10,32.60,34.60,33.16
"....South Cotabato","Corngrain Yellow",12.63,12.30,11.70,11.75,11.70,11.70,11.80,11.80,11.70,11.95,12.46,12.70,15.94
"....South Cotabato","Corngrain White",16.10,15.80,16.92,16.20,16.00,16.00,13.85,13.60,13.60,14.00,15.62,16.80,17.75
"....South Cotabato","Corngrits Yellow",21.00,21.00,21.00,21.00,21.00,21.00,21.00,21.00,21.00,21.00,21.00,21.00,20.60
"....South Cotabato","Corngrits White",..,..,..,..,..,..,..,..,..,..,..,..,26.01
"..REGION XIII (CARAGA)","Rice Special",..,..,..,..,..,..,..,..,..,..,..,..,43.21
"..REGION XIII (CARAGA)","Rice Premium",37.80,37.84,37.74,37.79,37.29,37.76,38.32,40.84,42.28,42.37,40.93,41.30,39.71
"..REGION XIII (CARAGA)","Well Milled Rice (WMR)",34.40,34.51,34.00,33.65,33.62,33.82,35.51,38.78,38.88,38.71,38.53,38.69,35.85
"..REGION XIII (CARAGA)","Regular Milled Rice (RMR)",31.66,31.60,31.33,31.11,31.09,31.55,32.36,35.43,36.05,35.66,35.25,35.63,32.78
"..REGION XIII (CARAGA)","Corngrain Yellow",..,..,13.00,..,..,..,..,..,..,..,..,..,18.87
"..REGION XIII (CARAGA)","Corngrain White",..,..,18.00,..,..,..,..,..,..,..,..,..,17.50
"..REGION XIII (CARAGA)","Corngrits Yellow",21.40,21.40,23.40,21.90,24.00,24.00,22.75,19.60,18.94,18.97,19.75,20.75,21.34
"..REGION XIII (CARAGA)","Corngrits White",26.02,25.91,26.81,27.40,27.05,26.79,25.55,23.76,24.17,24.18,24.87,25.83,26.94
"....Agusan del Norte","Rice Special",..,..,..,..,..,..,..,..,..,..,..,..,..
"....Agusan del Norte","Rice Premium",37.70,37.71,37.81,37.97,36.23,36.72,37.65,41.56,40.50,39.70,39.32,39.90,38.56
"....Agusan del Norte","Well Milled Rice (WMR)",33.01,33.62,33.71,33.31,33.32,32.60,34.55,37.60,38.25,38.25,37.52,37.95,35.31
"....Agusan del Norte","Regular Milled Rice (RMR)",30.15,30.51,30.20,31.42,30.96,31.52,32.00,35.12,35.60,34.90,34.60,35.40,32.70
"....Agusan del Norte","Corngrain Yellow",..,..,13.00,..,..,..,..,..,..,..,..,..,13.00
"....Agusan del Norte","Corngrain White",..,..,18.00,..,..,..,..,..,..,..,..,..,18.00
"....Agusan del Norte","Corngrits Yellow",19.79,19.79,19.79,19.79,..,..,..,..,17.88,17.50,19.50,20.00,19.26
"....Agusan del Norte","Corngrits White",25.99,25.73,27.59,27.60,..,..,..,..,24.00,24.00,25.00,26.30,25.78
"....Agusan del Sur","Rice Special",..,..,..,..,..,..,..,..,..,..,..,..,..
"....Agusan del Sur","Rice Premium",37.00,37.00,37.00,37.00,37.00,37.00,37.00,38.20,42.50,42.00,40.00,40.00,38.48
"....Agusan del Sur","Well Milled Rice (WMR)",34.00,34.00,34.40,35.00,35.00,35.00,35.50,36.60,37.00,37.00,37.00,37.00,35.63
"....Agusan del Sur","Regular Milled Rice (RMR)",32.00,32.00,32.00,32.00,32.00,32.00,32.50,33.60,34.00,34.00,34.00,34.00,32.84
"....Agusan del Sur","Corngrain Yellow",..,..,..,..,..,..,..,..,..,..,..,..,..
"....Agusan del Sur","Corngrain White",..,..,..,..,..,..,..,..,..,..,..,..,..
"....Agusan del Sur","Corngrits Yellow",23.00,23.00,27.00,24.00,24.00,24.00,22.75,19.60,20.00,20.00,20.00,21.50,22.40
"....Agusan del Sur","Corngrits White",25.00,25.00,25.80,27.00,27.00,27.00,26.25,24.00,23.50,23.00,23.00,23.50,25.00
"....Dinagat Islands","Rice Special",..,..,..,..,..,..,..,..,..,..,..,..,..
"....Dinagat Islands","Rice Premium",..,..,..,..,..,..,..,..,..,..,..,..,..
"....Dinagat Islands","Well Milled Rice (WMR)",..,..,..,..,..,..,..,..,..,..,..,..,..
"....Dinagat Islands","Regular Milled Rice (RMR)",..,..,..,..,..,..,..,..,..,..,..,..,..
"....Dinagat Islands","Corngrain Yellow",..,..,..,..,..,..,..,..,..,..,..,..,..
"....Dinagat Islands","Corngrain White",..,..,..,..,..,..,..,..,..,..,..,..,..
"....Dinagat Islands","Corngrits Yellow",..,..,..,..,..,..,..,..,..,..,..,..,..
"....Dinagat Islands","Corngrits White",..,..,..,..,..,..,..,..,..,..,..,..,..
"....Surigao del Norte","Rice Special",..,..,..,..,..,..,..,..,..,..,..,..,..
"....Surigao del Norte","Rice Premium",38.70,38.80,38.40,38.40,38.65,39.56,40.30,42.76,43.83,45.40,43.48,44.00,41.02
"....Surigao del Norte","Well Milled Rice (WMR)",35.10,35.40,34.68,33.30,33.15,34.68,37.00,40.72,40.25,39.60,39.60,39.80,36.94
"....Surigao del Norte","Regular Milled Rice (RMR)",32.00,31.90,31.60,31.00,31.40,32.68,34.95,38.40,37.35,37.00,36.40,37.10,34.32
"....Surigao del Norte","Corngrain Yellow",..,..,..,..,..,..,..,..,..,..,..,..,..
"....Surigao del Norte","Corngrain White",..,..,..,..,..,..,..,..,..,..,..,..,..
"....Surigao del Norte","Corngrits Yellow",..,..,..,..,..,..,..,..,..,19.40,..,..,19.40
"....Surigao del Norte","Corngrits White",27.08,26.99,27.05,27.60,27.10,26.58,24.85,23.52,25.00,25.53,26.62,27.69,26.30
"....Surigao del Sur","Rice Special",..,..,..,..,..,..,..,..,..,..,..,..,43.21
"....Surigao del Sur","Rice Premium",..,..,..,..,..,..,..,..,..,..,..,..,40.78
"....Surigao del Sur","Well Milled Rice (WMR)",35.50,35.00,33.20,33.00,33.00,33.00,35.00,40.20,40.00,40.00,40.00,40.00,35.52
"....Surigao del Sur","Regular Milled Rice (RMR)",32.50,32.00,31.50,30.00,30.00,30.00,30.00,34.60,37.25,36.75,36.00,36.00,31.24
"....Surigao del Sur","Corngrain Yellow",..,..,..,..,..,..,..,..,..,..,..,..,24.74
"....Surigao del Sur","Corngrain White",..,..,..,..,..,..,..,..,..,..,..,..,17.00
"....Surigao del Sur","Corngrits Yellow",..,..,..,..,..,..,..,..,..,..,..,..,24.29
"....Surigao del Sur","Corngrits White",..,..,..,..,..,..,..,..,..,..,..,..,30.66
"..AUTONOMOUS REGION IN MUSLIM MINDANAO (ARMM)","Rice Special",42.38,42.38,42.78,42.83,42.83,42.84,43.30,43.27,44.38,44.08,43.70,43.73,43.21
"..AUTONOMOUS REGION IN MUSLIM MINDANAO (ARMM)","Rice Premium",40.25,40.25,40.60,40.75,40.25,40.10,40.85,40.93,41.85,41.38,41.00,41.13,40.78
"..AUTONOMOUS REGION IN MUSLIM MINDANAO (ARMM)","Well Milled Rice (WMR)",34.80,34.80,35.62,35.52,35.18,35.17,35.71,35.80,36.47,36.06,35.46,35.64,35.52
"..AUTONOMOUS REGION IN MUSLIM MINDANAO (ARMM)","Regular Milled Rice (RMR)",31.25,31.25,31.20,31.13,31.00,30.95,31.50,31.45,31.50,31.25,31.10,31.25,31.24
"..AUTONOMOUS REGION IN MUSLIM MINDANAO (ARMM)","Corngrain Yellow",22.17,22.67,22.83,22.83,23.83,23.30,23.17,22.97,24.63,23.08,23.23,22.83,24.74
"..AUTONOMOUS REGION IN MUSLIM MINDANAO (ARMM)","Corngrain White",17.00,17.00,17.00,17.00,17.00,17.00,17.00,17.00,17.00,17.00,17.00,17.00,17.00
"..AUTONOMOUS REGION IN MUSLIM MINDANAO (ARMM)","Corngrits Yellow",23.00,23.00,23.00,23.00,24.50,25.00,25.00,25.00,25.00,25.00,25.00,25.00,24.29
"..AUTONOMOUS REGION IN MUSLIM MINDANAO (ARMM)","Corngrits White",31.00,31.00,30.20,30.00,30.00,30.30,30.50,30.50,30.50,30.50,31.40,32.00,30.66
"....Basilan","Rice Special",44.00,44.00,44.80,45.00,45.00,45.00,45.00,45.00,48.00,46.50,45.00,45.00,45.19
"....Basilan","Rice Premium",39.00,39.00,39.80,40.00,40.00,40.00,40.00,40.00,43.00,41.50,40.00,40.00,40.19
"....Basilan","Well Milled Rice (WMR)",36.00,36.00,36.00,36.00,36.00,36.00,36.00,36.00,39.00,37.50,34.80,34.00,36.11
"....Basilan","Regular Milled Rice (RMR)",32.00,32.00,33.60,33.50,33.00,32.00,32.00,32.60,32.75,32.00,31.40,31.00,32.32
"....Basilan","Corngrain Yellow",..,..,..,..,..,..,..,..,..,..,..,..,..
"....Basilan","Corngrain White",..,..,..,..,..,..,..,..,..,..,..,..,..
"....Basilan","Corngrits Yellow",..,..,..,..,..,..,..,..,..,..,..,..,..
"....Basilan","Corngrits White",..,..,..,..,..,..,..,..,..,..,..,..,..
"....Lanao del Sur","Rice Special",52.00,52.00,52.00,52.00,52.00,52.00,52.00,52.00,52.00,52.00,52.00,52.00,52.00
"....Lanao del Sur","Rice Premium",47.00,47.00,47.00,47.00,47.00,47.00,47.00,47.00,47.00,47.00,47.00,47.00,47.00
"....Lanao del Sur","Well Milled Rice (WMR)",45.00,45.00,45.00,45.00,45.00,45.00,45.00,45.00,45.00,45.00,45.00,45.00,45.00
"....Lanao del Sur","Regular Milled Rice (RMR)",33.00,33.00,33.00,33.00,33.00,33.00,33.00,33.00,33.00,33.00,33.00,33.00,33.00
"....Lanao del Sur","Corngrain Yellow",15.50,15.50,15.50,15.50,15.50,15.50,15.50,15.50,15.50,15.50,15.50,15.50,15.50
"....Lanao del Sur","Corngrain White",14.00,14.00,14.00,14.00,14.00,14.00,14.00,14.00,14.00,14.00,14.00,14.00,14.00
"....Lanao del Sur","Corngrits Yellow",..,..,..,..,..,..,..,..,..,..,..,..,..
"....Lanao del Sur","Corngrits White",..,..,..,..,..,..,..,..,..,..,..,..,..
"....Maguindanao","Rice Special",39.50,39.50,39.50,39.50,39.50,39.70,42.38,42.70,43.13,43.00,43.00,43.00,41.20
"....Maguindanao","Rice Premium",37.00,37.00,36.00,36.00,36.00,36.20,39.38,40.30,41.13,41.00,41.00,41.00,38.50
"....Maguindanao","Well Milled Rice (WMR)",35.00,35.00,34.00,34.00,34.00,34.70,38.63,39.70,39.75,39.50,39.50,39.50,36.94
"....Maguindanao","Regular Milled Rice (RMR)",32.00,32.00,30.20,30.00,30.00,30.80,33.00,33.40,34.25,34.00,34.00,34.00,32.30
"....Maguindanao","Corngrain Yellow",18.00,18.00,18.00,18.00,18.00,18.00,18.00,18.00,18.00,18.00,18.00,18.00,18.00
"....Maguindanao","Corngrain White",20.00,20.00,20.00,20.00,20.00,20.00,20.00,20.00,20.00,20.00,20.00,20.00,20.00
"....Maguindanao","Corngrits Yellow",23.00,23.00,23.00,23.00,24.50,25.00,25.00,25.00,25.00,25.00,25.00,25.00,24.29
"....Maguindanao","Corngrits White",31.00,31.00,30.20,30.00,30.00,30.30,30.50,30.50,30.50,30.50,31.40,32.00,30.66
"....Sulu","Rice Special",..,..,..,..,..,..,..,..,..,..,..,..,..
"....Sulu","Rice Premium",38.00,38.00,39.60,40.00,38.00,37.20,37.00,36.40,36.25,36.00,36.00,36.50,37.41
"....Sulu","Well Milled Rice (WMR)",32.00,32.00,32.80,33.00,32.00,32.00,32.00,32.00,32.00,32.00,32.00,32.50,32.19
"....Sulu","Regular Milled Rice (RMR)",28.00,28.00,28.00,28.00,28.00,28.00,28.00,26.80,26.00,26.00,26.00,27.00,27.32
"....Sulu","Corngrain Yellow",33.00,34.50,35.00,35.00,38.00,36.40,36.00,35.40,35.00,35.75,36.20,35.00,35.44
"....Sulu","Corngrain White",..,..,..,..,..,..,..,..,..,..,..,..,..
"....Sulu","Corngrits Yellow",..,..,..,..,..,..,..,..,..,..,..,..,..
"....Sulu","Corngrits White",..,..,..,..,..,..,..,..,..,..,..,..,..
"....Tawi-tawi","Rice Special",34.00,34.00,34.80,34.80,34.80,34.64,33.80,33.36,34.40,34.80,34.80,34.90,34.43
"....Tawi-tawi","Rice Premium",..,..,..,..,..,..,..,..,..,..,..,..,..
"....Tawi-tawi","Well Milled Rice (WMR)",26.00,26.00,30.32,29.60,28.90,28.16,26.90,26.32,26.60,26.30,26.00,27.20,27.36
"....Tawi-tawi","Regular Milled Rice (RMR)",..,..,..,..,..,..,..,..,..,..,..,..,..
"....Tawi-tawi","Corngrain Yellow",..,..,..,..,..,..,..,..,30.00,..,..,..,30.00
"....Tawi-tawi","Corngrain White",..,..,..,..,..,..,..,..,..,..,..,..,..
"....Tawi-tawi","Corngrits Yellow",..,..,..,..,..,..,..,..,..,..,..,..,..
"....Tawi-tawi","Corngrits White",..,..,..,..,..,..,..,..,..,..,..,..,..
