"Geolocation","Commodity","2020 January","2020 February","2020 March","2020 April","2020 May","2020 June","2020 July","2020 August","2020 September","2020 October","2020 November","2020 December","2020 Annual"
"PHILIPPINES","Celery",48.77,28.36,41.83,49.54,65.95,62.92,48.42,34.54,58.59,49.79,83.35,92.73,57.80
"PHILIPPINES","Broccoli",41.15,45.30,39.13,47.35,68.04,64.57,71.03,62.19,48.00,50.60,93.62,87.66,62.81
"PHILIPPINES","Cabbage",27.56,25.06,29.50,40.23,49.77,42.60,33.39,24.74,28.37,29.82,50.37,73.21,39.19
"PHILIPPINES","Cauliflower",55.64,39.91,30.06,52.92,50.37,64.00,63.42,63.78,43.81,56.90,107.83,93.95,63.52
"PHILIPPINES","Lettuce head",45.69,47.64,47.51,50.06,78.73,59.31,41.15,42.10,30.89,53.24,136.72,155.70,69.49
"PHILIPPINES","Pechay Baguio [Chinese cabbage]",20.99,20.11,27.43,30.87,38.30,33.06,25.81,23.23,24.01,24.74,48.72,68.37,32.84
"PHILIPPINES","Pechay native",35.06,33.72,37.32,45.11,47.50,46.38,37.16,44.21,44.98,47.43,71.58,48.59,45.79
"..NATIONAL CAPITAL REGION (NCR)","Celery",47.80,37.79,42.15,60.00,75.08,77.20,55.91,50.00,..,44.53,91.33,111.06,62.99
"..NATIONAL CAPITAL REGION (NCR)","Broccoli",58.18,61.74,54.70,58.90,96.08,89.11,99.83,83.88,..,..,118.73,122.81,84.40
"..NATIONAL CAPITAL REGION (NCR)","Cabbage",18.48,17.23,21.46,42.77,60.78,42.80,27.22,17.03,..,..,54.55,83.28,38.56
"..NATIONAL CAPITAL REGION (NCR)","Cauliflower",51.88,47.28,36.50,72.77,73.72,108.56,108.78,104.38,..,..,148.53,115.88,86.83
"..NATIONAL CAPITAL REGION (NCR)","Lettuce head",60.65,56.38,58.46,68.33,98.75,76.11,58.94,51.07,..,..,161.87,180.50,87.11
"..NATIONAL CAPITAL REGION (NCR)","Pechay Baguio [Chinese cabbage]",15.93,15.49,16.40,27.20,39.50,26.02,19.19,17.49,..,..,52.25,68.83,29.83
"..NATIONAL CAPITAL REGION (NCR)","Pechay native",22.49,21.75,23.08,53.30,53.00,51.11,35.41,49.00,..,..,108.21,36.99,45.43
"..CORDILLERA ADMINISTRATIVE REGION (CAR)","Celery",29.98,18.93,23.18,28.63,62.78,51.56,23.87,19.08,24.22,31.76,69.88,72.00,37.99
"..CORDILLERA ADMINISTRATIVE REGION (CAR)","Broccoli",24.11,28.85,23.56,35.79,40.00,40.02,42.22,40.50,48.00,50.60,68.50,52.50,41.22
"..CORDILLERA ADMINISTRATIVE REGION (CAR)","Cabbage",10.71,11.53,16.49,26.95,46.78,32.22,18.84,10.58,10.29,10.71,42.60,76.16,26.16
"..CORDILLERA ADMINISTRATIVE REGION (CAR)","Cauliflower",29.44,32.68,23.61,39.62,36.30,44.44,41.33,43.73,37.00,48.46,98.33,43.91,43.24
"..CORDILLERA ADMINISTRATIVE REGION (CAR)","Lettuce head",30.73,38.90,36.55,31.79,58.70,42.50,23.36,33.13,30.89,53.24,111.57,130.90,51.86
"..CORDILLERA ADMINISTRATIVE REGION (CAR)","Pechay Baguio [Chinese cabbage]",11.60,10.13,12.67,15.73,26.33,19.89,11.38,10.63,11.69,11.49,42.83,66.12,20.87
"..CORDILLERA ADMINISTRATIVE REGION (CAR)","Pechay native",28.91,36.50,33.61,50.69,48.71,33.78,29.22,35.63,37.89,45.18,89.74,45.80,42.97
"....Abra","Celery",..,..,..,..,..,..,..,..,..,..,..,..,..
"....Abra","Broccoli",..,..,..,..,..,..,..,..,..,..,..,..,..
"....Abra","Cabbage",..,..,..,..,..,..,..,..,..,..,..,..,..
"....Abra","Cauliflower",..,..,..,..,..,..,..,..,..,..,..,..,..
"....Abra","Lettuce head",..,..,..,..,..,..,..,..,..,..,..,..,..
"....Abra","Pechay Baguio [Chinese cabbage]",..,..,..,..,..,..,..,..,..,..,..,..,..
"....Abra","Pechay native",..,..,..,..,..,..,..,..,..,..,..,..,..
"....Apayao","Celery",..,..,..,..,..,..,..,..,..,..,..,..,..
"....Apayao","Broccoli",..,..,..,..,..,..,..,..,..,..,..,..,..
"....Apayao","Cabbage",..,..,..,..,..,..,..,..,..,..,..,..,..
"....Apayao","Cauliflower",..,..,..,..,..,..,..,..,..,..,..,..,..
"....Apayao","Lettuce head",..,..,..,..,..,..,..,..,..,..,..,..,..
"....Apayao","Pechay Baguio [Chinese cabbage]",..,..,..,..,..,..,..,..,..,..,..,..,..
"....Apayao","Pechay native",..,..,..,..,..,..,..,..,..,..,..,..,..
"....Benguet","Celery",29.98,18.93,23.18,28.63,62.78,51.56,23.87,19.08,24.22,31.76,69.88,72.00,37.99
"....Benguet","Broccoli",24.11,28.85,23.56,35.79,40.00,40.02,42.22,40.50,48.00,50.60,68.50,52.50,41.22
"....Benguet","Cabbage",10.71,11.53,16.49,26.95,46.78,32.22,18.84,10.58,10.29,10.71,42.60,76.16,26.16
"....Benguet","Cauliflower",29.44,32.68,23.61,39.62,36.30,44.44,41.33,43.73,37.00,48.46,98.33,43.91,43.24
"....Benguet","Lettuce head",30.73,38.90,36.55,31.79,58.70,42.50,23.36,33.13,30.89,53.24,111.57,130.90,51.86
"....Benguet","Pechay Baguio [Chinese cabbage]",11.60,10.13,12.67,15.73,26.33,19.89,11.38,10.63,11.69,11.49,42.83,66.12,20.87
"....Benguet","Pechay native",28.91,36.50,33.61,50.69,48.71,33.78,29.22,35.63,37.89,45.18,89.74,45.80,42.97
"....Ifugao","Celery",..,..,..,..,..,..,..,..,..,..,..,..,..
"....Ifugao","Broccoli",..,..,..,..,..,..,..,..,..,..,..,..,..
"....Ifugao","Cabbage",..,..,..,..,..,..,..,..,..,..,..,..,..
"....Ifugao","Cauliflower",..,..,..,..,..,..,..,..,..,..,..,..,..
"....Ifugao","Lettuce head",..,..,..,..,..,..,..,..,..,..,..,..,..
"....Ifugao","Pechay Baguio [Chinese cabbage]",..,..,..,..,..,..,..,..,..,..,..,..,..
"....Ifugao","Pechay native",..,..,..,..,..,..,..,..,..,..,..,..,..
"....Kalinga","Celery",..,..,..,..,..,..,..,..,..,..,..,..,..
"....Kalinga","Broccoli",..,..,..,..,..,..,..,..,..,..,..,..,..
"....Kalinga","Cabbage",..,..,..,..,..,..,..,..,..,..,..,..,..
"....Kalinga","Cauliflower",..,..,..,..,..,..,..,..,..,..,..,..,..
"....Kalinga","Lettuce head",..,..,..,..,..,..,..,..,..,..,..,..,..
"....Kalinga","Pechay Baguio [Chinese cabbage]",..,..,..,..,..,..,..,..,..,..,..,..,..
"....Kalinga","Pechay native",..,..,..,..,..,..,..,..,..,..,..,..,..
"....Mountain Province","Celery",..,..,..,..,..,..,..,..,..,..,..,..,..
"....Mountain Province","Broccoli",..,..,..,..,..,..,..,..,..,..,..,..,..
"....Mountain Province","Cabbage",..,..,..,..,..,..,..,..,..,..,..,..,..
"....Mountain Province","Cauliflower",..,..,..,..,..,..,..,..,..,..,..,..,..
"....Mountain Province","Lettuce head",..,..,..,..,..,..,..,..,..,..,..,..,..
"....Mountain Province","Pechay Baguio [Chinese cabbage]",..,..,..,..,..,..,..,..,..,..,..,..,..
"....Mountain Province","Pechay native",..,..,..,..,..,..,..,..,..,..,..,..,..
"..REGION I (ILOCOS REGION)","Celery",..,..,..,..,..,..,..,..,..,..,..,..,..
"..REGION I (ILOCOS REGION)","Broccoli",..,..,..,..,..,..,..,..,..,..,..,..,..
"..REGION I (ILOCOS REGION)","Cabbage",34.00,32.00,30.31,28.00,29.29,30.82,28.13,27.15,21.20,18.20,37.92,75.50,32.71
"..REGION I (ILOCOS REGION)","Cauliflower",..,..,..,..,..,..,..,..,..,..,..,..,..
"..REGION I (ILOCOS REGION)","Lettuce head",..,..,..,..,..,..,..,..,..,..,..,..,..
"..REGION I (ILOCOS REGION)","Pechay Baguio [Chinese cabbage]",26.42,23.00,23.00,21.00,28.75,26.27,21.46,22.53,17.86,17.60,39.67,62.14,27.48
"..REGION I (ILOCOS REGION)","Pechay native",..,..,..,..,..,..,27.00,31.10,30.81,48.46,45.00,39.71,37.01
"....Ilocos Norte","Celery",..,..,..,..,..,..,..,..,..,..,..,..,..
"....Ilocos Norte","Broccoli",..,..,..,..,..,..,..,..,..,..,..,..,..
"....Ilocos Norte","Cabbage",..,..,..,..,..,..,..,..,..,..,..,..,..
"....Ilocos Norte","Cauliflower",..,..,..,..,..,..,..,..,..,..,..,..,..
"....Ilocos Norte","Lettuce head",..,..,..,..,..,..,..,..,..,..,..,..,..
"....Ilocos Norte","Pechay Baguio [Chinese cabbage]",..,..,..,..,..,..,..,..,..,..,..,..,..
"....Ilocos Norte","Pechay native",..,..,..,..,..,..,..,..,..,..,..,..,..
"....Ilocos Sur","Celery",..,..,..,..,..,..,..,..,..,..,..,..,..
"....Ilocos Sur","Broccoli",..,..,..,..,..,..,..,..,..,..,..,..,..
"....Ilocos Sur","Cabbage",..,..,..,..,..,..,..,..,..,..,..,..,..
"....Ilocos Sur","Cauliflower",..,..,..,..,..,..,..,..,..,..,..,..,..
"....Ilocos Sur","Lettuce head",..,..,..,..,..,..,..,..,..,..,..,..,..
"....Ilocos Sur","Pechay Baguio [Chinese cabbage]",..,..,..,..,..,..,..,..,..,..,..,..,..
"....Ilocos Sur","Pechay native",..,..,..,..,..,..,..,..,..,..,..,..,..
"....La Union","Celery",..,..,..,..,..,..,..,..,..,..,..,..,..
"....La Union","Broccoli",..,..,..,..,..,..,..,..,..,..,..,..,..
"....La Union","Cabbage",..,..,..,..,..,..,..,..,..,..,..,..,..
"....La Union","Cauliflower",..,..,..,..,..,..,..,..,..,..,..,..,..
"....La Union","Lettuce head",..,..,..,..,..,..,..,..,..,..,..,..,..
"....La Union","Pechay Baguio [Chinese cabbage]",..,..,..,..,..,..,..,..,..,..,..,..,..
"....La Union","Pechay native",..,..,..,..,..,..,..,..,..,..,..,..,..
"....Pangasinan","Celery",..,..,..,..,..,..,..,..,..,..,..,..,..
"....Pangasinan","Broccoli",..,..,..,..,..,..,..,..,..,..,..,..,..
"....Pangasinan","Cabbage",34.00,32.00,30.31,28.00,29.29,30.82,28.13,27.15,21.20,18.20,37.92,75.50,32.71
"....Pangasinan","Cauliflower",..,..,..,..,..,..,..,..,..,..,..,..,..
"....Pangasinan","Lettuce head",..,..,..,..,..,..,..,..,..,..,..,..,..
"....Pangasinan","Pechay Baguio [Chinese cabbage]",26.42,23.00,23.00,21.00,28.75,26.27,21.46,22.53,17.86,17.60,39.67,62.14,27.48
"....Pangasinan","Pechay native",..,..,..,..,..,..,27.00,31.10,30.81,48.46,45.00,39.71,37.01
"..REGION II (CAGAYAN VALLEY)","Celery",..,..,..,..,..,..,..,..,..,..,..,..,..
"..REGION II (CAGAYAN VALLEY)","Broccoli",..,..,..,..,..,..,..,..,..,..,..,..,..
"..REGION II (CAGAYAN VALLEY)","Cabbage",16.10,13.15,..,23.20,45.96,41.32,33.32,16.03,15.28,14.61,54.30,80.88,33.12
"..REGION II (CAGAYAN VALLEY)","Cauliflower",70.61,39.84,..,49.65,45.73,51.50,51.79,53.50,50.62,61.12,92.22,108.01,62.01
"..REGION II (CAGAYAN VALLEY)","Lettuce head",..,..,..,..,..,..,..,..,..,..,..,..,..
"..REGION II (CAGAYAN VALLEY)","Pechay Baguio [Chinese cabbage]",17.73,14.23,..,23.26,35.76,26.45,25.31,17.14,16.20,15.20,50.19,77.13,29.74
"..REGION II (CAGAYAN VALLEY)","Pechay native",21.71,18.88,..,25.96,25.08,35.86,30.72,31.35,27.60,23.65,35.16,23.00,27.07
"....Cagayan","Celery",..,..,..,..,..,..,..,..,..,..,..,..,..
"....Cagayan","Broccoli",..,..,..,..,..,..,..,..,..,..,..,..,..
"....Cagayan","Cabbage",15.87,11.20,..,22.14,45.00,39.26,33.31,16.29,15.28,12.42,53.83,74.26,30.81
"....Cagayan","Cauliflower",94.14,41.50,..,39.00,42.69,43.00,43.17,42.85,50.62,57.15,83.08,103.69,58.26
"....Cagayan","Lettuce head",..,..,..,..,..,..,..,..,..,..,..,..,..
"....Cagayan","Pechay Baguio [Chinese cabbage]",15.99,12.60,..,19.14,21.14,23.20,25.17,16.02,16.20,14.54,49.75,74.26,26.18
"....Cagayan","Pechay native",25.86,22.00,..,22.15,22.15,38.83,34.00,36.00,27.60,22.40,35.82,31.80,28.96
"....Isabela","Celery",..,..,..,..,..,..,..,..,..,..,..,..,..
"....Isabela","Broccoli",..,..,..,..,..,..,..,..,..,..,..,..,..
"....Isabela","Cabbage",16.32,15.10,..,24.26,46.92,43.38,33.33,15.77,..,16.80,54.77,87.50,35.42
"....Isabela","Cauliflower",47.08,38.17,..,60.29,48.77,60.00,60.40,64.15,..,65.08,101.36,112.33,65.76
"....Isabela","Lettuce head",..,..,..,..,..,..,..,..,..,..,..,..,..
"....Isabela","Pechay Baguio [Chinese cabbage]",19.46,15.85,..,27.37,50.38,29.69,25.45,18.26,..,15.85,50.62,80.00,33.29
"....Isabela","Pechay native",17.56,15.75,..,29.76,28.00,32.89,27.44,26.70,..,24.89,34.50,14.20,25.17
"....Nueva Vizcaya","Celery",..,..,..,..,..,..,..,..,..,..,..,..,..
"....Nueva Vizcaya","Broccoli",..,..,..,..,..,..,..,..,..,..,..,..,..
"....Nueva Vizcaya","Cabbage",..,..,..,..,..,..,..,..,..,..,..,..,..
"....Nueva Vizcaya","Cauliflower",..,..,..,..,..,..,..,..,..,..,..,..,..
"....Nueva Vizcaya","Lettuce head",..,..,..,..,..,..,..,..,..,..,..,..,..
"....Nueva Vizcaya","Pechay Baguio [Chinese cabbage]",..,..,..,..,..,..,..,..,..,..,..,..,..
"....Nueva Vizcaya","Pechay native",..,..,..,..,..,..,..,..,..,..,..,..,..
"....Quirino","Celery",..,..,..,..,..,..,..,..,..,..,..,..,..
"....Quirino","Broccoli",..,..,..,..,..,..,..,..,..,..,..,..,..
"....Quirino","Cabbage",..,..,..,..,..,..,..,..,..,..,..,..,..
"....Quirino","Cauliflower",..,..,..,..,..,..,..,..,..,..,..,..,..
"....Quirino","Lettuce head",..,..,..,..,..,..,..,..,..,..,..,..,..
"....Quirino","Pechay Baguio [Chinese cabbage]",..,..,..,..,..,..,..,..,..,..,..,..,..
"....Quirino","Pechay native",..,..,..,..,..,..,..,..,..,..,..,..,..
"..REGION III (CENTRAL LUZON)","Celery",..,..,..,..,..,..,..,..,..,..,..,..,..
"..REGION III (CENTRAL LUZON)","Broccoli",..,..,..,..,..,..,..,..,..,..,..,..,..
"..REGION III (CENTRAL LUZON)","Cabbage",30.73,22.94,27.33,34.18,41.87,43.01,36.51,19.90,17.92,..,37.70,83.73,33.77
"..REGION III (CENTRAL LUZON)","Cauliflower",..,..,..,..,..,..,..,..,..,..,..,..,..
"..REGION III (CENTRAL LUZON)","Lettuce head",..,..,..,..,..,..,..,..,..,..,..,..,..
"..REGION III (CENTRAL LUZON)","Pechay Baguio [Chinese cabbage]",23.58,21.38,28.00,36.20,39.27,43.18,34.60,23.36,16.73,..,42.85,80.93,35.46
"..REGION III (CENTRAL LUZON)","Pechay native",27.22,22.04,32.67,45.40,32.53,36.23,39.31,44.09,39.03,..,86.45,37.29,40.21
"....Aurora","Celery",..,..,..,..,..,..,..,..,..,..,..,..,..
"....Aurora","Broccoli",..,..,..,..,..,..,..,..,..,..,..,..,..
"....Aurora","Cabbage",..,..,..,..,..,..,..,..,..,..,..,..,..
"....Aurora","Cauliflower",..,..,..,..,..,..,..,..,..,..,..,..,..
"....Aurora","Lettuce head",..,..,..,..,..,..,..,..,..,..,..,..,..
"....Aurora","Pechay Baguio [Chinese cabbage]",..,..,..,..,..,..,..,..,..,..,..,..,..
"....Aurora","Pechay native",..,..,..,..,..,..,..,..,..,..,..,..,..
"....Bataan","Celery",..,..,..,..,..,..,..,..,..,..,..,..,..
"....Bataan","Broccoli",..,..,..,..,..,..,..,..,..,..,..,..,..
"....Bataan","Cabbage",..,..,..,..,..,..,..,..,..,..,..,..,..
"....Bataan","Cauliflower",..,..,..,..,..,..,..,..,..,..,..,..,..
"....Bataan","Lettuce head",..,..,..,..,..,..,..,..,..,..,..,..,..
"....Bataan","Pechay Baguio [Chinese cabbage]",..,..,..,..,..,..,..,..,..,..,..,..,..
"....Bataan","Pechay native",..,..,..,..,..,..,..,..,..,..,..,..,..
"....Bulacan","Celery",..,..,..,..,..,..,..,..,..,..,..,..,..
"....Bulacan","Broccoli",..,..,..,..,..,..,..,..,..,..,..,..,..
"....Bulacan","Cabbage",..,..,..,..,..,..,..,..,..,..,..,..,..
"....Bulacan","Cauliflower",..,..,..,..,..,..,..,..,..,..,..,..,..
"....Bulacan","Lettuce head",..,..,..,..,..,..,..,..,..,..,..,..,..
"....Bulacan","Pechay Baguio [Chinese cabbage]",..,..,..,..,..,..,..,..,..,..,..,..,..
"....Bulacan","Pechay native",..,..,..,..,..,..,..,..,..,..,..,..,..
"....Nueva Ecija","Celery",..,..,..,..,..,..,..,..,..,..,..,..,..
"....Nueva Ecija","Broccoli",..,..,..,..,..,..,..,..,..,..,..,..,..
"....Nueva Ecija","Cabbage",36.14,21.35,..,38.55,44.49,44.69,37.08,23.28,21.44,..,..,..,33.38
"....Nueva Ecija","Cauliflower",..,..,..,..,..,..,..,..,..,..,..,..,..
"....Nueva Ecija","Lettuce head",..,..,..,..,..,..,..,..,..,..,..,..,..
"....Nueva Ecija","Pechay Baguio [Chinese cabbage]",..,..,..,..,..,..,..,..,..,..,..,..,..
"....Nueva Ecija","Pechay native",..,..,..,..,..,..,..,..,..,..,..,..,..
"....Pampanga","Celery",..,..,..,..,..,..,..,..,..,..,..,..,..
"....Pampanga","Broccoli",..,..,..,..,..,..,..,..,..,..,..,..,..
"....Pampanga","Cabbage",25.31,24.53,27.33,29.80,39.24,41.33,35.93,16.51,14.40,..,37.70,83.73,34.16
"....Pampanga","Cauliflower",..,..,..,..,..,..,..,..,..,..,..,..,..
"....Pampanga","Lettuce head",..,..,..,..,..,..,..,..,..,..,..,..,..
"....Pampanga","Pechay Baguio [Chinese cabbage]",23.58,21.38,28.00,36.20,39.27,43.18,34.60,23.36,16.73,..,42.85,80.93,35.46
"....Pampanga","Pechay native",27.22,22.04,32.67,45.40,32.53,36.23,39.31,44.09,39.03,..,86.45,37.29,40.21
"....Tarlac","Celery",..,..,..,..,..,..,..,..,..,..,..,..,..
"....Tarlac","Broccoli",..,..,..,..,..,..,..,..,..,..,..,..,..
"....Tarlac","Cabbage",..,..,..,..,..,..,..,..,..,..,..,..,..
"....Tarlac","Cauliflower",..,..,..,..,..,..,..,..,..,..,..,..,..
"....Tarlac","Lettuce head",..,..,..,..,..,..,..,..,..,..,..,..,..
"....Tarlac","Pechay Baguio [Chinese cabbage]",..,..,..,..,..,..,..,..,..,..,..,..,..
"....Tarlac","Pechay native",..,..,..,..,..,..,..,..,..,..,..,..,..
"....Zambales","Celery",..,..,..,..,..,..,..,..,..,..,..,..,..
"....Zambales","Broccoli",..,..,..,..,..,..,..,..,..,..,..,..,..
"....Zambales","Cabbage",..,..,..,..,..,..,..,..,..,..,..,..,..
"....Zambales","Cauliflower",..,..,..,..,..,..,..,..,..,..,..,..,..
"....Zambales","Lettuce head",..,..,..,..,..,..,..,..,..,..,..,..,..
"....Zambales","Pechay Baguio [Chinese cabbage]",..,..,..,..,..,..,..,..,..,..,..,..,..
"....Zambales","Pechay native",..,..,..,..,..,..,..,..,..,..,..,..,..
"..REGION IV-A (CALABARZON)","Celery",..,..,..,..,..,..,..,..,..,..,..,..,..
"..REGION IV-A (CALABARZON)","Broccoli",..,..,..,..,..,..,..,..,..,..,..,..,..
"..REGION IV-A (CALABARZON)","Cabbage",..,..,..,..,..,..,..,..,..,..,..,..,..
"..REGION IV-A (CALABARZON)","Cauliflower",..,..,..,..,..,..,..,..,..,..,..,..,..
"..REGION IV-A (CALABARZON)","Lettuce head",..,..,..,..,..,..,..,..,..,..,..,..,..
"..REGION IV-A (CALABARZON)","Pechay Baguio [Chinese cabbage]",..,..,..,..,..,..,..,..,..,..,..,..,..
"..REGION IV-A (CALABARZON)","Pechay native",35.00,..,33.33,43.33,48.61,50.71,40.29,49.06,47.19,64.06,99.23,63.75,52.23
"....Batangas","Celery",..,..,..,..,..,..,..,..,..,..,..,..,..
"....Batangas","Broccoli",..,..,..,..,..,..,..,..,..,..,..,..,..
"....Batangas","Cabbage",..,..,..,..,..,..,..,..,..,..,..,..,..
"....Batangas","Cauliflower",..,..,..,..,..,..,..,..,..,..,..,..,..
"....Batangas","Lettuce head",..,..,..,..,..,..,..,..,..,..,..,..,..
"....Batangas","Pechay Baguio [Chinese cabbage]",..,..,..,..,..,..,..,..,..,..,..,..,..
"....Batangas","Pechay native",..,..,..,..,..,..,..,..,..,..,..,..,..
"....Cavite","Celery",..,..,..,..,..,..,..,..,..,..,..,..,..
"....Cavite","Broccoli",..,..,..,..,..,..,..,..,..,..,..,..,..
"....Cavite","Cabbage",..,..,..,..,..,..,..,..,..,..,..,..,..
"....Cavite","Cauliflower",..,..,..,..,..,..,..,..,..,..,..,..,..
"....Cavite","Lettuce head",..,..,..,..,..,..,..,..,..,..,..,..,..
"....Cavite","Pechay Baguio [Chinese cabbage]",..,..,..,..,..,..,..,..,..,..,..,..,..
"....Cavite","Pechay native",..,..,..,..,..,..,..,..,..,..,..,..,..
"....Laguna","Celery",..,..,..,..,..,..,..,..,..,..,..,..,..
"....Laguna","Broccoli",..,..,..,..,..,..,..,..,..,..,..,..,..
"....Laguna","Cabbage",..,..,..,..,..,..,..,..,..,..,..,..,..
"....Laguna","Cauliflower",..,..,..,..,..,..,..,..,..,..,..,..,..
"....Laguna","Lettuce head",..,..,..,..,..,..,..,..,..,..,..,..,..
"....Laguna","Pechay Baguio [Chinese cabbage]",..,..,..,..,..,..,..,..,..,..,..,..,..
"....Laguna","Pechay native",..,..,..,..,..,..,..,..,..,..,..,..,..
"....Quezon","Celery",..,..,..,..,..,..,..,..,..,..,..,..,..
"....Quezon","Broccoli",..,..,..,..,..,..,..,..,..,..,..,..,..
"....Quezon","Cabbage",..,..,..,..,..,..,..,..,..,..,..,..,..
"....Quezon","Cauliflower",..,..,..,..,..,..,..,..,..,..,..,..,..
"....Quezon","Lettuce head",..,..,..,..,..,..,..,..,..,..,..,..,..
"....Quezon","Pechay Baguio [Chinese cabbage]",..,..,..,..,..,..,..,..,..,..,..,..,..
"....Quezon","Pechay native",..,..,..,..,..,..,..,..,..,..,..,..,..
"....Rizal","Celery",..,..,..,..,..,..,..,..,..,..,..,..,..
"....Rizal","Broccoli",..,..,..,..,..,..,..,..,..,..,..,..,..
"....Rizal","Cabbage",..,..,..,..,..,..,..,..,..,..,..,..,..
"....Rizal","Cauliflower",..,..,..,..,..,..,..,..,..,..,..,..,..
"....Rizal","Lettuce head",..,..,..,..,..,..,..,..,..,..,..,..,..
"....Rizal","Pechay Baguio [Chinese cabbage]",..,..,..,..,..,..,..,..,..,..,..,..,..
"....Rizal","Pechay native",35.00,..,33.33,43.33,48.61,50.71,40.29,49.06,47.19,64.06,99.23,63.75,52.23
"..MIMAROPA REGION","Celery",..,..,..,..,..,..,..,..,..,..,..,..,..
"..MIMAROPA REGION","Broccoli",..,..,..,..,..,..,..,..,..,..,..,..,..
"..MIMAROPA REGION","Cabbage",..,..,..,..,..,..,..,..,..,..,..,..,..
"..MIMAROPA REGION","Cauliflower",..,..,..,..,..,..,..,..,..,..,..,..,..
"..MIMAROPA REGION","Lettuce head",..,..,..,..,..,..,..,..,..,..,..,..,..
"..MIMAROPA REGION","Pechay Baguio [Chinese cabbage]",..,..,..,..,..,..,..,..,..,..,..,..,..
"..MIMAROPA REGION","Pechay native",..,..,..,..,..,..,..,..,..,..,..,..,..
"....Marinduque","Celery",..,..,..,..,..,..,..,..,..,..,..,..,..
"....Marinduque","Broccoli",..,..,..,..,..,..,..,..,..,..,..,..,..
"....Marinduque","Cabbage",..,..,..,..,..,..,..,..,..,..,..,..,..
"....Marinduque","Cauliflower",..,..,..,..,..,..,..,..,..,..,..,..,..
"....Marinduque","Lettuce head",..,..,..,..,..,..,..,..,..,..,..,..,..
"....Marinduque","Pechay Baguio [Chinese cabbage]",..,..,..,..,..,..,..,..,..,..,..,..,..
"....Marinduque","Pechay native",..,..,..,..,..,..,..,..,..,..,..,..,..
"....Occidental Mindoro","Celery",..,..,..,..,..,..,..,..,..,..,..,..,..
"....Occidental Mindoro","Broccoli",..,..,..,..,..,..,..,..,..,..,..,..,..
"....Occidental Mindoro","Cabbage",..,..,..,..,..,..,..,..,..,..,..,..,..
"....Occidental Mindoro","Cauliflower",..,..,..,..,..,..,..,..,..,..,..,..,..
"....Occidental Mindoro","Lettuce head",..,..,..,..,..,..,..,..,..,..,..,..,..
"....Occidental Mindoro","Pechay Baguio [Chinese cabbage]",..,..,..,..,..,..,..,..,..,..,..,..,..
"....Occidental Mindoro","Pechay native",..,..,..,..,..,..,..,..,..,..,..,..,..
"....Oriental Mindoro","Celery",..,..,..,..,..,..,..,..,..,..,..,..,..
"....Oriental Mindoro","Broccoli",..,..,..,..,..,..,..,..,..,..,..,..,..
"....Oriental Mindoro","Cabbage",..,..,..,..,..,..,..,..,..,..,..,..,..
"....Oriental Mindoro","Cauliflower",..,..,..,..,..,..,..,..,..,..,..,..,..
"....Oriental Mindoro","Lettuce head",..,..,..,..,..,..,..,..,..,..,..,..,..
"....Oriental Mindoro","Pechay Baguio [Chinese cabbage]",..,..,..,..,..,..,..,..,..,..,..,..,..
"....Oriental Mindoro","Pechay native",..,..,..,..,..,..,..,..,..,..,..,..,..
"....Palawan","Celery",..,..,..,..,..,..,..,..,..,..,..,..,..
"....Palawan","Broccoli",..,..,..,..,..,..,..,..,..,..,..,..,..
"....Palawan","Cabbage",..,..,..,..,..,..,..,..,..,..,..,..,..
"....Palawan","Cauliflower",..,..,..,..,..,..,..,..,..,..,..,..,..
"....Palawan","Lettuce head",..,..,..,..,..,..,..,..,..,..,..,..,..
"....Palawan","Pechay Baguio [Chinese cabbage]",..,..,..,..,..,..,..,..,..,..,..,..,..
"....Palawan","Pechay native",..,..,..,..,..,..,..,..,..,..,..,..,..
"....Romblon","Celery",..,..,..,..,..,..,..,..,..,..,..,..,..
"....Romblon","Broccoli",..,..,..,..,..,..,..,..,..,..,..,..,..
"....Romblon","Cabbage",..,..,..,..,..,..,..,..,..,..,..,..,..
"....Romblon","Cauliflower",..,..,..,..,..,..,..,..,..,..,..,..,..
"....Romblon","Lettuce head",..,..,..,..,..,..,..,..,..,..,..,..,..
"....Romblon","Pechay Baguio [Chinese cabbage]",..,..,..,..,..,..,..,..,..,..,..,..,..
"....Romblon","Pechay native",..,..,..,..,..,..,..,..,..,..,..,..,..
"..REGION V (BICOL REGION)","Celery",..,..,..,..,..,..,..,..,..,..,..,..,..
"..REGION V (BICOL REGION)","Broccoli",..,..,..,..,..,..,..,..,..,..,..,..,..
"..REGION V (BICOL REGION)","Cabbage",28.75,24.64,26.46,39.39,63.50,44.69,34.79,28.75,26.38,27.75,64.54,112.96,43.55
"..REGION V (BICOL REGION)","Cauliflower",..,..,..,..,..,..,..,..,..,..,..,..,..
"..REGION V (BICOL REGION)","Lettuce head",..,..,..,..,..,..,..,..,..,..,..,..,..
"..REGION V (BICOL REGION)","Pechay Baguio [Chinese cabbage]",..,..,..,..,..,..,..,..,..,..,..,..,..
"..REGION V (BICOL REGION)","Pechay native",29.67,30.72,34.74,..,56.85,45.95,36.35,45.92,47.36,46.38,84.07,83.71,49.25
"....Albay","Celery",..,..,..,..,..,..,..,..,..,..,..,..,..
"....Albay","Broccoli",..,..,..,..,..,..,..,..,..,..,..,..,..
"....Albay","Cabbage",28.75,24.64,26.46,39.39,63.50,44.69,34.79,28.75,26.38,27.75,64.54,112.96,43.55
"....Albay","Cauliflower",..,..,..,..,..,..,..,..,..,..,..,..,..
"....Albay","Lettuce head",..,..,..,..,..,..,..,..,..,..,..,..,..
"....Albay","Pechay Baguio [Chinese cabbage]",..,..,..,..,..,..,..,..,..,..,..,..,..
"....Albay","Pechay native",..,..,..,..,..,..,..,..,..,..,..,..,..
"....Camarines Norte","Celery",..,..,..,..,..,..,..,..,..,..,..,..,..
"....Camarines Norte","Broccoli",..,..,..,..,..,..,..,..,..,..,..,..,..
"....Camarines Norte","Cabbage",..,..,..,..,..,..,..,..,..,..,..,..,..
"....Camarines Norte","Cauliflower",..,..,..,..,..,..,..,..,..,..,..,..,..
"....Camarines Norte","Lettuce head",..,..,..,..,..,..,..,..,..,..,..,..,..
"....Camarines Norte","Pechay Baguio [Chinese cabbage]",..,..,..,..,..,..,..,..,..,..,..,..,..
"....Camarines Norte","Pechay native",..,..,..,..,..,..,..,..,..,..,..,..,..
"....Camarines Sur","Celery",..,..,..,..,..,..,..,..,..,..,..,..,..
"....Camarines Sur","Broccoli",..,..,..,..,..,..,..,..,..,..,..,..,..
"....Camarines Sur","Cabbage",..,..,..,..,..,..,..,..,..,..,..,..,..
"....Camarines Sur","Cauliflower",..,..,..,..,..,..,..,..,..,..,..,..,..
"....Camarines Sur","Lettuce head",..,..,..,..,..,..,..,..,..,..,..,..,..
"....Camarines Sur","Pechay Baguio [Chinese cabbage]",..,..,..,..,..,..,..,..,..,..,..,..,..
"....Camarines Sur","Pechay native",29.67,30.72,34.74,..,56.85,45.95,36.35,45.92,47.36,46.38,84.07,83.71,49.25
"....Catanduanes","Celery",..,..,..,..,..,..,..,..,..,..,..,..,..
"....Catanduanes","Broccoli",..,..,..,..,..,..,..,..,..,..,..,..,..
"....Catanduanes","Cabbage",..,..,..,..,..,..,..,..,..,..,..,..,..
"....Catanduanes","Cauliflower",..,..,..,..,..,..,..,..,..,..,..,..,..
"....Catanduanes","Lettuce head",..,..,..,..,..,..,..,..,..,..,..,..,..
"....Catanduanes","Pechay Baguio [Chinese cabbage]",..,..,..,..,..,..,..,..,..,..,..,..,..
"....Catanduanes","Pechay native",..,..,..,..,..,..,..,..,..,..,..,..,..
"....Masbate","Celery",..,..,..,..,..,..,..,..,..,..,..,..,..
"....Masbate","Broccoli",..,..,..,..,..,..,..,..,..,..,..,..,..
"....Masbate","Cabbage",..,..,..,..,..,..,..,..,..,..,..,..,..
"....Masbate","Cauliflower",..,..,..,..,..,..,..,..,..,..,..,..,..
"....Masbate","Lettuce head",..,..,..,..,..,..,..,..,..,..,..,..,..
"....Masbate","Pechay Baguio [Chinese cabbage]",..,..,..,..,..,..,..,..,..,..,..,..,..
"....Masbate","Pechay native",..,..,..,..,..,..,..,..,..,..,..,..,..
"....Sorsogon","Celery",..,..,..,..,..,..,..,..,..,..,..,..,..
"....Sorsogon","Broccoli",..,..,..,..,..,..,..,..,..,..,..,..,..
"....Sorsogon","Cabbage",..,..,..,..,..,..,..,..,..,..,..,..,..
"....Sorsogon","Cauliflower",..,..,..,..,..,..,..,..,..,..,..,..,..
"....Sorsogon","Lettuce head",..,..,..,..,..,..,..,..,..,..,..,..,..
"....Sorsogon","Pechay Baguio [Chinese cabbage]",..,..,..,..,..,..,..,..,..,..,..,..,..
"....Sorsogon","Pechay native",..,..,..,..,..,..,..,..,..,..,..,..,..
"..REGION VI (WESTERN VISAYAS)","Celery",..,..,..,..,..,..,..,..,..,..,..,..,..
"..REGION VI (WESTERN VISAYAS)","Broccoli",..,..,..,..,..,..,..,..,..,..,..,..,..
"..REGION VI (WESTERN VISAYAS)","Cabbage",29.71,29.53,31.43,50.11,58.05,49.43,34.94,32.65,34.88,38.66,60.37,82.63,44.36
"..REGION VI (WESTERN VISAYAS)","Cauliflower",..,..,..,..,..,..,..,..,..,..,..,..,..
"..REGION VI (WESTERN VISAYAS)","Lettuce head",..,..,..,..,..,..,..,..,..,..,..,..,..
"..REGION VI (WESTERN VISAYAS)","Pechay Baguio [Chinese cabbage]",33.92,42.33,55.54,53.00,54.54,58.00,41.29,44.15,56.00,57.92,70.85,69.54,53.09
"..REGION VI (WESTERN VISAYAS)","Pechay native",56.11,51.13,46.23,52.09,57.65,60.59,45.47,62.29,63.45,62.65,78.20,66.33,58.52
"....Aklan","Celery",..,..,..,..,..,..,..,..,..,..,..,..,..
"....Aklan","Broccoli",..,..,..,..,..,..,..,..,..,..,..,..,..
"....Aklan","Cabbage",..,..,..,..,..,..,..,..,..,..,..,..,..
"....Aklan","Cauliflower",..,..,..,..,..,..,..,..,..,..,..,..,..
"....Aklan","Lettuce head",..,..,..,..,..,..,..,..,..,..,..,..,..
"....Aklan","Pechay Baguio [Chinese cabbage]",..,..,..,..,..,..,..,..,..,..,..,..,..
"....Aklan","Pechay native",..,..,..,..,..,..,..,..,..,..,..,..,..
"....Antique","Celery",..,..,..,..,..,..,..,..,..,..,..,..,..
"....Antique","Broccoli",..,..,..,..,..,..,..,..,..,..,..,..,..
"....Antique","Cabbage",..,..,..,..,..,..,..,..,..,..,..,..,..
"....Antique","Cauliflower",..,..,..,..,..,..,..,..,..,..,..,..,..
"....Antique","Lettuce head",..,..,..,..,..,..,..,..,..,..,..,..,..
"....Antique","Pechay Baguio [Chinese cabbage]",..,..,..,..,..,..,..,..,..,..,..,..,..
"....Antique","Pechay native",..,..,..,..,..,..,..,..,..,..,..,..,..
"....Capiz","Celery",..,..,..,..,..,..,..,..,..,..,..,..,..
"....Capiz","Broccoli",..,..,..,..,..,..,..,..,..,..,..,..,..
"....Capiz","Cabbage",..,..,..,..,..,..,..,..,..,..,..,..,..
"....Capiz","Cauliflower",..,..,..,..,..,..,..,..,..,..,..,..,..
"....Capiz","Lettuce head",..,..,..,..,..,..,..,..,..,..,..,..,..
"....Capiz","Pechay Baguio [Chinese cabbage]",..,..,..,..,..,..,..,..,..,..,..,..,..
"....Capiz","Pechay native",..,..,..,..,..,..,..,..,..,..,..,..,..
"....Guimaras","Celery",..,..,..,..,..,..,..,..,..,..,..,..,..
"....Guimaras","Broccoli",..,..,..,..,..,..,..,..,..,..,..,..,..
"....Guimaras","Cabbage",..,..,..,..,..,..,..,..,..,..,..,..,..
"....Guimaras","Cauliflower",..,..,..,..,..,..,..,..,..,..,..,..,..
"....Guimaras","Lettuce head",..,..,..,..,..,..,..,..,..,..,..,..,..
"....Guimaras","Pechay Baguio [Chinese cabbage]",..,..,..,..,..,..,..,..,..,..,..,..,..
"....Guimaras","Pechay native",..,..,..,..,..,..,..,..,..,..,..,..,..
"....Iloilo","Celery",..,..,..,..,..,..,..,..,..,..,..,..,..
"....Iloilo","Broccoli",..,..,..,..,..,..,..,..,..,..,..,..,..
"....Iloilo","Cabbage",23.56,22.48,26.31,47.22,61.56,40.85,29.66,25.14,22.76,24.00,52.50,77.25,37.77
"....Iloilo","Cauliflower",..,..,..,..,..,..,..,..,..,..,..,..,..
"....Iloilo","Lettuce head",..,..,..,..,..,..,..,..,..,..,..,..,..
"....Iloilo","Pechay Baguio [Chinese cabbage]",..,..,..,..,..,..,..,..,..,..,..,..,..
"....Iloilo","Pechay native",35.53,37.75,25.45,37.18,48.29,54.17,37.50,68.35,60.90,51.06,65.94,52.20,47.86
"....Negros Occidental","Celery",..,..,..,..,..,..,..,..,..,..,..,..,..
"....Negros Occidental","Broccoli",..,..,..,..,..,..,..,..,..,..,..,..,..
"....Negros Occidental","Cabbage",35.85,36.58,36.54,53.00,54.54,58.00,40.21,40.15,47.00,53.31,68.23,88.00,50.95
"....Negros Occidental","Cauliflower",..,..,..,..,..,..,..,..,..,..,..,..,..
"....Negros Occidental","Lettuce head",..,..,..,..,..,..,..,..,..,..,..,..,..
"....Negros Occidental","Pechay Baguio [Chinese cabbage]",33.92,42.33,55.54,53.00,54.54,58.00,41.29,44.15,56.00,57.92,70.85,69.54,53.09
"....Negros Occidental","Pechay native",76.69,64.50,67.00,67.00,67.00,67.00,53.43,56.23,66.00,74.23,90.46,80.46,69.17
"..REGION VII (CENTRAL VISAYAS)","Celery",..,..,..,..,..,..,..,..,..,..,..,..,..
"..REGION VII (CENTRAL VISAYAS)","Broccoli",..,..,..,..,..,..,..,..,..,..,..,..,..
"..REGION VII (CENTRAL VISAYAS)","Cabbage",..,..,33.82,46.25,48.21,33.77,22.88,28.50,28.55,35.24,46.40,50.30,37.39
"..REGION VII (CENTRAL VISAYAS)","Cauliflower",..,..,..,..,..,..,..,..,..,..,..,..,..
"..REGION VII (CENTRAL VISAYAS)","Lettuce head",..,..,..,..,..,..,..,..,..,..,..,..,..
"..REGION VII (CENTRAL VISAYAS)","Pechay Baguio [Chinese cabbage]",..,..,28.98,47.33,46.50,38.25,27.92,33.40,25.60,31.04,40.90,45.15,36.51
"..REGION VII (CENTRAL VISAYAS)","Pechay native",..,..,33.48,..,56.67,45.00,31.36,..,..,..,..,..,41.63
"....Bohol","Celery",..,..,..,..,..,..,..,..,..,..,..,..,..
"....Bohol","Broccoli",..,..,..,..,..,..,..,..,..,..,..,..,..
"....Bohol","Cabbage",..,..,..,..,..,..,..,..,..,..,..,..,..
"....Bohol","Cauliflower",..,..,..,..,..,..,..,..,..,..,..,..,..
"....Bohol","Lettuce head",..,..,..,..,..,..,..,..,..,..,..,..,..
"....Bohol","Pechay Baguio [Chinese cabbage]",..,..,..,..,..,..,..,..,..,..,..,..,..
"....Bohol","Pechay native",..,..,..,..,..,..,..,..,..,..,..,..,..
"....Cebu","Celery",..,..,..,..,..,..,..,..,..,..,..,..,..
"....Cebu","Broccoli",..,..,..,..,..,..,..,..,..,..,..,..,..
"....Cebu","Cabbage",..,..,33.82,46.25,48.21,33.77,22.88,28.50,28.55,35.24,46.40,50.30,37.39
"....Cebu","Cauliflower",..,..,..,..,..,..,..,..,..,..,..,..,..
"....Cebu","Lettuce head",..,..,..,..,..,..,..,..,..,..,..,..,..
"....Cebu","Pechay Baguio [Chinese cabbage]",..,..,28.98,47.33,46.50,38.25,27.92,33.40,25.60,31.04,40.90,45.15,36.51
"....Cebu","Pechay native",..,..,33.48,..,56.67,45.00,31.36,..,..,..,..,..,41.63
"....Negros Oriental","Celery",..,..,..,..,..,..,..,..,..,..,..,..,..
"....Negros Oriental","Broccoli",..,..,..,..,..,..,..,..,..,..,..,..,..
"....Negros Oriental","Cabbage",..,..,..,..,..,..,..,..,..,..,..,..,..
"....Negros Oriental","Cauliflower",..,..,..,..,..,..,..,..,..,..,..,..,..
"....Negros Oriental","Lettuce head",..,..,..,..,..,..,..,..,..,..,..,..,..
"....Negros Oriental","Pechay Baguio [Chinese cabbage]",..,..,..,..,..,..,..,..,..,..,..,..,..
"....Negros Oriental","Pechay native",..,..,..,..,..,..,..,..,..,..,..,..,..
"....Siquijor","Celery",..,..,..,..,..,..,..,..,..,..,..,..,..
"....Siquijor","Broccoli",..,..,..,..,..,..,..,..,..,..,..,..,..
"....Siquijor","Cabbage",..,..,..,..,..,..,..,..,..,..,..,..,..
"....Siquijor","Cauliflower",..,..,..,..,..,..,..,..,..,..,..,..,..
"....Siquijor","Lettuce head",..,..,..,..,..,..,..,..,..,..,..,..,..
"....Siquijor","Pechay Baguio [Chinese cabbage]",..,..,..,..,..,..,..,..,..,..,..,..,..
"....Siquijor","Pechay native",..,..,..,..,..,..,..,..,..,..,..,..,..
"..REGION VIII (EASTERN VISAYAS)","Celery",..,..,..,..,..,..,..,..,..,..,..,..,..
"..REGION VIII (EASTERN VISAYAS)","Broccoli",..,..,..,..,..,..,..,..,..,..,..,..,..
"..REGION VIII (EASTERN VISAYAS)","Cabbage",..,..,..,..,..,..,..,..,..,..,..,..,..
"..REGION VIII (EASTERN VISAYAS)","Cauliflower",..,..,..,..,..,..,..,..,..,..,..,..,..
"..REGION VIII (EASTERN VISAYAS)","Lettuce head",..,..,..,..,..,..,..,..,..,..,..,..,..
"..REGION VIII (EASTERN VISAYAS)","Pechay Baguio [Chinese cabbage]",..,..,..,..,..,..,..,..,..,..,..,..,..
"..REGION VIII (EASTERN VISAYAS)","Pechay native",..,..,..,..,..,..,..,..,..,..,..,..,..
"....Biliran","Celery",..,..,..,..,..,..,..,..,..,..,..,..,..
"....Biliran","Broccoli",..,..,..,..,..,..,..,..,..,..,..,..,..
"....Biliran","Cabbage",..,..,..,..,..,..,..,..,..,..,..,..,..
"....Biliran","Cauliflower",..,..,..,..,..,..,..,..,..,..,..,..,..
"....Biliran","Lettuce head",..,..,..,..,..,..,..,..,..,..,..,..,..
"....Biliran","Pechay Baguio [Chinese cabbage]",..,..,..,..,..,..,..,..,..,..,..,..,..
"....Biliran","Pechay native",..,..,..,..,..,..,..,..,..,..,..,..,..
"....Eastern Samar","Celery",..,..,..,..,..,..,..,..,..,..,..,..,..
"....Eastern Samar","Broccoli",..,..,..,..,..,..,..,..,..,..,..,..,..
"....Eastern Samar","Cabbage",..,..,..,..,..,..,..,..,..,..,..,..,..
"....Eastern Samar","Cauliflower",..,..,..,..,..,..,..,..,..,..,..,..,..
"....Eastern Samar","Lettuce head",..,..,..,..,..,..,..,..,..,..,..,..,..
"....Eastern Samar","Pechay Baguio [Chinese cabbage]",..,..,..,..,..,..,..,..,..,..,..,..,..
"....Eastern Samar","Pechay native",..,..,..,..,..,..,..,..,..,..,..,..,..
"....Leyte","Celery",..,..,..,..,..,..,..,..,..,..,..,..,..
"....Leyte","Broccoli",..,..,..,..,..,..,..,..,..,..,..,..,..
"....Leyte","Cabbage",..,..,..,..,..,..,..,..,..,..,..,..,..
"....Leyte","Cauliflower",..,..,..,..,..,..,..,..,..,..,..,..,..
"....Leyte","Lettuce head",..,..,..,..,..,..,..,..,..,..,..,..,..
"....Leyte","Pechay Baguio [Chinese cabbage]",..,..,..,..,..,..,..,..,..,..,..,..,..
"....Leyte","Pechay native",..,..,..,..,..,..,..,..,..,..,..,..,..
"....Northern Samar","Celery",..,..,..,..,..,..,..,..,..,..,..,..,..
"....Northern Samar","Broccoli",..,..,..,..,..,..,..,..,..,..,..,..,..
"....Northern Samar","Cabbage",..,..,..,..,..,..,..,..,..,..,..,..,..
"....Northern Samar","Cauliflower",..,..,..,..,..,..,..,..,..,..,..,..,..
"....Northern Samar","Lettuce head",..,..,..,..,..,..,..,..,..,..,..,..,..
"....Northern Samar","Pechay Baguio [Chinese cabbage]",..,..,..,..,..,..,..,..,..,..,..,..,..
"....Northern Samar","Pechay native",..,..,..,..,..,..,..,..,..,..,..,..,..
"....Samar","Celery",..,..,..,..,..,..,..,..,..,..,..,..,..
"....Samar","Broccoli",..,..,..,..,..,..,..,..,..,..,..,..,..
"....Samar","Cabbage",..,..,..,..,..,..,..,..,..,..,..,..,..
"....Samar","Cauliflower",..,..,..,..,..,..,..,..,..,..,..,..,..
"....Samar","Lettuce head",..,..,..,..,..,..,..,..,..,..,..,..,..
"....Samar","Pechay Baguio [Chinese cabbage]",..,..,..,..,..,..,..,..,..,..,..,..,..
"....Samar","Pechay native",..,..,..,..,..,..,..,..,..,..,..,..,..
"....Southern Leyte","Celery",..,..,..,..,..,..,..,..,..,..,..,..,..
"....Southern Leyte","Broccoli",..,..,..,..,..,..,..,..,..,..,..,..,..
"....Southern Leyte","Cabbage",..,..,..,..,..,..,..,..,..,..,..,..,..
"....Southern Leyte","Cauliflower",..,..,..,..,..,..,..,..,..,..,..,..,..
"....Southern Leyte","Lettuce head",..,..,..,..,..,..,..,..,..,..,..,..,..
"....Southern Leyte","Pechay Baguio [Chinese cabbage]",..,..,..,..,..,..,..,..,..,..,..,..,..
"....Southern Leyte","Pechay native",..,..,..,..,..,..,..,..,..,..,..,..,..
"..REGION IX (ZAMBOANGA PENINSULA)","Celery",..,..,..,..,..,..,..,..,..,..,..,..,..
"..REGION IX (ZAMBOANGA PENINSULA)","Broccoli",..,..,..,..,..,..,..,..,..,..,..,..,..
"..REGION IX (ZAMBOANGA PENINSULA)","Cabbage",36.25,36.25,38.30,43.75,43.75,43.75,35.23,37.05,45.09,50.57,55.03,62.42,43.95
"..REGION IX (ZAMBOANGA PENINSULA)","Cauliflower",..,..,..,..,..,..,..,..,..,..,..,..,..
"..REGION IX (ZAMBOANGA PENINSULA)","Lettuce head",..,..,..,..,..,..,..,..,..,..,..,..,..
"..REGION IX (ZAMBOANGA PENINSULA)","Pechay Baguio [Chinese cabbage]",..,..,..,..,..,..,..,..,..,..,..,..,..
"..REGION IX (ZAMBOANGA PENINSULA)","Pechay native",..,..,..,..,..,..,..,..,..,..,..,..,..
"....Zamboanga del Norte","Celery",..,..,..,..,..,..,..,..,..,..,..,..,..
"....Zamboanga del Norte","Broccoli",..,..,..,..,..,..,..,..,..,..,..,..,..
"....Zamboanga del Norte","Cabbage",..,..,..,..,..,..,..,..,..,..,..,..,..
"....Zamboanga del Norte","Cauliflower",..,..,..,..,..,..,..,..,..,..,..,..,..
"....Zamboanga del Norte","Lettuce head",..,..,..,..,..,..,..,..,..,..,..,..,..
"....Zamboanga del Norte","Pechay Baguio [Chinese cabbage]",..,..,..,..,..,..,..,..,..,..,..,..,..
"....Zamboanga del Norte","Pechay native",..,..,..,..,..,..,..,..,..,..,..,..,..
"....Zamboanga del Sur","Celery",..,..,..,..,..,..,..,..,..,..,..,..,..
"....Zamboanga del Sur","Broccoli",..,..,..,..,..,..,..,..,..,..,..,..,..
"....Zamboanga del Sur","Cabbage",36.25,36.25,38.30,43.75,43.75,43.75,35.23,37.05,45.09,50.57,55.03,62.42,43.95
"....Zamboanga del Sur","Cauliflower",..,..,..,..,..,..,..,..,..,..,..,..,..
"....Zamboanga del Sur","Lettuce head",..,..,..,..,..,..,..,..,..,..,..,..,..
"....Zamboanga del Sur","Pechay Baguio [Chinese cabbage]",..,..,..,..,..,..,..,..,..,..,..,..,..
"....Zamboanga del Sur","Pechay native",..,..,..,..,..,..,..,..,..,..,..,..,..
"....Zamboanga Sibugay","Celery",..,..,..,..,..,..,..,..,..,..,..,..,..
"....Zamboanga Sibugay","Broccoli",..,..,..,..,..,..,..,..,..,..,..,..,..
"....Zamboanga Sibugay","Cabbage",..,..,..,..,..,..,..,..,..,..,..,..,..
"....Zamboanga Sibugay","Cauliflower",..,..,..,..,..,..,..,..,..,..,..,..,..
"....Zamboanga Sibugay","Lettuce head",..,..,..,..,..,..,..,..,..,..,..,..,..
"....Zamboanga Sibugay","Pechay Baguio [Chinese cabbage]",..,..,..,..,..,..,..,..,..,..,..,..,..
"....Zamboanga Sibugay","Pechay native",..,..,..,..,..,..,..,..,..,..,..,..,..
"….City of Zamboanga","Celery",..,..,..,..,..,..,..,..,..,..,..,..,..
"….City of Zamboanga","Broccoli",..,..,..,..,..,..,..,..,..,..,..,..,..
"….City of Zamboanga","Cabbage",..,..,..,..,..,..,..,..,..,..,..,..,..
"….City of Zamboanga","Cauliflower",..,..,..,..,..,..,..,..,..,..,..,..,..
"….City of Zamboanga","Lettuce head",..,..,..,..,..,..,..,..,..,..,..,..,..
"….City of Zamboanga","Pechay Baguio [Chinese cabbage]",..,..,..,..,..,..,..,..,..,..,..,..,..
"….City of Zamboanga","Pechay native",..,..,..,..,..,..,..,..,..,..,..,..,..
"..REGION X (NORTHERN MINDANAO)","Celery",68.54,..,60.15,60.00,60.00,60.00,65.48,..,92.95,73.08,88.85,95.13,72.42
"..REGION X (NORTHERN MINDANAO)","Broccoli",..,..,..,..,..,..,..,..,..,..,..,..,..
"..REGION X (NORTHERN MINDANAO)","Cabbage",30.26,..,31.81,49.55,47.57,36.69,30.63,27.94,32.68,36.15,49.40,50.77,38.50
"..REGION X (NORTHERN MINDANAO)","Cauliflower",..,..,..,..,..,..,..,..,..,..,..,..,..
"..REGION X (NORTHERN MINDANAO)","Lettuce head",..,..,..,..,..,..,..,..,..,..,..,..,..
"..REGION X (NORTHERN MINDANAO)","Pechay Baguio [Chinese cabbage]",..,..,..,..,..,..,..,..,..,..,..,..,..
"..REGION X (NORTHERN MINDANAO)","Pechay native",..,..,..,..,48.33,..,..,..,..,..,..,..,48.33
"....Bukidnon","Celery",..,..,..,..,..,..,..,..,..,..,..,..,..
"....Bukidnon","Broccoli",..,..,..,..,..,..,..,..,..,..,..,..,..
"....Bukidnon","Cabbage",33.09,..,35.38,47.71,49.22,35.46,32.19,31.26,32.27,43.44,50.95,53.84,40.44
"....Bukidnon","Cauliflower",..,..,..,..,..,..,..,..,..,..,..,..,..
"....Bukidnon","Lettuce head",..,..,..,..,..,..,..,..,..,..,..,..,..
"....Bukidnon","Pechay Baguio [Chinese cabbage]",..,..,..,..,..,..,..,..,..,..,..,..,..
"....Bukidnon","Pechay native",..,..,..,..,48.33,..,..,..,..,..,..,..,48.33
"....Camiguin","Celery",..,..,..,..,..,..,..,..,..,..,..,..,..
"....Camiguin","Broccoli",..,..,..,..,..,..,..,..,..,..,..,..,..
"....Camiguin","Cabbage",..,..,..,..,..,..,..,..,..,..,..,..,..
"....Camiguin","Cauliflower",..,..,..,..,..,..,..,..,..,..,..,..,..
"....Camiguin","Lettuce head",..,..,..,..,..,..,..,..,..,..,..,..,..
"....Camiguin","Pechay Baguio [Chinese cabbage]",..,..,..,..,..,..,..,..,..,..,..,..,..
"....Camiguin","Pechay native",..,..,..,..,..,..,..,..,..,..,..,..,..
"....Lanao del Norte","Celery",..,..,..,..,..,..,..,..,..,..,..,..,..
"....Lanao del Norte","Broccoli",..,..,..,..,..,..,..,..,..,..,..,..,..
"....Lanao del Norte","Cabbage",27.43,..,28.23,51.38,45.92,37.92,29.07,24.62,33.08,28.85,47.85,47.69,36.55
"....Lanao del Norte","Cauliflower",..,..,..,..,..,..,..,..,..,..,..,..,..
"....Lanao del Norte","Lettuce head",..,..,..,..,..,..,..,..,..,..,..,..,..
"....Lanao del Norte","Pechay Baguio [Chinese cabbage]",..,..,..,..,..,..,..,..,..,..,..,..,..
"....Lanao del Norte","Pechay native",..,..,..,..,..,..,..,..,..,..,..,..,..
"....Misamis Occidental","Celery",..,..,..,..,..,..,..,..,..,..,..,..,..
"....Misamis Occidental","Broccoli",..,..,..,..,..,..,..,..,..,..,..,..,..
"....Misamis Occidental","Cabbage",..,..,..,..,..,..,..,..,..,..,..,..,..
"....Misamis Occidental","Cauliflower",..,..,..,..,..,..,..,..,..,..,..,..,..
"....Misamis Occidental","Lettuce head",..,..,..,..,..,..,..,..,..,..,..,..,..
"....Misamis Occidental","Pechay Baguio [Chinese cabbage]",..,..,..,..,..,..,..,..,..,..,..,..,..
"....Misamis Occidental","Pechay native",..,..,..,..,..,..,..,..,..,..,..,..,..
"....Misamis Oriental","Celery",68.54,..,60.15,60.00,60.00,60.00,65.48,..,92.95,73.08,88.85,95.13,72.42
"....Misamis Oriental","Broccoli",..,..,..,..,..,..,..,..,..,..,..,..,..
"....Misamis Oriental","Cabbage",..,..,..,..,..,..,..,..,..,..,..,..,..
"....Misamis Oriental","Cauliflower",..,..,..,..,..,..,..,..,..,..,..,..,..
"....Misamis Oriental","Lettuce head",..,..,..,..,..,..,..,..,..,..,..,..,..
"....Misamis Oriental","Pechay Baguio [Chinese cabbage]",..,..,..,..,..,..,..,..,..,..,..,..,..
"....Misamis Oriental","Pechay native",..,..,..,..,..,..,..,..,..,..,..,..,..
"..REGION XI (DAVAO REGION)","Celery",..,..,..,..,..,..,..,..,..,..,..,..,..
"..REGION XI (DAVAO REGION)","Broccoli",..,..,..,..,..,..,..,..,..,..,..,..,..
"..REGION XI (DAVAO REGION)","Cabbage",31.83,37.33,..,48.54,58.08,49.86,33.43,29.00,28.38,33.42,43.23,52.09,40.47
"..REGION XI (DAVAO REGION)","Cauliflower",..,..,..,..,..,..,..,..,..,..,..,..,..
"..REGION XI (DAVAO REGION)","Lettuce head",..,..,..,..,..,..,..,..,..,..,..,..,..
"..REGION XI (DAVAO REGION)","Pechay Baguio [Chinese cabbage]",..,..,..,..,..,..,..,..,..,..,..,..,..
"..REGION XI (DAVAO REGION)","Pechay native",..,..,..,..,..,..,..,..,..,..,..,..,..
"....Davao de Oro","Celery",..,..,..,..,..,..,..,..,..,..,..,..,..
"....Davao de Oro","Broccoli",..,..,..,..,..,..,..,..,..,..,..,..,..
"....Davao de Oro","Cabbage",..,..,..,..,..,..,..,..,..,..,..,..,..
"....Davao de Oro","Cauliflower",..,..,..,..,..,..,..,..,..,..,..,..,..
"....Davao de Oro","Lettuce head",..,..,..,..,..,..,..,..,..,..,..,..,..
"....Davao de Oro","Pechay Baguio [Chinese cabbage]",..,..,..,..,..,..,..,..,..,..,..,..,..
"....Davao de Oro","Pechay native",..,..,..,..,..,..,..,..,..,..,..,..,..
"....Davao del Norte","Celery",..,..,..,..,..,..,..,..,..,..,..,..,..
"....Davao del Norte","Broccoli",..,..,..,..,..,..,..,..,..,..,..,..,..
"....Davao del Norte","Cabbage",..,..,..,..,..,..,..,..,..,..,..,..,..
"....Davao del Norte","Cauliflower",..,..,..,..,..,..,..,..,..,..,..,..,..
"....Davao del Norte","Lettuce head",..,..,..,..,..,..,..,..,..,..,..,..,..
"....Davao del Norte","Pechay Baguio [Chinese cabbage]",..,..,..,..,..,..,..,..,..,..,..,..,..
"....Davao del Norte","Pechay native",..,..,..,..,..,..,..,..,..,..,..,..,..
"....Davao del Sur","Celery",..,..,..,..,..,..,..,..,..,..,..,..,..
"....Davao del Sur","Broccoli",..,..,..,..,..,..,..,..,..,..,..,..,..
"....Davao del Sur","Cabbage",31.83,37.33,..,48.54,58.08,49.86,33.43,29.00,28.38,33.42,43.23,52.09,40.47
"....Davao del Sur","Cauliflower",..,..,..,..,..,..,..,..,..,..,..,..,..
"....Davao del Sur","Lettuce head",..,..,..,..,..,..,..,..,..,..,..,..,..
"....Davao del Sur","Pechay Baguio [Chinese cabbage]",..,..,..,..,..,..,..,..,..,..,..,..,..
"....Davao del Sur","Pechay native",..,..,..,..,..,..,..,..,..,..,..,..,..
"....Davao Occidental","Celery",..,..,..,..,..,..,..,..,..,..,..,..,..
"....Davao Occidental","Broccoli",..,..,..,..,..,..,..,..,..,..,..,..,..
"....Davao Occidental","Cabbage",..,..,..,..,..,..,..,..,..,..,..,..,..
"....Davao Occidental","Cauliflower",..,..,..,..,..,..,..,..,..,..,..,..,..
"....Davao Occidental","Lettuce head",..,..,..,..,..,..,..,..,..,..,..,..,..
"....Davao Occidental","Pechay Baguio [Chinese cabbage]",..,..,..,..,..,..,..,..,..,..,..,..,..
"....Davao Occidental","Pechay native",..,..,..,..,..,..,..,..,..,..,..,..,..
"....Davao Oriental","Celery",..,..,..,..,..,..,..,..,..,..,..,..,..
"....Davao Oriental","Broccoli",..,..,..,..,..,..,..,..,..,..,..,..,..
"....Davao Oriental","Cabbage",..,..,..,..,..,..,..,..,..,..,..,..,..
"....Davao Oriental","Cauliflower",..,..,..,..,..,..,..,..,..,..,..,..,..
"....Davao Oriental","Lettuce head",..,..,..,..,..,..,..,..,..,..,..,..,..
"....Davao Oriental","Pechay Baguio [Chinese cabbage]",..,..,..,..,..,..,..,..,..,..,..,..,..
"....Davao Oriental","Pechay native",..,..,..,..,..,..,..,..,..,..,..,..,..
"....City of Davao","Celery",..,..,..,..,..,..,..,..,..,..,..,..,..
"....City of Davao","Broccoli",..,..,..,..,..,..,..,..,..,..,..,..,..
"....City of Davao","Cabbage",..,..,..,..,..,..,..,..,..,..,..,..,..
"....City of Davao","Cauliflower",..,..,..,..,..,..,..,..,..,..,..,..,..
"....City of Davao","Lettuce head",..,..,..,..,..,..,..,..,..,..,..,..,..
"....City of Davao","Pechay Baguio [Chinese cabbage]",..,..,..,..,..,..,..,..,..,..,..,..,..
"....City of Davao","Pechay native",..,..,..,..,..,..,..,..,..,..,..,..,..
"..REGION XII (SOCCSKSARGEN)","Celery",..,..,..,..,..,..,..,..,..,..,..,..,..
"..REGION XII (SOCCSKSARGEN)","Broccoli",..,..,..,..,..,..,..,..,..,..,..,..,..
"..REGION XII (SOCCSKSARGEN)","Cabbage",..,..,..,..,..,..,..,..,..,..,..,..,47.70
"..REGION XII (SOCCSKSARGEN)","Cauliflower",..,..,..,..,..,..,..,..,..,..,..,..,..
"..REGION XII (SOCCSKSARGEN)","Lettuce head",..,..,..,..,..,..,..,..,..,..,..,..,..
"..REGION XII (SOCCSKSARGEN)","Pechay Baguio [Chinese cabbage]",..,..,..,..,..,..,..,..,..,..,..,..,..
"..REGION XII (SOCCSKSARGEN)","Pechay native",..,..,..,..,..,..,..,..,..,..,..,..,52.90
"....Cotabato","Celery",..,..,..,..,..,..,..,..,..,..,..,..,..
"....Cotabato","Broccoli",..,..,..,..,..,..,..,..,..,..,..,..,..
"....Cotabato","Cabbage",..,..,..,..,..,..,..,..,..,..,..,..,..
"....Cotabato","Cauliflower",..,..,..,..,..,..,..,..,..,..,..,..,..
"....Cotabato","Lettuce head",..,..,..,..,..,..,..,..,..,..,..,..,..
"....Cotabato","Pechay Baguio [Chinese cabbage]",..,..,..,..,..,..,..,..,..,..,..,..,..
"....Cotabato","Pechay native",..,..,..,..,..,..,..,..,..,..,..,..,..
"....Sarangani","Celery",..,..,..,..,..,..,..,..,..,..,..,..,..
"....Sarangani","Broccoli",..,..,..,..,..,..,..,..,..,..,..,..,..
"....Sarangani","Cabbage",..,..,..,..,..,..,..,..,..,..,..,..,..
"....Sarangani","Cauliflower",..,..,..,..,..,..,..,..,..,..,..,..,..
"....Sarangani","Lettuce head",..,..,..,..,..,..,..,..,..,..,..,..,..
"....Sarangani","Pechay Baguio [Chinese cabbage]",..,..,..,..,..,..,..,..,..,..,..,..,..
"....Sarangani","Pechay native",..,..,..,..,..,..,..,..,..,..,..,..,..
"....Sultan Kudarat","Celery",..,..,..,..,..,..,..,..,..,..,..,..,..
"....Sultan Kudarat","Broccoli",..,..,..,..,..,..,..,..,..,..,..,..,..
"....Sultan Kudarat","Cabbage",..,..,..,..,..,..,..,..,..,..,..,..,..
"....Sultan Kudarat","Cauliflower",..,..,..,..,..,..,..,..,..,..,..,..,..
"....Sultan Kudarat","Lettuce head",..,..,..,..,..,..,..,..,..,..,..,..,..
"....Sultan Kudarat","Pechay Baguio [Chinese cabbage]",..,..,..,..,..,..,..,..,..,..,..,..,..
"....Sultan Kudarat","Pechay native",..,..,..,..,..,..,..,..,..,..,..,..,..
"....South Cotabato","Celery",..,..,..,..,..,..,..,..,..,..,..,..,..
"....South Cotabato","Broccoli",..,..,..,..,..,..,..,..,..,..,..,..,..
"....South Cotabato","Cabbage",..,..,..,..,..,..,..,..,..,..,..,..,47.70
"....South Cotabato","Cauliflower",..,..,..,..,..,..,..,..,..,..,..,..,..
"....South Cotabato","Lettuce head",..,..,..,..,..,..,..,..,..,..,..,..,..
"....South Cotabato","Pechay Baguio [Chinese cabbage]",..,..,..,..,..,..,..,..,..,..,..,..,..
"....South Cotabato","Pechay native",..,..,..,..,..,..,..,..,..,..,..,..,52.90
"..REGION XIII (CARAGA)","Celery",..,..,..,..,..,..,..,..,..,..,..,..,..
"..REGION XIII (CARAGA)","Broccoli",..,..,..,..,..,..,..,..,..,..,..,..,..
"..REGION XIII (CARAGA)","Cabbage",..,..,..,..,..,..,..,..,..,..,..,..,47.70
"..REGION XIII (CARAGA)","Cauliflower",..,..,..,..,..,..,..,..,..,..,..,..,..
"..REGION XIII (CARAGA)","Lettuce head",..,..,..,..,..,..,..,..,..,..,..,..,..
"..REGION XIII (CARAGA)","Pechay Baguio [Chinese cabbage]",..,..,..,..,..,..,..,..,..,..,..,..,..
"..REGION XIII (CARAGA)","Pechay native",..,..,..,..,..,..,..,..,..,..,..,..,52.90
"....Agusan del Norte","Celery",..,..,..,..,..,..,..,..,..,..,..,..,..
"....Agusan del Norte","Broccoli",..,..,..,..,..,..,..,..,..,..,..,..,..
"....Agusan del Norte","Cabbage",..,..,..,..,..,..,..,..,..,..,..,..,..
"....Agusan del Norte","Cauliflower",..,..,..,..,..,..,..,..,..,..,..,..,..
"....Agusan del Norte","Lettuce head",..,..,..,..,..,..,..,..,..,..,..,..,..
"....Agusan del Norte","Pechay Baguio [Chinese cabbage]",..,..,..,..,..,..,..,..,..,..,..,..,..
"....Agusan del Norte","Pechay native",..,..,..,..,..,..,..,..,..,..,..,..,..
"....Agusan del Sur","Celery",..,..,..,..,..,..,..,..,..,..,..,..,..
"....Agusan del Sur","Broccoli",..,..,..,..,..,..,..,..,..,..,..,..,..
"....Agusan del Sur","Cabbage",..,..,..,..,..,..,..,..,..,..,..,..,..
"....Agusan del Sur","Cauliflower",..,..,..,..,..,..,..,..,..,..,..,..,..
"....Agusan del Sur","Lettuce head",..,..,..,..,..,..,..,..,..,..,..,..,..
"....Agusan del Sur","Pechay Baguio [Chinese cabbage]",..,..,..,..,..,..,..,..,..,..,..,..,..
"....Agusan del Sur","Pechay native",..,..,..,..,..,..,..,..,..,..,..,..,..
"....Dinagat Islands","Celery",..,..,..,..,..,..,..,..,..,..,..,..,..
"....Dinagat Islands","Broccoli",..,..,..,..,..,..,..,..,..,..,..,..,..
"....Dinagat Islands","Cabbage",..,..,..,..,..,..,..,..,..,..,..,..,..
"....Dinagat Islands","Cauliflower",..,..,..,..,..,..,..,..,..,..,..,..,..
"....Dinagat Islands","Lettuce head",..,..,..,..,..,..,..,..,..,..,..,..,..
"....Dinagat Islands","Pechay Baguio [Chinese cabbage]",..,..,..,..,..,..,..,..,..,..,..,..,..
"....Dinagat Islands","Pechay native",..,..,..,..,..,..,..,..,..,..,..,..,..
"....Surigao del Norte","Celery",..,..,..,..,..,..,..,..,..,..,..,..,..
"....Surigao del Norte","Broccoli",..,..,..,..,..,..,..,..,..,..,..,..,..
"....Surigao del Norte","Cabbage",..,..,..,..,..,..,..,..,..,..,..,..,..
"....Surigao del Norte","Cauliflower",..,..,..,..,..,..,..,..,..,..,..,..,..
"....Surigao del Norte","Lettuce head",..,..,..,..,..,..,..,..,..,..,..,..,..
"....Surigao del Norte","Pechay Baguio [Chinese cabbage]",..,..,..,..,..,..,..,..,..,..,..,..,..
"....Surigao del Norte","Pechay native",..,..,..,..,..,..,..,..,..,..,..,..,..
"....Surigao del Sur","Celery",..,..,..,..,..,..,..,..,..,..,..,..,..
"....Surigao del Sur","Broccoli",..,..,..,..,..,..,..,..,..,..,..,..,..
"....Surigao del Sur","Cabbage",..,..,..,..,..,..,..,..,..,..,..,..,47.70
"....Surigao del Sur","Cauliflower",..,..,..,..,..,..,..,..,..,..,..,..,..
"....Surigao del Sur","Lettuce head",..,..,..,..,..,..,..,..,..,..,..,..,..
"....Surigao del Sur","Pechay Baguio [Chinese cabbage]",..,..,..,..,..,..,..,..,..,..,..,..,..
"....Surigao del Sur","Pechay native",..,..,..,..,..,..,..,..,..,..,..,..,52.90
"..AUTONOMOUS REGION IN MUSLIM MINDANAO (ARMM)","Celery",..,..,..,..,..,..,..,..,..,..,..,..,..
"..AUTONOMOUS REGION IN MUSLIM MINDANAO (ARMM)","Broccoli",..,..,..,..,..,..,..,..,..,..,..,..,..
"..AUTONOMOUS REGION IN MUSLIM MINDANAO (ARMM)","Cabbage",39.75,35.60,33.35,54.03,59.08,62.85,62.86,..,51.08,33.00,45.38,..,47.70
"..AUTONOMOUS REGION IN MUSLIM MINDANAO (ARMM)","Cauliflower",..,..,..,..,..,..,..,..,..,..,..,..,..
"..AUTONOMOUS REGION IN MUSLIM MINDANAO (ARMM)","Lettuce head",..,..,..,..,..,..,..,..,..,..,..,..,..
"..AUTONOMOUS REGION IN MUSLIM MINDANAO (ARMM)","Pechay Baguio [Chinese cabbage]",..,..,..,..,..,..,..,..,..,..,..,..,..
"..AUTONOMOUS REGION IN MUSLIM MINDANAO (ARMM)","Pechay native",51.69,52.50,52.54,57.17,59.85,54.54,54.57,..,48.00,50.23,47.92,..,52.90
"....Basilan","Celery",..,..,..,..,..,..,..,..,..,..,..,..,..
"....Basilan","Broccoli",..,..,..,..,..,..,..,..,..,..,..,..,..
"....Basilan","Cabbage",..,..,..,..,..,..,..,..,..,..,..,..,..
"....Basilan","Cauliflower",..,..,..,..,..,..,..,..,..,..,..,..,..
"....Basilan","Lettuce head",..,..,..,..,..,..,..,..,..,..,..,..,..
"....Basilan","Pechay Baguio [Chinese cabbage]",..,..,..,..,..,..,..,..,..,..,..,..,..
"....Basilan","Pechay native",..,..,..,..,..,..,..,..,..,..,..,..,..
"....Lanao del Sur","Celery",..,..,..,..,..,..,..,..,..,..,..,..,..
"....Lanao del Sur","Broccoli",..,..,..,..,..,..,..,..,..,..,..,..,..
"....Lanao del Sur","Cabbage",..,..,..,..,..,..,..,..,..,..,..,..,..
"....Lanao del Sur","Cauliflower",..,..,..,..,..,..,..,..,..,..,..,..,..
"....Lanao del Sur","Lettuce head",..,..,..,..,..,..,..,..,..,..,..,..,..
"....Lanao del Sur","Pechay Baguio [Chinese cabbage]",..,..,..,..,..,..,..,..,..,..,..,..,..
"....Lanao del Sur","Pechay native",..,..,..,..,..,..,..,..,..,..,..,..,..
"....Maguindanao","Celery",..,..,..,..,..,..,..,..,..,..,..,..,..
"....Maguindanao","Broccoli",..,..,..,..,..,..,..,..,..,..,..,..,..
"....Maguindanao","Cabbage",39.75,35.60,33.35,54.03,59.08,62.85,62.86,..,51.08,33.00,45.38,..,47.70
"....Maguindanao","Cauliflower",..,..,..,..,..,..,..,..,..,..,..,..,..
"....Maguindanao","Lettuce head",..,..,..,..,..,..,..,..,..,..,..,..,..
"....Maguindanao","Pechay Baguio [Chinese cabbage]",..,..,..,..,..,..,..,..,..,..,..,..,..
"....Maguindanao","Pechay native",51.69,52.50,52.54,57.17,59.85,54.54,54.57,..,48.00,50.23,47.92,..,52.90
"....Sulu","Celery",..,..,..,..,..,..,..,..,..,..,..,..,..
"....Sulu","Broccoli",..,..,..,..,..,..,..,..,..,..,..,..,..
"....Sulu","Cabbage",..,..,..,..,..,..,..,..,..,..,..,..,..
"....Sulu","Cauliflower",..,..,..,..,..,..,..,..,..,..,..,..,..
"....Sulu","Lettuce head",..,..,..,..,..,..,..,..,..,..,..,..,..
"....Sulu","Pechay Baguio [Chinese cabbage]",..,..,..,..,..,..,..,..,..,..,..,..,..
"....Sulu","Pechay native",..,..,..,..,..,..,..,..,..,..,..,..,..
"....Tawi-tawi","Celery",..,..,..,..,..,..,..,..,..,..,..,..,..
"....Tawi-tawi","Broccoli",..,..,..,..,..,..,..,..,..,..,..,..,..
"....Tawi-tawi","Cabbage",..,..,..,..,..,..,..,..,..,..,..,..,..
"....Tawi-tawi","Cauliflower",..,..,..,..,..,..,..,..,..,..,..,..,..
"....Tawi-tawi","Lettuce head",..,..,..,..,..,..,..,..,..,..,..,..,..
"....Tawi-tawi","Pechay Baguio [Chinese cabbage]",..,..,..,..,..,..,..,..,..,..,..,..,..
"....Tawi-tawi","Pechay native",..,..,..,..,..,..,..,..,..,..,..,..,..
