"Geolocation","Commodity Description","2021 Jan","2021 Feb","2021 Mar","2021 Apr","2021 May","2021 Jun","2021 Jul","2021 Aug","2021 Sep","2021 Oct","2021 Nov","2021 Dec","2021 Ave"
"....Benguet","0 - ALL ITEMS",2.7,2.9,2.6,1.8,2.5,2.5,2.8,4.8,5.9,8.5,8.4,7.1,4.4
"....Benguet","01 - FOOD AND NON-ALCOHOLIC BEVERAGES",6.9,6.1,4.8,0.2,2.2,2.4,3.8,8.3,10.8,11.0,9.9,7.0,6.1
"....Benguet","01.1 - FOOD",7.2,6.5,5.0,0.1,2.2,2.5,3.9,8.7,11.4,11.6,10.5,7.4,6.4
"....Benguet","01.1.1 - Cereals and cereal products (ND)",3.1,2.1,2.8,0.8,2.7,0.9,1.5,2.5,3.8,4.9,5.0,6.0,3.0
"....Benguet","01.1.1.1 - Cereals (ND)",4.1,2.7,3.6,0.9,3.6,0.8,1.6,2.7,4.3,6.0,6.0,7.3,3.6
"....Benguet","01.1.1.12 - Rice",3.9,2.4,3.4,0.6,3.4,0.6,1.4,2.5,4.1,5.7,5.7,7.2,3.4
"....Benguet","01.1.1.16 - Corn",12.1,11.3,13.3,9.6,12.6,10.5,7.6,6.9,10.6,16.5,16.5,13.5,11.8
"....Benguet","01.1.1.20 - FLOUR, BREAD AND OTHER BAKERY PRODUCTS, PASTA PRODUCTS,  AND OTHER CEREALS",0.5,0.5,0.5,0.5,0.6,1.1,1.5,1.8,2.2,2.0,2.2,2.4,1.3
"....Benguet","01.1.1.2 - Flour of cereals (ND)",3.6,0.9,-1.1,-0.7,-0.4,-0.3,0.3,0.3,-0.3,-0.9,-0.4,0.2,0.1
"....Benguet","01.1.1.3 - Bread and bakery products (ND)",0.0,0.3,0.4,0.4,0.4,1.1,1.5,2.0,2.5,2.7,2.8,2.7,1.4
"....Benguet","01.1.1.4 - Breakfast cereals (ND)",-0.6,-0.6,0.5,1.0,1.3,1.4,4.1,2.8,3.4,2.4,2.5,2.7,1.7
"....Benguet","01.1.1.5 - Macaroni, noodles, couscous and similar pasta products (ND)",0.8,0.8,0.8,0.9,1.0,1.2,2.4,2.6,2.6,1.1,1.5,1.8,1.4
"....Benguet","01.1.1.9 - Other cereal and grain mill products (ND)",1.2,1.1,2.0,1.7,1.5,1.5,0.4,-0.3,0.5,1.0,1.8,4.1,1.4
"....Benguet","01.1.2 - Meat and other parts of slaughtered land animals (ND)",8.6,12.0,11.9,13.2,15.8,16.3,11.3,12.1,15.9,13.2,7.0,7.9,12.0
"....Benguet","01.1.2.2 - Meat, fresh, chilled or frozen (ND)",10.6,15.0,14.9,16.5,20.1,20.8,14.0,15.0,20.1,16.4,8.2,9.2,14.9
"....Benguet","01.1.2.3 - Meat, dried, salted, in brine or smoked (ND)",..,..,..,..,..,..,..,..,..,..,..,..,..
"....Benguet","01.1.2.4 - Offal, blood and other parts of slaughtered animals, fresh, chilled or frozen, dried, salted, in brine or smoked (ND)",-7.1,-2.2,1.1,-1.9,2.3,7.1,11.2,24.1,35.8,52.1,48.2,60.0,18.5
"....Benguet","01.1.2.5 - Meat, offal, blood and other parts of slaughtered animals' preparations (ND)",2.3,2.2,2.4,2.7,2.4,2.3,1.9,1.5,1.1,0.9,1.2,1.2,1.8
"....Benguet","01.1.3 - Fish and other seafood (ND)",7.4,3.8,1.9,-2.3,3.9,3.5,6.9,10.6,11.6,10.5,12.7,9.9,6.6
"....Benguet","01.1.3.1 - Fish, live, fresh, chilled or frozen (ND)",8.4,4.0,2.1,-3.1,4.7,4.4,9.3,13.1,14.1,12.0,14.8,10.7,7.7
"....Benguet","01.1.3.2 - Fish, dried, salted, in brine or smoked (ND)",7.0,4.1,3.2,4.1,1.8,-1.9,-0.5,0.5,3.9,8.6,8.5,8.7,4.0
"....Benguet","01.1.3.3 - Fish preparations (ND)",1.1,1.7,-1.0,-1.0,-1.8,-1.5,-2.3,-1.8,-2.3,-1.3,-0.8,-0.4,-1.0
"....Benguet","01.1.3.4 - Other seafood, live, fresh, chilled or frozen (ND)",5.4,3.4,-0.3,-5.8,7.9,12.2,5.2,22.7,21.7,18.4,17.2,20.6,10.6
"....Benguet","01.1.3.6 - Other seafood preparations (ND)",10.0,10.3,6.2,5.6,5.6,2.6,9.5,9.0,9.0,8.3,8.3,8.5,7.7
"....Benguet","01.1.4 - Milk, other dairy products and eggs (ND)",-0.2,0.2,0.4,-0.2,0.0,-0.7,-0.6,0.2,0.3,-0.3,-1.4,-1.3,-0.3
"....Benguet","01.1.4.1 - Raw and whole milk (ND)",..,..,..,..,..,..,..,..,..,..,..,..,..
"....Benguet","01.1.4.3 - Other milk and cream (ND)",2.3,2.6,2.7,2.5,2.4,1.4,-0.8,-0.1,0.2,-0.5,-0.2,-0.2,1.0
"....Benguet","01.1.4.4 - Non-animal milk (ND)",..,..,..,..,..,..,..,..,..,..,..,..,..
"....Benguet","01.1.4.5 - Cheese (ND)",3.7,5.4,4.9,4.2,4.2,3.8,5.3,5.1,5.5,4.4,4.4,4.4,4.6
"....Benguet","01.1.4.6 - Yoghurt and similar products (ND)",..,..,..,..,..,..,..,..,..,..,..,..,..
"....Benguet","01.1.4.7 - Milk-based dessert and beverages (ND)",2.0,1.3,0.6,-0.6,-1.9,-2.6,-1.9,-3.2,-3.2,-4.5,-5.2,-5.2,-2.1
"....Benguet","01.1.4.8 - Eggs (ND)",-2.9,-2.6,-2.0,-3.1,-2.5,-2.8,-0.4,0.5,0.3,0.0,-2.6,-2.5,-1.7
"....Benguet","01.1.5 - Oils and fats (ND)",1.3,1.6,1.3,1.0,0.9,0.6,1.9,1.7,1.6,1.2,1.3,1.3,1.3
"....Benguet","01.1.5.1 - Vegetable oils (ND)",0.7,1.0,0.6,0.6,0.5,0.3,0.8,0.6,0.5,-0.2,-0.1,-0.1,0.4
"....Benguet","01.1.5.2 - Butter and other fats and oils derived from milk (ND)",2.8,2.8,2.8,2.9,3.2,2.3,2.4,3.0,2.7,2.5,2.3,2.4,2.7
"....Benguet","01.1.5.3 - Margarine and similar preparations (ND)",1.7,1.1,1.1,1.1,1.1,1.1,1.6,0.5,0.3,0.3,0.3,0.3,0.9
"....Benguet","01.1.5.9 - Other animal oils and fats (ND)",4.4,5.3,4.8,2.9,3.2,2.1,8.6,7.8,7.8,8.8,9.4,9.3,6.2
"....Benguet","01.1.6 - Fruits and nuts (ND)",11.6,7.3,4.2,0.1,-4.7,1.2,7.6,12.3,9.2,8.4,13.6,0.8,5.9
"....Benguet","01.1.6.1 - Dates, figs and tropical fruits, fresh (ND)",13.7,8.6,5.1,0.7,-4.8,1.4,8.0,12.4,9.2,9.1,14.6,0.4,6.4
"....Benguet","01.1.6.2 - Citrus fruits, fresh (ND)",-17.3,-14.6,-11.0,-19.0,-18.4,-16.4,5.8,31.8,35.8,26.9,23.5,28.0,2.6
"....Benguet","01.1.6.3 - Stone fruits and pome fruits, fresh (ND)",-8.3,-4.1,-8.3,-10.7,-12.6,-8.7,-15.0,8.7,-5.6,-3.8,0.0,-3.8,-6.1
"....Benguet","01.1.6.5 - Other fruits, fresh (ND)",..,..,..,..,..,..,..,..,..,..,..,..,..
"....Benguet","01.1.6.7 - Fruit, dried and dehydrated (ND)",1.3,2.9,2.2,3.9,2.6,2.6,3.5,3.5,3.5,4.1,4.1,4.6,3.2
"....Benguet","01.1.6.8 - Nuts, in shell or shelled (ND)",-23.3,-20.8,-19.8,-16.4,-11.5,-4.2,-3.3,-4.8,-5.3,-17.7,-16.8,-21.2,-14.2
"....Benguet","01.1.6.9 - Fruit and nuts ground and other preparations (ND)",19.6,18.1,15.0,12.9,11.9,11.8,13.0,13.2,9.5,4.5,9.2,9.2,12.2
"....Benguet","01.1.7 - Vegetables, tubers, plantains, cooking bananas and pulses (ND)",24.7,21.3,8.5,-20.3,-17.6,-14.4,-2.9,29.5,45.4,52.5,46.9,21.3,15.1
"....Benguet","01.1.7.1 - Leafy or stem vegetables, fresh or chilled (ND)",52.6,37.8,18.7,-11.7,-21.7,-17.6,-0.3,44.4,76.9,128.7,83.7,22.5,30.0
"....Benguet","01.1.7.2 - Fruit-bearing vegetables, fresh or chilled (ND)",9.7,8.1,-8.3,-31.9,-27.2,-17.1,6.1,45.2,78.4,38.9,28.9,-1.8,8.1
"....Benguet","01.1.7.3 - Green leguminous vegetables, fresh or chilled (ND)",2.6,0.6,-9.1,-19.4,-11.8,-1.9,39.3,97.8,78.6,48.8,50.9,22.7,21.1
"....Benguet","01.1.7.4 - Other vegetables, fresh or chilled (ND)",19.7,12.0,21.5,4.4,8.4,8.5,7.4,23.6,18.8,12.6,19.7,16.6,14.5
"....Benguet","01.1.7.5 - Tubers, plantains and cooking bananas (ND)",8.8,20.9,0.8,-36.3,-21.9,-25.1,-22.3,2.2,6.5,13.6,43.1,49.7,1.5
"....Benguet","01.1.7.9 - Vegetables, tubers, plantains, cooking bananas and pulses ground and other preparations (ND)",8.1,8.1,8.1,6.0,1.7,1.5,2.5,-6.8,-6.8,-4.2,-3.3,-3.7,0.8
"....Benguet","01.1.8 - Sugar, confectionery and desserts (ND)",-0.1,-0.1,0.7,0.1,0.1,0.4,-0.4,-0.4,-0.4,-0.1,1.1,1.5,0.2
"....Benguet","01.1.8.1 - Cane and beet sugar (ND)",-1.8,-1.4,-0.1,-1.5,-1.4,-1.8,-2.1,-2.9,-2.3,-2.5,-0.5,0.3,-1.5
"....Benguet","01.1.8.3 - Jams, fruit jellies, marmalades, fruit purée and pastes, honey (ND)",1.2,1.2,1.2,0.6,0.0,3.0,2.1,4.5,2.9,2.9,2.9,2.9,2.1
"....Benguet","01.1.8.4 - Nut purée, nut butter and nut pastes (ND)",4.8,4.1,4.3,4.3,4.4,5.0,1.2,1.1,1.0,1.0,1.5,1.5,2.8
"....Benguet","01.1.8.5 - Chocolate, cocoa, and cocoa-based food products (ND)",0.2,0.2,0.2,0.2,0.2,0.2,1.3,1.2,-0.5,-0.5,-0.7,-0.7,0.1
"....Benguet","01.1.8.6 - Ice, ice cream and sorbet (ND)",-2.0,-2.1,-1.1,-0.8,-0.8,-0.1,-0.1,0.3,0.9,3.0,4.7,4.7,0.5
"....Benguet","01.1.8.9 - Other sugar confectionery and desserts n.e.c. (ND)",1.5,0.5,0.5,0.3,0.3,0.3,0.3,0.1,0.0,0.0,-2.0,-2.0,0.0
"....Benguet","01.1.9 - Ready-made food and other food products n.e.c. (ND)",3.3,3.2,3.5,1.8,1.3,1.6,1.7,2.0,2.3,2.8,3.7,3.6,2.6
"....Benguet","01.1.9.2 - Baby food (ND)",-2.8,-3.1,-2.0,-2.3,-2.5,-2.5,-2.9,-2.8,-2.8,-2.5,-0.9,-0.4,-2.3
"....Benguet","01.1.9.3 - Salt, condiments and sauces (ND)",5.1,5.9,5.0,4.3,4.7,4.7,4.9,4.4,4.5,4.3,4.2,4.4,4.7
"....Benguet","01.1.9.4 - Spices, culinary herbs and seeds (ND)",8.1,6.0,8.0,2.2,-0.5,0.4,1.1,2.5,3.7,5.5,8.1,6.7,4.3
"....Benguet","01.1.9.9 - Other food products n.e.c. (ND)",1.5,2.1,1.9,1.8,1.7,1.5,1.6,7.0,6.3,5.7,5.6,5.4,3.5
"....Benguet","01.2 - NON-ALCOHOLIC BEVERAGES",1.4,1.7,1.6,1.4,1.4,1.5,1.6,1.6,1.4,1.1,1.0,1.1,1.4
"....Benguet","01.2.1 - Fruit and vegetable juices (ND)",2.8,2.9,3.2,3.1,3.4,3.8,4.2,3.6,2.7,2.1,1.9,1.9,3.0
"....Benguet","01.2.1.0 - Fruit and vegetable juices (ND)",2.9,2.9,3.2,3.1,3.4,3.8,4.1,3.6,2.7,2.1,1.9,1.9,3.0
"....Benguet","01.2.2 - Coffee and coffee substitutes (ND)",0.8,0.9,0.6,0.6,0.6,0.8,0.4,0.5,0.5,0.4,0.2,0.5,0.6
"....Benguet","01.2.2.0 - Coffee and coffee substitutes (ND)",0.8,0.8,0.6,0.7,0.7,0.9,0.5,0.6,0.5,0.4,0.2,0.5,0.6
"....Benguet","01.2.3 - Tea, maté and other plant products for infusion (ND)",1.6,2.1,2.3,1.7,1.4,0.9,3.7,3.0,4.7,4.8,4.6,4.9,3.0
"....Benguet","01.2.3.0 - Tea, maté and other plant products for infusion (ND)",1.6,2.0,2.3,1.7,1.3,0.9,3.7,3.1,4.7,4.8,4.6,4.8,3.0
"....Benguet","01.2.4 - Cocoa drinks (ND)",1.5,2.0,2.2,1.9,1.9,2.5,3.1,2.9,3.1,2.7,3.0,3.0,2.5
"....Benguet","01.2.4.0 - Cocoa drinks (ND)",1.5,2.0,2.1,1.9,1.8,2.4,3.1,2.9,3.1,2.8,3.0,3.0,2.5
"....Benguet","01.2.5 - Water (ND)",1.9,2.4,2.5,1.8,1.2,0.5,0.3,0.7,0.3,0.3,0.3,0.3,1.0
"....Benguet","01.2.5.0 - Water (ND)",1.9,2.4,2.5,1.9,1.2,0.4,0.3,0.7,0.3,0.3,0.3,0.3,1.0
"....Benguet","01.2.6 - Soft drinks (ND)",1.2,1.2,1.3,1.6,1.7,3.2,3.5,4.0,3.0,1.6,0.9,0.8,2.0
"....Benguet","01.2.6.0 - Soft drinks (ND)",1.2,1.2,1.2,1.5,1.7,3.2,3.5,4.0,3.1,1.5,0.9,0.8,2.0
"....Benguet","01.2.9 - Other non-alcoholic beverages (ND)",3.4,3.4,3.2,3.2,3.2,2.4,3.2,3.4,4.4,2.6,1.9,1.9,3.0
"....Benguet","01.2.9.0 - Other non-alcoholic beverages (ND)",3.4,3.4,3.2,3.2,3.2,2.4,3.2,3.3,4.4,2.6,1.9,1.9,3.0
"....Benguet","02 - ALCOHOLIC BEVERAGES AND TOBACCO",6.6,6.9,4.8,3.2,3.2,3.5,3.1,4.2,6.1,5.4,5.1,5.1,4.7
"....Benguet","02.1 - ALCOHOLIC BEVERAGES",7.0,7.7,5.1,3.7,4.2,5.1,4.3,5.4,7.5,7.5,7.3,7.1,6.0
"....Benguet","02.1.1 - Spirits and liquors (ND)",7.4,8.2,5.3,3.9,4.4,5.5,4.3,5.4,7.7,7.6,7.6,7.3,6.2
"....Benguet","02.1.1.0 - Spirits and liquors (ND)",7.4,8.1,5.4,3.9,4.4,5.4,4.3,5.4,7.7,7.7,7.6,7.3,6.2
"....Benguet","02.1.2 - Wine (ND)",0.9,1.2,0.7,0.7,0.8,0.8,0.6,0.2,0.6,0.8,0.4,0.4,0.7
"....Benguet","02.1.2.1 - Wine from grapes (ND)",0.9,1.1,0.7,0.7,0.8,0.8,0.6,0.2,0.6,0.7,0.4,0.4,0.7
"....Benguet","02.1.2.2 - Wine from other sources (ND)",..,..,..,..,..,..,..,..,..,..,..,..,..
"....Benguet","02.1.3 - Beer (ND)",6.6,6.6,4.4,3.4,4.1,4.3,4.9,6.4,8.0,8.2,6.7,7.2,5.9
"....Benguet","02.1.3.0 - Beer (ND)",6.5,6.5,4.4,3.4,4.1,4.3,4.9,6.5,8.1,8.2,6.7,7.2,5.9
"....Benguet","02.3 - TOBACCO",5.8,5.6,4.1,2.3,1.5,1.3,1.3,2.4,4.2,2.3,1.8,1.9,2.9
"....Benguet","02.3.0 - Tobacco (ND)",5.8,5.6,4.1,2.3,1.5,1.3,1.3,2.4,4.2,2.3,1.8,1.9,2.9
"....Benguet","02.3.0.1 - Cigarettes (ND)",5.4,5.4,3.9,1.9,1.2,0.9,1.1,2.9,4.9,2.9,2.5,2.5,2.9
"....Benguet","02.3.0.2 - Cigars (ND)",..,..,..,..,..,..,..,..,..,..,..,..,..
"....Benguet","02.3.0.9 - Other tobacco products (ND)",13.5,7.8,8.5,7.5,7.5,8.2,3.2,-3.9,-6.3,-5.7,-7.1,-4.5,2.0
"....Benguet","02.4 - OTHER VEGETABLE-BASED TOBACCO PRODUCTS",..,..,..,..,..,..,..,..,..,..,..,..,..
"....Benguet","02.4.0 - Other vegetable-based tobacco products (ND)",..,..,..,..,..,..,..,..,..,..,..,..,..
"....Benguet","02.4.0.0 - Other vegetable-based tobacco products (ND)",..,..,..,..,..,..,..,..,..,..,..,..,..
"....Benguet","02.900 - NON-FOOD",0.7,1.3,1.6,2.5,2.6,2.5,2.4,3.1,3.4,7.3,7.7,7.2,3.5
"....Benguet","03 - CLOTHING AND FOOTWEAR",2.1,2.1,2.0,1.9,1.9,1.5,1.7,2.0,2.3,3.1,3.4,3.2,2.3
"....Benguet","03.1 - CLOTHING",2.1,2.1,2.1,2.0,1.9,1.4,1.8,2.1,2.1,3.1,3.5,3.2,2.3
"....Benguet","03.1.1 - Clothing materials (SD)",-0.1,0.1,0.1,0.3,0.3,0.6,0.6,-0.5,-2.8,-2.9,-4.8,-4.6,-1.1
"....Benguet","03.1.1.0 - Clothing materials (SD)",0.0,0.1,0.1,0.2,0.2,0.6,0.6,-0.5,-2.8,-2.8,-4.8,-4.5,-1.1
"....Benguet","03.1.2 - Garments (SD)",2.1,2.1,2.1,2.0,1.9,1.4,1.8,2.1,2.1,3.2,3.6,3.3,2.3
"....Benguet","03.1.2.1 - Garments for men or boys (SD)",2.9,2.8,2.8,2.7,2.1,1.3,1.3,0.9,0.8,1.5,1.9,1.6,1.9
"....Benguet","03.1.2.2 - Garments for women or girls (SD)",1.0,1.2,1.2,1.3,1.5,1.7,2.6,3.8,4.0,5.8,6.2,5.8,3.0
"....Benguet","03.1.2.3 - Garments for infants (0 to under 2 years) (SD)",1.3,1.4,0.9,1.0,1.0,1.1,1.0,0.9,0.9,0.4,0.4,0.3,0.9
"....Benguet","03.1.2.4 - School uniforms (SD)",..,..,..,..,..,..,..,..,..,..,..,..,..
"....Benguet","03.1.3 - Other articles of clothing and clothing accessories (SD)",0.6,0.6,0.5,0.5,0.4,0.3,0.2,0.4,0.6,0.6,0.7,0.7,0.5
"....Benguet","03.1.3.1 - Other articles of clothing (SD)",0.2,0.2,0.2,0.2,0.2,0.2,0.0,0.3,0.5,0.5,0.7,0.7,0.3
"....Benguet","03.1.3.2 - Clothing accessories (SD)",3.9,3.6,3.2,3.2,3.0,0.9,1.2,1.2,0.9,0.9,0.7,0.7,1.9
"....Benguet","03.1.4 - Cleaning, repair, tailoring and hire of clothing (S)",0.6,0.7,0.8,0.8,0.8,0.8,0.9,1.2,1.3,1.4,1.3,1.3,1.0
"....Benguet","03.1.4.1 - Cleaning of clothing (S)",0.0,0.0,0.0,0.0,0.0,0.0,0.0,0.0,0.0,0.0,0.0,0.0,0.0
"....Benguet","03.1.4.2 - Repair, tailoring and hire of clothing (S)",4.0,4.2,4.9,5.1,5.3,5.4,5.8,7.6,8.6,8.8,8.0,8.1,6.3
"....Benguet","03.2 - FOOTWEAR",2.0,2.0,1.8,1.9,1.9,1.9,1.5,1.6,2.4,3.0,3.1,3.4,2.2
"....Benguet","03.2.1 - Shoes and other footwear (SD)",2.0,2.0,1.8,1.9,1.9,1.9,1.5,1.6,2.4,3.0,3.1,3.4,2.2
"....Benguet","03.2.1.1 - Footwear for men (SD)",0.7,0.8,0.7,0.8,0.8,0.8,1.3,1.2,3.0,3.4,3.4,3.8,1.7
"....Benguet","03.2.1.2 - Footwear for women (SD)",1.6,1.7,2.0,2.1,2.1,2.1,1.1,1.2,1.3,1.7,2.2,2.5,1.8
"....Benguet","03.2.1.3 - Footwear for infants and children (SD)",4.6,4.1,3.4,3.6,3.7,3.7,2.2,2.6,2.5,3.4,3.4,3.7,3.4
"....Benguet","03.2.2 - Cleaning, repair, and hire of footwear (S)",0.0,0.0,0.0,0.0,0.0,0.0,0.0,0.0,0.0,0.0,0.0,0.0,0.0
"....Benguet","03.2.2.0 - Cleaning, repair, and hire of footwear (S)",0.0,0.0,0.0,0.0,0.0,0.0,0.0,0.0,0.0,0.0,0.0,0.0,0.0
"....Benguet","04 - HOUSING, WATER, ELECTRICITY, GAS, AND OTHER FUELS",0.2,1.0,1.4,2.1,1.9,2.5,2.4,3.6,4.1,5.9,5.8,5.2,3.0
"....Benguet","04.1 - ACTUAL RENTALS FOR HOUSING",0.8,0.8,0.8,0.8,0.8,0.8,0.8,0.6,0.6,2.8,2.5,2.2,1.2
"....Benguet","04.1.1 - Actual rentals paid by tenants for main residence (S)",0.8,0.8,0.8,0.8,0.8,0.8,0.8,0.6,0.6,2.8,2.5,2.2,1.2
"....Benguet","04.1.1.0 - Actual rentals paid by tenants for main residence (S)",0.7,0.7,0.7,0.7,0.7,0.7,0.7,0.5,0.5,2.7,2.5,2.2,1.1
"....Benguet","04.3 - MAINTENANCE, REPAIR AND SECURITY OF THE DWELLING",2.1,2.2,1.9,1.9,1.9,1.9,2.0,2.5,3.0,3.4,3.9,3.8,2.5
"....Benguet","04.3.1 - Security equipment and materials for the maintenance and repair of the dwelling (ND)",2.5,2.7,2.3,2.3,2.3,2.4,2.6,3.0,2.9,-0.5,-0.2,-0.3,1.8
"....Benguet","04.3.1.1 - Materials for the maintenance and repair of the dwelling (ND)",2.5,2.7,2.3,2.3,2.3,2.4,2.6,3.0,2.9,-0.4,-0.2,-0.2,1.8
"....Benguet","04.3.2 - Services for the maintenance, repair and security of the dwelling (S)",0.3,0.4,0.4,0.4,0.4,0.4,0.1,0.5,3.0,16.1,17.0,17.0,4.7
"....Benguet","04.3.2.0 - Services for the maintenance, repair and security of the dwelling (S)",0.2,0.4,0.4,0.4,0.4,0.4,0.2,0.5,3.1,16.1,17.0,17.0,4.7
"....Benguet","04.4 - WATER SUPPLY AND MISCELLANEOUS SERVICES RELATING TO THE DWELLING",0.0,0.0,0.0,9.1,9.1,9.1,9.1,9.1,9.1,-15.7,-15.7,-15.7,0.6
"....Benguet","04.4.1 - Water supply (ND)",0.0,0.0,0.0,9.1,9.1,9.1,9.1,9.1,9.1,-15.7,-15.7,-15.7,0.6
"....Benguet","04.4.1.1 - Water supply through network systems (ND)",0.0,0.0,0.0,9.1,9.1,9.1,9.1,9.1,9.1,-15.7,-15.7,-15.7,0.6
"....Benguet","04.5 - ELECTRICITY, GAS AND OTHER FUELS",-2.1,1.4,3.3,5.6,4.2,7.3,6.7,12.3,14.5,18.4,18.7,16.5,8.7
"....Benguet","04.5.1 - Electricity (ND)",-1.2,4.2,5.3,2.6,6.1,12.6,6.3,20.8,26.8,38.7,33.0,22.6,14.4
"....Benguet","04.5.1.0 - Electricity (ND)",-1.2,4.2,5.3,2.6,6.1,12.6,6.3,20.8,26.8,38.8,33.1,22.7,14.4
"....Benguet","04.5.2 - Gas (ND)",-2.3,1.7,6.1,15.4,4.2,4.7,11.4,12.3,12.2,12.3,17.8,21.0,9.6
"....Benguet","04.5.2.2 - Liquefied hydrocarbons (ND)",-2.3,1.7,6.2,15.5,4.2,4.8,11.4,12.3,12.3,12.2,17.8,21.0,9.6
"....Benguet","04.5.3 - Liquid fuels (ND)",-15.0,-4.9,16.4,40.3,35.3,22.6,19.9,21.2,26.8,35.6,34.5,30.2,20.5
"....Benguet","04.5.3.0 - Liquid fuels (ND)",-15.0,-4.9,16.4,40.3,35.2,22.5,19.9,21.2,26.8,35.5,34.5,30.2,20.5
"....Benguet","04.5.4 - Solid fuels (ND)",-3.2,-3.2,-3.9,-4.0,1.5,3.3,-0.2,0.0,0.1,0.1,0.1,0.1,-0.8
"....Benguet","04.5.4.2 - Wood fuel, including pellets and briquettes (ND)",-3.1,-3.1,-3.8,-3.8,1.7,3.4,0.0,0.0,0.0,0.0,0.0,0.0,-0.8
"....Benguet","04.5.4.3 - Charcoal (ND)",-7.3,-6.7,-5.9,-8.9,-8.9,-8.9,-7.4,1.7,4.7,4.2,4.2,4.2,-3.2
"....Benguet","05 - FURNISHINGS, HOUSEHOLD EQUIPMENT AND ROUTINE HOUSEHOLD MAINTENANCE",2.7,2.6,2.5,2.4,2.2,1.1,0.9,0.9,1.2,1.6,1.4,1.5,1.8
"....Benguet","05.1 - FURNITURE, FURNISHINGS, AND LOOSE CARPETS",1.6,1.6,1.7,1.8,1.8,1.9,0.7,0.7,0.7,0.6,0.6,0.6,1.2
"....Benguet","05.1.1 - Furniture, furnishings and loose carpets (D)",1.6,1.6,1.7,1.8,1.8,1.9,0.7,0.7,0.7,0.6,0.6,0.6,1.2
"....Benguet","05.1.1.1 - Household furniture (D)",1.7,1.7,1.7,1.8,1.9,2.0,0.7,0.7,0.7,0.6,0.6,0.6,1.2
"....Benguet","05.1.1.3 - Lighting equipment (D)",..,..,..,..,..,..,..,..,..,..,..,..,..
"....Benguet","05.1.1.4 - Furnishings, loose carpets and rugs (D)",..,..,..,..,..,..,..,..,..,..,..,..,..
"....Benguet","05.2 - HOUSEHOLD TEXTILES",1.3,1.8,2.0,2.3,2.3,2.1,2.4,2.1,2.7,8.7,8.8,8.7,3.8
"....Benguet","05.2.1 - Household textiles (SD)",1.3,1.8,2.0,2.3,2.3,2.1,2.4,2.1,2.7,8.7,8.8,8.7,3.8
"....Benguet","05.2.1.1 - Furnishing fabrics and curtains (SD)",-0.7,-0.7,0.0,0.0,0.0,0.7,0.7,0.7,0.7,0.7,0.7,0.7,0.3
"....Benguet","05.2.1.2 - Bed linen and bedding (SD)",0.8,1.5,1.6,2.0,2.2,2.5,2.9,2.5,3.4,11.1,11.1,11.1,4.4
"....Benguet","05.2.1.3 - Table linen and bathroom linen (SD)",15.6,16.2,15.7,15.9,15.5,1.7,1.7,1.7,1.7,1.7,1.7,1.6,7.1
"....Benguet","05.2.1.9 - Other household textiles (SD)",0.7,0.7,0.7,0.7,0.7,0.7,0.7,0.7,0.1,8.5,7.8,7.8,2.5
"....Benguet","05.3 - HOUSEHOLD APPLIANCES",-0.2,-0.2,0.2,0.2,0.2,0.2,0.1,0.5,0.5,0.5,0.5,0.5,0.3
"....Benguet","05.3.1 - Major household appliances, whether electric or not (D)",-0.4,-0.4,0.1,0.1,0.1,0.1,0.1,0.5,0.5,0.5,0.5,0.5,0.2
"....Benguet","05.3.1.1 - Major kitchen appliances (D)",-0.7,-0.7,0.1,0.1,0.1,0.1,0.2,0.2,0.2,0.2,0.2,0.2,0.1
"....Benguet","05.3.1.2 - Major laundry appliances (D)",0.0,0.0,0.0,0.0,0.0,0.0,0.0,0.8,0.9,0.9,0.9,0.9,0.4
"....Benguet","05.3.1.3 - Heaters, air conditioners (D)",-0.1,-0.1,-0.1,-0.1,-0.1,-0.1,-0.1,-0.1,-0.1,-0.1,-0.1,-0.1,-0.1
"....Benguet","05.3.2 - Small household appliances (SD)",1.8,1.8,0.7,0.7,0.7,0.8,0.2,0.2,0.1,0.1,0.1,0.1,0.6
"....Benguet","05.3.2.1 - Small appliances for cooking and processing of food (SD)",1.9,1.9,0.1,0.2,0.2,0.2,0.2,0.2,0.2,0.2,0.2,0.1,0.5
"....Benguet","05.3.2.9 - Other small household appliances (SD)",1.6,1.6,1.6,1.6,1.6,1.6,0.1,0.1,0.0,0.0,0.0,0.0,0.8
"....Benguet","05.3.3 - Repair, installation and hire of household appliances (S)",0.0,0.9,1.3,1.7,1.7,1.7,1.7,1.7,1.7,1.7,1.7,1.7,1.5
"....Benguet","05.3.3.0 - Repair, installation and hire of household appliances (S)",0.0,0.8,1.3,1.7,1.7,1.7,1.7,1.7,1.7,1.7,1.7,1.7,1.4
"....Benguet","05.4 - GLASSWARE, TABLEWARE AND HOUSEHOLD UTENSILS",1.1,1.4,1.4,1.4,1.3,1.1,0.9,1.3,1.2,1.2,1.2,1.2,1.2
"....Benguet","05.4.0 - Glassware, tableware and household utensils (SD)",1.1,1.4,1.4,1.4,1.3,1.1,0.9,1.3,1.2,1.2,1.2,1.2,1.2
"....Benguet","05.4.0.1 - Glassware, crystal-ware, ceramic ware and chinaware (SD)",1.1,1.3,1.3,1.3,1.3,1.1,0.8,0.7,0.6,0.6,0.5,0.4,0.9
"....Benguet","05.4.0.2 - Cutlery, flatware and silverware (SD)",2.9,3.7,3.5,3.2,2.4,2.0,1.8,4.2,4.7,4.6,4.6,4.3,3.5
"....Benguet","05.4.0.3 - Kitchen utensils and articles (SD)",0.5,0.5,0.4,0.4,0.5,0.5,0.9,0.8,0.8,0.8,1.2,1.2,0.7
"....Benguet","05.5 - TOOLS AND EQUIPMENT FOR HOUSE AND GARDEN",0.9,0.9,0.7,0.7,0.7,0.7,0.7,0.6,0.6,0.6,0.5,0.5,0.7
"....Benguet","05.5.1 - Motorized tools and equipment (D)",..,..,..,..,..,..,..,..,..,..,..,..,..
"....Benguet","05.5.1.0 - Motorized tools and equipment (D)",..,..,..,..,..,..,..,..,..,..,..,..,..
"....Benguet","05.5.2 - Non-motorized tools and miscellaneous accessories (SD)",0.9,0.9,0.7,0.7,0.7,0.7,0.7,0.6,0.6,0.6,0.5,0.5,0.7
"....Benguet","05.5.2.1 - Non-motorized tools (SD)",1.0,1.0,0.6,0.6,0.6,0.6,0.5,0.5,0.6,0.6,0.5,0.5,0.6
"....Benguet","05.5.2.2 - Miscellaneous accessories (SD)",0.8,0.8,0.8,0.7,0.8,0.7,0.7,0.6,0.5,0.5,0.5,0.5,0.7
"....Benguet","05.6 - GOODS AND SERVICES FOR ROUTINE HOUSEHOLD MAINTENANCE",3.9,3.7,3.4,3.3,3.1,1.2,1.0,0.9,1.4,1.6,1.4,1.4,2.2
"....Benguet","05.6.1 - Non-durable household goods (ND)",4.6,4.4,4.0,3.9,3.5,1.3,1.2,1.1,1.5,0.9,0.7,0.5,2.3
"....Benguet","05.6.1.1 - Household cleaning and maintenance products (ND)",3.4,2.8,2.0,1.7,1.6,2.3,2.1,3.5,3.8,3.2,2.7,2.4,2.6
"....Benguet","05.6.1.9 - Other non-durable household goods (ND)",4.9,5.0,4.6,4.6,4.2,1.0,0.9,0.3,0.7,0.1,0.0,0.1,2.2
"....Benguet","05.6.2 - Domestic services and household services (S)",0.6,0.6,0.6,0.6,0.6,0.6,0.6,0.0,1.1,4.9,4.9,5.4,1.7
"....Benguet","05.6.2.1 - Domestic services by paid staff (S)",0.6,0.6,0.6,0.6,0.6,0.6,0.6,0.0,1.1,4.9,4.9,5.4,1.7
"....Benguet","06 - HEALTH",1.0,0.8,0.8,1.3,1.4,1.6,1.4,1.5,2.2,2.7,2.6,2.5,1.7
"....Benguet","06.1 - MEDICINES AND HEALTH PRODUCTS",1.8,1.5,1.3,1.2,1.3,1.6,1.3,1.5,1.6,2.4,2.3,2.2,1.7
"....Benguet","06.1.1 - Medicines (ND)",1.9,1.6,1.4,1.3,1.5,1.8,1.4,1.7,2.2,2.9,2.8,2.7,1.9
"....Benguet","06.1.1.1 - Medicines, vaccines and other pharmaceutical preparations (ND)",1.9,1.7,1.4,1.4,1.5,1.8,1.4,1.6,2.1,2.9,2.9,2.7,1.9
"....Benguet","06.1.2 - Medical products (ND)",3.1,0.9,-1.3,-1.4,-1.5,-1.5,-2.1,-2.8,-2.7,-2.6,-3.0,-3.8,-1.6
"....Benguet","06.1.2.1 - Medical diagnostic products (ND)",2.0,2.0,2.0,2.5,2.5,1.5,1.5,0.5,0.5,0.5,0.5,0.5,1.3
"....Benguet","06.1.2.2 - Prevention and protective devices (ND)",0.0,-5.7,-12.4,-12.8,-12.9,-12.9,-12.9,-12.9,-12.9,-13.7,-14.5,-17.9,-11.8
"....Benguet","06.1.2.3 - Treatment devices for personal use (ND)",7.3,6.2,6.3,5.9,5.9,6.5,4.3,3.6,3.8,4.8,4.4,5.1,5.3
"....Benguet","06.1.3 - Assistive products (D)",0.8,0.8,0.8,0.8,0.8,0.8,0.8,0.8,-2.4,-1.8,-1.8,-1.8,-0.1
"....Benguet","06.1.3.1 - Assistive products for vision (D)",0.7,0.7,0.7,0.7,0.7,0.7,0.7,0.7,-2.3,-1.8,-1.8,-1.8,-0.2
"....Benguet","06.2 - OUTPATIENT CARE SERVICES",0.5,0.5,0.4,2.6,2.7,2.7,2.6,2.6,4.7,5.1,5.0,4.9,2.9
"....Benguet","06.2.1 - Preventive care services (S)",0.0,0.0,0.0,2.5,2.5,2.5,2.5,2.5,5.0,5.0,5.0,5.0,2.7
"....Benguet","06.2.1.9 - Other preventive services (S)",0.0,0.0,0.0,2.5,2.5,2.5,2.5,2.5,5.0,5.0,5.0,5.0,2.7
"....Benguet","06.2.2 - Outpatient dental services (S)",1.9,2.1,1.9,3.0,3.5,3.5,3.0,3.0,4.0,5.4,5.0,4.9,3.4
"....Benguet","06.2.2.1 - Dental preventive services (S)",1.9,2.1,1.9,3.0,3.5,3.5,3.0,3.0,4.0,5.4,5.1,4.9,3.5
"....Benguet","06.2.3 - Other outpatient care services (S)",..,..,..,..,..,..,..,..,..,..,..,..,..
"....Benguet","06.2.3.1 - Outpatient curative and rehabilitative services (S)",..,..,..,..,..,..,..,..,..,..,..,..,..
"....Benguet","06.3 - INPATIENT CARE SERVICES",0.0,0.0,0.0,0.0,0.0,0.0,0.0,0.0,0.0,0.0,0.0,0.0,0.0
"....Benguet","06.3.1 - Inpatient curative and rehabilitative services (S)",0.0,0.0,0.0,0.0,0.0,0.0,0.0,0.0,0.0,0.0,0.0,0.0,0.0
"....Benguet","06.3.1.0 - Inpatient curative and rehabilitative services (S)",0.0,0.0,0.0,0.0,0.0,0.0,0.0,0.0,0.0,0.0,0.0,0.0,0.0
"....Benguet","06.4 - OTHER HEALTH SERVICES",1.2,1.4,0.9,2.6,2.6,2.6,2.6,2.4,1.9,5.5,5.5,5.5,2.9
"....Benguet","06.4.1 - Diagnostic imaging services and medical laboratory services (S)",1.2,1.4,0.9,2.6,2.6,2.6,2.6,2.4,1.9,5.5,5.5,5.5,2.9
"....Benguet","06.4.1.0 - Diagnostic imaging services and medical laboratory services (S)",1.2,1.4,0.9,2.6,2.6,2.6,2.6,2.4,1.8,5.5,5.5,5.5,2.9
"....Benguet","07 - TRANSPORT",-1.4,0.6,2.3,6.5,7.4,5.3,5.3,5.7,6.5,25.0,26.3,24.0,9.4
"....Benguet","07.1 - PURCHASE OF VEHICLES",2.0,2.0,2.1,2.2,2.2,2.2,0.1,0.1,0.1,0.1,0.1,0.1,1.1
"....Benguet","07.1.1 - Motor cars (D)",..,..,..,..,..,..,..,..,..,..,..,..,..
"....Benguet","07.1.1.1 - New motor cars (D)",..,..,..,..,..,..,..,..,..,..,..,..,..
"....Benguet","07.1.2 - Motorcycles (D)",2.1,2.1,2.2,2.3,2.3,2.3,0.1,0.1,0.1,0.1,0.1,0.1,1.2
"....Benguet","07.1.2.0 - Motorcycles (D)",2.2,2.2,2.3,2.4,2.4,2.3,0.1,0.1,0.1,0.1,0.1,0.1,1.2
"....Benguet","07.1.3 - Bicycles (D)",-0.6,-0.6,-0.7,-1.3,-1.3,-1.5,0.1,0.1,0.0,0.0,0.0,0.0,-0.5
"....Benguet","07.1.3.0 - Bicycles (D)",-0.6,-0.6,-0.6,-1.3,-1.3,-1.4,0.2,0.2,0.1,0.0,0.0,0.0,-0.4
"....Benguet","07.2 - OPERATION OF PERSONAL TRANSPORT EQUIPMENT",-7.1,-4.8,2.8,12.6,15.3,9.7,9.8,10.5,12.7,20.7,23.5,18.1,10.0
"....Benguet","07.2.1 - Parts and accessories for personal transport equipment (SD)",1.3,1.5,1.5,1.9,1.9,1.6,1.1,1.0,0.4,-0.3,-0.4,-0.4,0.9
"....Benguet","07.2.1.1 - Tires (SD)",..,..,..,..,..,..,..,..,..,..,..,..,..
"....Benguet","07.2.1.2 - Parts for personal transport equipment (SD)",1.3,1.5,1.5,1.9,1.9,1.6,1.1,1.0,0.4,-0.3,-0.3,-0.4,0.9
"....Benguet","07.2.1.3 - Accessories for personal transport equipment (SD)",..,..,..,..,..,..,..,..,..,..,..,..,..
"....Benguet","07.2.2 - Fuels and lubricants for personal transport equipment (ND)",-12.8,-9.2,3.6,21.4,26.6,15.5,14.9,16.1,20.5,34.9,40.8,30.5,15.9
"....Benguet","07.2.2.1 - Diesel (ND)",-16.6,-10.9,4.0,23.8,32.2,18.6,18.2,20.1,26.7,46.4,50.8,37.6,19.3
"....Benguet","07.2.2.2 - Gasoline (ND)",-7.0,-7.2,3.4,20.3,20.8,12.1,10.8,11.2,12.8,21.3,29.6,22.3,12.1
"....Benguet","07.2.2.3 - Other fuels for personal transport equipment (ND)",..,..,..,..,..,..,..,..,..,..,..,..,..
"....Benguet","07.2.2.4 - Lubricants (ND)",0.6,0.6,0.5,0.5,0.6,0.6,0.6,0.6,0.5,0.5,0.3,0.3,0.5
"....Benguet","07.2.3 - Maintenance and repair of personal transport equipment (S)",3.7,2.4,2.7,3.1,3.1,3.1,6.2,6.2,6.2,6.2,3.6,3.6,4.2
"....Benguet","07.2.3.0 - Maintenance and repair of personal transport equipment (S)",3.6,2.4,2.8,3.1,3.1,3.1,6.2,6.2,6.2,6.2,3.6,3.6,4.2
"....Benguet","07.2.4 - Other services in respect of personal transport equipment (S)",0.0,0.0,0.0,0.0,0.0,0.0,0.0,0.0,0.0,0.0,0.0,0.0,0.0
"....Benguet","07.2.4.2 - Toll facilities (S)",0.0,0.0,0.0,0.0,0.0,0.0,0.0,0.0,0.0,0.0,0.0,0.0,0.0
"....Benguet","07.2.4.3 - Driving lessons, tests, licences, and road worthiness tests (S)",..,..,..,..,..,..,..,..,..,..,..,..,..
"....Benguet","07.3 - PASSENGER TRANSPORT SERVICES",3.8,5.6,1.9,2.2,1.9,1.9,1.9,2.1,1.9,32.9,32.9,33.1,10.2
"....Benguet","07.3.1 - Passenger transport by railway (S)",..,..,..,..,..,..,..,..,..,..,..,..,..
"....Benguet","07.3.1.1 - Passenger transport by train (S)",..,..,..,..,..,..,..,..,..,..,..,..,..
"....Benguet","07.3.1.2 - Passenger transport by rapid transit and tram (S)",..,..,..,..,..,..,..,..,..,..,..,..,..
"....Benguet","07.3.2 - Passenger transport by road (S)",3.9,5.8,1.8,1.8,1.8,1.8,1.8,1.8,1.8,33.3,33.3,33.3,10.2
"....Benguet","07.3.2.1 - Passenger transport by bus and coach (S)",..,..,..,..,..,..,..,..,..,..,..,..,..
"....Benguet","07.3.2.2 - Passenger transport by taxi and hired car with driver (S)",..,..,..,..,..,..,..,..,..,..,..,..,..
"....Benguet","07.3.2.9 - Other passenger transport by road (S)",3.9,5.8,1.9,1.9,1.9,1.9,1.9,1.9,1.9,33.3,33.3,33.3,10.3
"....Benguet","07.3.3 - Passenger transport by air (S)",-2.3,-12.3,10.2,35.7,17.5,17.5,11.2,28.0,15.4,4.7,4.7,17.9,11.6
"....Benguet","07.3.3.1 - Passenger transport by air, domestic (S)",-2.3,-12.2,10.2,35.8,17.5,17.5,11.2,28.0,15.5,4.7,4.7,17.9,11.6
"....Benguet","07.3.4 - Passenger transport by sea and inland waterway (S)",..,..,..,..,..,..,..,..,..,..,..,..,..
"....Benguet","07.3.4.0 - Passenger transport by sea and inland waterway (S)",..,..,..,..,..,..,..,..,..,..,..,..,..
"....Benguet","07.4 - TRANSPORT SERVICES OF GOODS",0.0,0.0,0.0,0.0,0.0,0.0,0.0,0.0,0.0,0.0,0.0,0.0,0.0
"....Benguet","07.4.1 - Postal and courier services (S)",0.0,0.0,0.0,0.0,0.0,0.0,0.0,0.0,0.0,0.0,0.0,0.0,0.0
"....Benguet","07.4.1.1 - Letter handling services (S)",0.0,0.0,0.0,0.0,0.0,0.0,0.0,0.0,0.0,0.0,0.0,0.0,0.0
"....Benguet","07.4.1.2 - Courier and parcel delivery services (S)",0.0,0.0,0.0,0.0,0.0,0.0,0.0,0.0,0.0,0.0,0.0,0.0,0.0
"....Benguet","08 - INFORMATION AND COMMUNICATION",2.3,0.8,0.6,0.6,0.5,0.5,0.7,1.2,1.2,0.8,0.9,0.9,0.9
"....Benguet","08.1 - INFORMATION AND COMMUNICATION EQUIPMENT",0.4,0.4,0.4,0.4,0.4,0.4,0.4,0.3,0.1,0.1,0.0,0.0,0.3
"....Benguet","08.1.1 - Fixed telephone equipment (D)",..,..,..,..,..,..,..,..,..,..,..,..,..
"....Benguet","08.1.1.0 - Fixed telephone equipment (D)",..,..,..,..,..,..,..,..,..,..,..,..,..
"....Benguet","08.1.2 - Mobile telephone equipment (D)",..,..,..,..,..,..,..,..,..,..,..,..,..
"....Benguet","08.1.2.0 - Mobile telephone equipment (D)",..,..,..,..,..,..,..,..,..,..,..,..,..
"....Benguet","08.1.3 - Information processing equipment (D)",0.7,0.7,0.7,0.7,0.7,0.7,0.7,0.5,0.2,0.0,0.0,0.0,0.5
"....Benguet","08.1.3.1 - Computers, laptops and tablets (D)",0.7,0.7,0.6,0.6,0.6,0.6,0.6,0.4,0.2,0.0,0.0,0.0,0.4
"....Benguet","08.1.3.2 - Peripheral equipment and its consumable components (D)",5.2,5.2,5.2,5.2,5.2,5.2,3.2,1.4,0.0,0.0,0.0,0.0,2.9
"....Benguet","08.1.4 - Equipment for the reception, recording and reproduction of sound and vision (D)",0.1,0.1,0.0,0.0,0.0,0.0,0.0,0.0,0.0,0.0,0.0,0.0,0.0
"....Benguet","08.1.4.0 - Equipment for the reception, recording and reproduction of sound and vision (D)",0.0,0.0,0.0,0.0,0.0,0.0,0.0,0.0,0.0,0.0,0.0,0.0,0.0
"....Benguet","08.1.5 - Unrecorded recording media (SD)",0.7,0.7,1.3,1.3,1.3,1.3,1.3,1.3,1.3,1.3,0.0,0.0,1.0
"....Benguet","08.1.5.0 - Unrecorded recording media (SD)",0.6,0.6,1.3,1.3,1.3,1.3,1.3,1.3,1.3,1.3,0.0,0.0,1.0
"....Benguet","08.3 - INFORMATION AND COMMUNICATION SERVICES",2.9,0.9,0.7,0.7,0.5,0.5,0.8,1.5,1.6,1.0,1.2,1.2,1.1
"....Benguet","08.3.1 - Fixed communication services (S)",0.0,0.0,0.0,0.0,0.0,0.0,0.0,0.0,0.0,0.0,0.0,0.0,0.0
"....Benguet","08.3.1.0 - Fixed communication services (S)",0.0,0.0,0.0,0.0,0.0,0.0,0.0,0.0,0.0,0.0,0.0,0.0,0.0
"....Benguet","08.3.2 - Mobile communication services (S)",3.0,1.0,0.8,0.8,0.6,0.6,0.9,1.5,1.6,0.5,0.7,0.7,1.0
"....Benguet","08.3.2.0 - Mobile communication services (S)",2.9,1.0,0.8,0.8,0.6,0.6,0.9,1.5,1.6,0.5,0.7,0.7,1.1
"....Benguet","08.3.3 - Internet access provision services and net storage services (S)",2.3,0.0,0.0,0.0,0.0,0.0,0.0,2.1,2.1,8.3,8.3,8.3,2.6
"....Benguet","08.3.3.0 - Internet access provision services and net storage services (S)",2.3,0.0,0.0,0.0,0.0,0.0,0.0,2.0,2.0,8.2,8.2,8.2,2.6
"....Benguet","08.3.5 - Repair and rental of information and communication equipment (S)",4.9,4.9,3.9,4.5,4.6,5.1,4.7,0.5,0.5,0.5,1.1,1.1,3.0
"....Benguet","08.3.5.0 - Repair and rental of information and communication equipment (S)",4.8,4.8,4.0,4.5,4.7,5.1,4.6,0.4,0.4,0.4,1.1,1.1,2.9
"....Benguet","09 - RECREATION, SPORT AND CULTURE",-1.2,-1.2,-1.4,-1.3,-1.3,-1.3,-1.1,1.0,1.0,1.5,1.6,2.2,-0.1
"....Benguet","09.1 - RECREATIONAL DURABLES",0.0,0.0,0.0,0.0,0.0,0.0,0.0,0.0,0.0,0.0,0.0,0.0,0.0
"....Benguet","09.1.1 - Photographic and cinematographic equipment and optical instruments (D)",0.0,0.0,0.0,0.0,0.0,0.0,0.0,0.0,0.0,0.0,0.0,0.0,0.0
"....Benguet","09.1.1.1 - Cameras (D)",0.0,0.0,0.0,0.0,0.0,0.0,0.0,0.0,0.0,0.0,0.0,0.0,0.0
"....Benguet","09.2 - OTHER RECREATIONAL GOODS",-0.2,-0.2,-0.5,-0.5,-0.5,0.1,0.4,0.4,-2.4,-2.6,-2.1,-2.1,-0.8
"....Benguet","09.2.1 - Games, toys and hobbies (SD)",-0.4,-0.4,-0.5,-0.5,-0.5,0.2,0.5,0.5,-2.5,-2.8,-2.2,-2.3,-0.9
"....Benguet","09.2.1.2 - Other games, toys and hobbies (SD)",-0.4,-0.4,-0.5,-0.5,-0.5,0.2,0.4,0.4,-2.6,-2.8,-2.3,-2.3,-0.9
"....Benguet","09.2.2 - Equipment for sport, camping and open-air recreation (SD)",2.6,2.6,0.0,0.0,0.0,0.1,0.1,0.1,0.1,0.1,0.1,0.1,0.5
"....Benguet","09.2.2.1 - Equipment for sport (SD)",2.6,2.6,0.0,0.0,0.0,0.1,0.1,0.1,0.1,0.1,0.1,0.1,0.5
"....Benguet","09.2.2.2 - Equipment for camping and open-air recreation (SD)",..,..,..,..,..,..,..,..,..,..,..,..,..
"....Benguet","09.3 - GARDEN PRODUCTS AND PETS",1.2,1.4,0.4,2.2,2.3,1.4,1.8,7.2,9.6,15.5,16.6,16.9,6.4
"....Benguet","09.3.1 - Garden products, plants and flowers (ND)",1.9,2.5,-0.1,2.6,4.8,0.2,1.7,5.1,2.4,-0.6,1.3,6.6,2.4
"....Benguet","09.3.1.1 - Garden products (ND)",6.7,5.3,0.2,0.7,1.1,2.1,2.2,1.2,-3.7,-2.7,-2.8,-2.6,0.6
"....Benguet","09.3.1.2 - Plants, seeds and flowers (ND)",-2.8,-0.3,-0.3,4.8,8.9,-1.7,1.3,9.5,9.5,1.5,5.9,17.1,4.2
"....Benguet","09.3.2 - Pets and products for pets (ND)",1.0,1.0,0.6,2.1,1.5,1.8,1.8,7.8,11.8,20.4,21.2,19.9,7.5
"....Benguet","09.3.2.2 - Products for pets and other household animals (ND)",1.0,1.0,0.6,2.1,1.4,1.8,1.8,7.8,11.9,20.4,21.2,19.9,7.5
"....Benguet","09.4 - RECREATIONAL SERVICES",-15.9,-15.9,-15.9,-15.9,-15.9,-15.9,-15.8,0.1,0.1,-0.3,-0.8,-0.8,-10.0
"....Benguet","09.4.6 - Recreational and sporting services (S)",0.0,0.0,0.0,0.0,0.0,0.0,2.0,2.0,2.0,-6.7,-13.3,-13.3,-2.3
"....Benguet","09.4.6.2 - Sporting services - practice (S)",0.0,0.0,0.0,0.0,0.0,0.0,2.0,2.0,2.0,-6.7,-13.3,-13.3,-2.3
"....Benguet","09.4.7 - Games of chance (S)",-16.7,-16.7,-16.7,-16.7,-16.7,-16.7,-16.7,0.0,0.0,0.0,0.0,0.0,-10.5
"....Benguet","09.4.7.0 - Games of chance (S)",-16.7,-16.7,-16.7,-16.7,-16.7,-16.7,-16.7,0.0,0.0,0.0,0.0,0.0,-10.4
"....Benguet","09.5 - CULTURAL GOODS",-4.3,-4.3,-4.3,-4.3,-4.3,0.0,0.0,0.0,0.0,0.0,0.0,0.0,-1.8
"....Benguet","09.5.1 - Musical instruments (D)",-4.3,-4.3,-4.3,-4.3,-4.3,0.0,0.0,0.0,0.0,0.0,0.0,0.0,-1.8
"....Benguet","09.5.1.0 - Musical instruments (D)",-4.3,-4.3,-4.3,-4.3,-4.3,0.0,0.0,0.0,0.0,0.0,0.0,0.0,-1.8
"....Benguet","09.6 - CULTURAL SERVICES",0.0,0.0,0.0,0.0,0.0,0.0,0.0,0.0,0.0,0.0,0.0,5.1,0.4
"....Benguet","09.6.1 - Services provided by cinemas, theatres and concert venues (S)",0.0,0.0,0.0,0.0,0.0,0.0,0.0,0.0,0.0,0.0,0.0,5.1,0.4
"....Benguet","09.6.1.0 - Services provided by cinemas, theatres and concert venues (S)",0.0,0.0,0.0,0.0,0.0,0.0,0.0,0.0,0.0,0.0,0.0,5.1,0.4
"....Benguet","09.6.3 - Photographic services (S)",..,..,..,..,..,..,..,..,..,..,..,..,..
"....Benguet","09.6.3.0 - Photographic services (S)",..,..,..,..,..,..,..,..,..,..,..,..,..
"....Benguet","09.6.9 - Other cultural services (S)",..,..,..,..,..,..,..,..,..,..,..,..,..
"....Benguet","09.6.9.0 - Other cultural services (S)",..,..,..,..,..,..,..,..,..,..,..,..,..
"....Benguet","09.7 - NEWSPAPERS, BOOKS AND STATIONERY",0.3,0.2,-0.1,-0.5,-0.6,-0.5,-0.4,-0.5,-0.5,-1.7,-1.8,-1.8,-0.7
"....Benguet","09.7.1 - Books (SD)",0.1,0.2,0.4,0.5,0.9,0.9,2.7,2.6,2.6,2.6,2.6,2.6,1.5
"....Benguet","09.7.1.1 - Educational and textbooks in printed or electronic copy (SD)",0.1,0.2,0.4,0.6,0.9,0.9,2.7,2.6,2.6,2.6,2.6,2.6,1.6
"....Benguet","09.7.1.9 - Other books (SD) in printed or electronic copy",..,..,..,..,..,..,..,..,..,..,..,..,..
"....Benguet","09.7.2 - Newspapers and periodicals (ND)",1.7,1.5,1.0,1.0,0.7,0.5,0.4,0.3,0.3,0.0,0.0,0.0,0.6
"....Benguet","09.7.2.1 - Newspapers (ND)",3.2,2.9,2.0,2.0,1.6,1.1,0.8,0.6,0.6,0.0,0.0,0.0,1.2
"....Benguet","09.7.2.2 - Magazines and periodicals (ND)",0.2,0.2,0.0,0.0,0.0,0.0,0.0,0.0,0.0,0.0,0.0,0.0,0.0
"....Benguet","09.7.4 - Stationery and drawing materials (ND)",0.2,0.1,-0.3,-0.7,-1.0,-0.9,-0.9,-1.2,-1.0,-2.7,-2.8,-2.8,-1.2
"....Benguet","09.7.4.0 - Stationery and drawing materials (ND)",0.1,0.1,-0.2,-0.7,-1.0,-0.9,-0.9,-1.2,-1.0,-2.8,-2.9,-2.8,-1.2
"....Benguet","09.8 - PACKAGE HOLIDAYS (S)",0.0,0.0,0.0,0.0,0.0,0.0,0.0,0.0,0.0,0.0,0.0,0.0,0.0
"....Benguet","09.8.0 - Package holidays (S)",0.0,0.0,0.0,0.0,0.0,0.0,0.0,0.0,0.0,0.0,0.0,0.0,0.0
"....Benguet","09.8.0.0 - Package holidays (S)",0.0,0.0,0.0,0.0,0.0,0.0,0.0,0.0,0.0,0.0,0.0,0.0,0.0
"....Benguet","10 - EDUCATION SERVICES",0.7,0.7,0.7,0.7,0.7,0.7,0.7,0.7,-1.5,-1.5,-0.7,-0.7,0.1
"....Benguet","10.1 - EARLY CHILDHOOD AND PRIMARY EDUCATION",1.1,1.1,1.1,1.1,1.1,1.1,1.1,1.1,0.0,0.0,0.0,0.0,0.7
"....Benguet","10.1.0 - Early chilhood and primary education (S)",1.1,1.1,1.1,1.1,1.1,1.1,1.1,1.1,0.0,0.0,0.0,0.0,0.7
"....Benguet","10.1.0.1 - Early childhood education services (S)",1.0,1.0,1.0,1.0,1.0,1.0,1.0,1.0,0.0,0.0,0.0,0.0,0.7
"....Benguet","10.1.0.2 - Primary education (S)",1.0,1.0,1.0,1.0,1.0,1.0,1.0,1.0,0.0,0.0,0.0,0.0,0.7
"....Benguet","10.2 - SECONDARY EDUCATION  (S)",1.0,1.0,1.0,1.0,1.0,1.0,1.0,1.0,-4.3,-4.3,-1.9,-1.9,-0.4
"....Benguet","10.2.0 - Secondary education (S)",1.0,1.0,1.0,1.0,1.0,1.0,1.0,1.0,-4.3,-4.3,-1.9,-1.9,-0.4
"....Benguet","10.2.0.1 - Lower secondary general education services",1.9,1.9,1.9,1.9,1.9,1.9,1.9,1.9,-8.2,-8.2,-3.6,-3.6,-0.7
"....Benguet","10.2.0.2 - Lower secondary technical-vocational livelihood programs services",0.0,0.0,0.0,0.0,0.0,0.0,0.0,0.0,0.0,0.0,0.0,0.0,0.0
"....Benguet","10.4 - TERTIARY EDUCATION (S)",0.3,0.3,0.3,0.3,0.3,0.3,0.3,0.3,0.0,0.0,0.0,0.0,0.2
"....Benguet","10.4.0 - Tertiary education (s)",0.3,0.3,0.3,0.3,0.3,0.3,0.3,0.3,0.0,0.0,0.0,0.0,0.2
"....Benguet","10.4.0.0 - Tertiary education (s)",0.3,0.3,0.3,0.3,0.3,0.3,0.3,0.3,0.0,0.0,0.0,0.0,0.2
"....Benguet","10.5 - EDUCATION NOT DEFINED BY LEVEL (S)",..,..,..,..,..,..,..,..,..,..,..,..,..
"....Benguet","10.5.0 - Education not defined by level (s)",..,..,..,..,..,..,..,..,..,..,..,..,..
"....Benguet","10.5.0.2 - Review classes for professional and licensure examination (S)",..,..,..,..,..,..,..,..,..,..,..,..,..
"....Benguet","10.5.0.9 - Other education not defined by level (S)",..,..,..,..,..,..,..,..,..,..,..,..,..
"....Benguet","11 - RESTAURANTS AND ACCOMMODATION SERVICES",4.0,4.5,3.8,4.1,4.2,4.3,3.8,3.0,4.3,6.4,8.7,10.1,5.1
"....Benguet","11.1 - FOOD AND BEVERAGE SERVING SERVICES",4.3,4.8,4.1,4.4,4.5,4.6,4.1,3.2,4.5,6.8,9.2,10.8,5.5
"....Benguet","11.1.1 - Restaurants, café and the like (S)",4.3,4.8,4.1,4.4,4.5,4.6,4.1,3.2,4.5,6.8,9.2,10.8,5.5
"....Benguet","11.1.1.1 - Restaurants, café and the like - with full service (S)",4.2,4.8,4.1,4.4,4.5,4.5,4.1,3.2,4.5,6.8,9.2,10.7,5.4
"....Benguet","11.2 - ACCOMMODATION SERVICES",0.0,0.0,0.0,0.0,0.0,0.0,0.0,0.0,0.0,0.0,0.0,0.0,0.0
"....Benguet","11.2.0 - Accommodation services (S)",0.0,0.0,0.0,0.0,0.0,0.0,0.0,0.0,0.0,0.0,0.0,0.0,0.0
"....Benguet","11.2.0.1 - Hotels, motels, inns and similar accommodation services (S)",0.0,0.0,0.0,0.0,0.0,0.0,0.0,0.0,0.0,0.0,0.0,0.0,0.0
"....Benguet","12 - FINANCIAL SERVICES",0.0,0.0,0.0,46.0,46.0,46.0,46.0,46.0,46.0,46.0,46.0,46.0,34.5
"....Benguet","12.2 - FINANCIAL SERVICES",0.0,0.0,0.0,46.0,46.0,46.0,46.0,46.0,46.0,46.0,46.0,46.0,34.5
"....Benguet","12.2.1 - Financial intermediation services indirectly measured (S)",0.0,0.0,0.0,46.0,46.0,46.0,46.0,46.0,46.0,46.0,46.0,46.0,34.5
"....Benguet","12.2.1.0 - Financial intermediation services indirectly measured (S)",0.0,0.0,0.0,46.0,46.0,46.0,46.0,46.0,46.0,46.0,46.0,46.0,34.5
"....Benguet","12.2.9 - Other financial services (S)",..,..,..,..,..,..,..,..,..,..,..,..,..
"....Benguet","12.2.9.1 - Remittances fees (S)",..,..,..,..,..,..,..,..,..,..,..,..,..
"....Benguet","13 - PERSONAL CARE, AND MISCELLANEOUS GOODS AND SERVICES",1.3,1.6,1.3,1.4,1.6,1.5,1.3,1.7,2.3,4.9,4.7,4.8,2.4
"....Benguet","13.1 - PERSONAL CARE",1.3,1.6,1.4,1.4,1.5,1.4,1.2,1.5,2.1,4.2,4.0,4.1,2.2
"....Benguet","13.1.1 - Electric appliances for personal care (SD)",..,..,..,..,..,..,..,..,..,..,..,..,..
"....Benguet","13.1.1.1 - Electric appliances for personal care (SD)",..,..,..,..,..,..,..,..,..,..,..,..,..
"....Benguet","13.1.2 - Other appliances, articles and products for personal care (ND)",1.3,1.3,1.2,1.2,1.3,1.3,1.3,1.5,1.7,2.6,2.2,2.4,1.6
"....Benguet","13.1.2.0 - Other appliances, articles and products for personal care (ND)",1.3,1.4,1.2,1.2,1.4,1.3,1.3,1.5,1.7,2.5,2.2,2.4,1.6
"....Benguet","13.1.3 - Hairdressing salons and personal grooming establishments (S)",1.1,2.6,2.1,2.1,2.2,1.6,0.6,1.4,3.7,12.0,12.4,12.0,4.5
"....Benguet","13.1.3.1 - Hairdressing (S)",2.4,5.7,4.4,4.4,4.7,3.3,1.3,2.8,8.0,8.9,9.9,8.9,5.4
"....Benguet","13.1.3.2 - Personal grooming treatments (S)",0.0,0.0,0.0,0.0,0.0,0.0,0.0,0.0,0.0,14.6,14.6,14.6,3.6
"....Benguet","13.2 - OTHER PERSONAL EFFECTS",0.8,1.1,1.0,1.7,2.4,2.4,2.4,3.7,3.7,11.1,10.9,10.7,4.3
"....Benguet","13.2.1 - Jewellery and watches (D)",0.8,0.8,0.7,0.8,0.8,2.1,1.5,1.5,1.5,1.5,1.8,1.8,1.3
"....Benguet","13.2.1.1 - Jewellery and watches (D)",0.2,0.2,0.0,0.1,0.1,0.1,0.2,0.2,0.3,0.3,0.7,0.7,0.3
"....Benguet","13.2.1.2 - Repair and hire of jewellery, clocks and watches (S)",2.0,2.0,2.0,2.0,2.0,6.1,4.0,4.0,4.0,4.0,4.0,4.0,3.4
"....Benguet","13.2.9 - Other personal effects n.e.c. (SD)",0.8,1.2,1.1,1.9,2.5,2.5,2.5,3.8,3.8,12.3,12.0,11.7,4.7
"....Benguet","13.2.9.1 - Travel goods and articles for babies and other personal effects n.e.c. (SD)",0.8,1.2,1.1,1.8,2.5,2.5,2.5,3.8,3.8,12.3,12.0,11.8,4.7
"....Benguet","13.9 - OTHER SERVICES",0.0,0.0,0.0,0.0,0.0,0.0,0.0,0.0,0.0,0.0,0.0,0.0,0.0
"....Benguet","13.9.0 - Other services (S)",0.0,0.0,0.0,0.0,0.0,0.0,0.0,0.0,0.0,0.0,0.0,0.0,0.0
"....Benguet","13.9.0.9 - Other services n.e.c. (S)",0.0,0.0,0.0,0.0,0.0,0.0,0.0,0.0,0.0,0.0,0.0,0.0,0.0
