"Geolocation","Commodity","2015 January","2015 February","2015 March","2015 April","2015 May","2015 June","2015 July","2015 August","2015 September","2015 October","2015 November","2015 December","2015 Annual"
"PHILIPPINES","Carrots",38.81,31.70,32.96,34.25,34.34,34.59,47.74,55.85,59.66,64.31,60.76,44.89,46.31
"PHILIPPINES","Cassava",8.79,9.43,9.59,13.78,9.06,8.56,11.41,10.19,10.11,7.55,8.58,8.07,9.65
"PHILIPPINES","Gabi Cebu, for ginataan [Taro (cocoyam)]",33.16,29.32,30.27,28.88,30.68,31.34,34.86,35.70,32.44,34.28,37.43,36.90,33.19
"PHILIPPINES","Gabi Tagalog, for sinigang [Tannia, Yautia (cocoyam)]",39.20,28.85,29.36,29.09,33.20,38.50,36.32,33.29,41.77,42.83,41.62,40.70,34.42
"PHILIPPINES","Radish",20.72,19.62,17.19,19.54,26.63,20.49,30.71,33.62,33.65,20.54,19.73,20.51,23.60
"PHILIPPINES","Sweet Potato",19.22,17.85,16.53,17.80,18.38,20.20,22.42,25.53,27.20,25.27,22.82,21.90,21.25
"PHILIPPINES","White/Irish Potato",38.16,33.35,33.52,32.52,32.49,32.07,37.27,36.02,35.48,38.33,42.66,54.10,38.99
"..NATIONAL CAPITAL REGION (NCR)","Carrots",..,20.69,25.21,24.93,..,..,40.53,51.99,62.03,..,58.20,36.14,39.97
"..NATIONAL CAPITAL REGION (NCR)","Cassava",..,12.49,14.64,15.88,..,..,12.48,14.41,14.81,..,10.36,9.63,13.09
"..NATIONAL CAPITAL REGION (NCR)","Gabi Cebu, for ginataan [Taro (cocoyam)]",..,28.58,31.08,30.81,..,..,45.93,43.43,34.98,..,46.84,39.21,37.61
"..NATIONAL CAPITAL REGION (NCR)","Gabi Tagalog, for sinigang [Tannia, Yautia (cocoyam)]",..,20.14,26.13,26.20,..,..,31.44,28.79,41.88,..,..,38.31,30.41
"..NATIONAL CAPITAL REGION (NCR)","Radish",..,16.38,17.53,18.91,..,..,35.50,28.00,43.79,..,20.73,23.38,25.53
"..NATIONAL CAPITAL REGION (NCR)","Sweet Potato",..,18.03,17.70,15.88,..,..,25.72,29.11,37.93,..,23.59,24.31,24.03
"..NATIONAL CAPITAL REGION (NCR)","White/Irish Potato",..,22.93,21.48,20.15,..,..,24.28,22.84,26.60,..,37.05,51.60,28.37
"..CORDILLERA ADMINISTRATIVE REGION (CAR)","Carrots",27.71,21.69,25.82,25.00,27.62,27.38,35.78,56.69,65.44,70.14,52.77,41.71,39.81
"..CORDILLERA ADMINISTRATIVE REGION (CAR)","Cassava",..,..,..,..,..,..,..,..,..,..,..,..,..
"..CORDILLERA ADMINISTRATIVE REGION (CAR)","Gabi Cebu, for ginataan [Taro (cocoyam)]",41.07,34.22,36.71,35.32,37.02,39.38,44.25,43.43,40.55,42.09,42.25,42.65,39.91
"..CORDILLERA ADMINISTRATIVE REGION (CAR)","Gabi Tagalog, for sinigang [Tannia, Yautia (cocoyam)]",..,..,..,..,..,..,..,..,..,..,..,..,..
"..CORDILLERA ADMINISTRATIVE REGION (CAR)","Radish",23.42,21.05,21.80,17.62,23.70,26.51,37.74,33.20,30.11,24.13,22.07,18.42,24.98
"..CORDILLERA ADMINISTRATIVE REGION (CAR)","Sweet Potato",..,..,..,..,..,..,..,..,..,..,..,..,..
"..CORDILLERA ADMINISTRATIVE REGION (CAR)","White/Irish Potato",31.53,24.55,26.31,26.54,25.15,24.85,32.68,33.04,30.76,37.49,41.43,39.00,31.11
"....Abra","Carrots",..,..,..,..,..,..,..,..,..,..,..,..,..
"....Abra","Cassava",..,..,..,..,..,..,..,..,..,..,..,..,..
"....Abra","Gabi Cebu, for ginataan [Taro (cocoyam)]",..,..,..,..,..,..,..,..,..,..,..,..,..
"....Abra","Gabi Tagalog, for sinigang [Tannia, Yautia (cocoyam)]",..,..,..,..,..,..,..,..,..,..,..,..,..
"....Abra","Radish",..,..,..,..,..,..,..,..,..,..,..,..,..
"....Abra","Sweet Potato",..,..,..,..,..,..,..,..,..,..,..,..,..
"....Abra","White/Irish Potato",..,..,..,..,..,..,..,..,..,..,..,..,..
"....Apayao","Carrots",..,..,..,..,..,..,..,..,..,..,..,..,..
"....Apayao","Cassava",..,..,..,..,..,..,..,..,..,..,..,..,..
"....Apayao","Gabi Cebu, for ginataan [Taro (cocoyam)]",..,..,..,..,..,..,..,..,..,..,..,..,..
"....Apayao","Gabi Tagalog, for sinigang [Tannia, Yautia (cocoyam)]",..,..,..,..,..,..,..,..,..,..,..,..,..
"....Apayao","Radish",..,..,..,..,..,..,..,..,..,..,..,..,..
"....Apayao","Sweet Potato",..,..,..,..,..,..,..,..,..,..,..,..,..
"....Apayao","White/Irish Potato",..,..,..,..,..,..,..,..,..,..,..,..,..
"....Benguet","Carrots",27.71,21.69,25.82,25.00,27.62,27.38,35.78,56.69,65.44,70.14,52.77,41.71,39.81
"....Benguet","Cassava",..,..,..,..,..,..,..,..,..,..,..,..,..
"....Benguet","Gabi Cebu, for ginataan [Taro (cocoyam)]",41.07,34.22,36.71,35.32,37.02,39.38,44.25,43.43,40.55,42.09,42.25,42.65,39.91
"....Benguet","Gabi Tagalog, for sinigang [Tannia, Yautia (cocoyam)]",..,..,..,..,..,..,..,..,..,..,..,..,..
"....Benguet","Radish",23.42,21.05,21.80,17.62,23.70,26.51,37.74,33.20,30.11,24.13,22.07,18.42,24.98
"....Benguet","Sweet Potato",..,..,..,..,..,..,..,..,..,..,..,..,..
"....Benguet","White/Irish Potato",31.53,24.55,26.31,26.54,25.15,24.85,32.68,33.04,30.76,37.49,41.43,39.00,31.11
"....Ifugao","Carrots",..,..,..,..,..,..,..,..,..,..,..,..,..
"....Ifugao","Cassava",..,..,..,..,..,..,..,..,..,..,..,..,..
"....Ifugao","Gabi Cebu, for ginataan [Taro (cocoyam)]",..,..,..,..,..,..,..,..,..,..,..,..,..
"....Ifugao","Gabi Tagalog, for sinigang [Tannia, Yautia (cocoyam)]",..,..,..,..,..,..,..,..,..,..,..,..,..
"....Ifugao","Radish",..,..,..,..,..,..,..,..,..,..,..,..,..
"....Ifugao","Sweet Potato",..,..,..,..,..,..,..,..,..,..,..,..,..
"....Ifugao","White/Irish Potato",..,..,..,..,..,..,..,..,..,..,..,..,..
"....Kalinga","Carrots",..,..,..,..,..,..,..,..,..,..,..,..,..
"....Kalinga","Cassava",..,..,..,..,..,..,..,..,..,..,..,..,..
"....Kalinga","Gabi Cebu, for ginataan [Taro (cocoyam)]",..,..,..,..,..,..,..,..,..,..,..,..,..
"....Kalinga","Gabi Tagalog, for sinigang [Tannia, Yautia (cocoyam)]",..,..,..,..,..,..,..,..,..,..,..,..,..
"....Kalinga","Radish",..,..,..,..,..,..,..,..,..,..,..,..,..
"....Kalinga","Sweet Potato",..,..,..,..,..,..,..,..,..,..,..,..,..
"....Kalinga","White/Irish Potato",..,..,..,..,..,..,..,..,..,..,..,..,..
"....Mountain Province","Carrots",..,..,..,..,..,..,..,..,..,..,..,..,..
"....Mountain Province","Cassava",..,..,..,..,..,..,..,..,..,..,..,..,..
"....Mountain Province","Gabi Cebu, for ginataan [Taro (cocoyam)]",..,..,..,..,..,..,..,..,..,..,..,..,..
"....Mountain Province","Gabi Tagalog, for sinigang [Tannia, Yautia (cocoyam)]",..,..,..,..,..,..,..,..,..,..,..,..,..
"....Mountain Province","Radish",..,..,..,..,..,..,..,..,..,..,..,..,..
"....Mountain Province","Sweet Potato",..,..,..,..,..,..,..,..,..,..,..,..,..
"....Mountain Province","White/Irish Potato",..,..,..,..,..,..,..,..,..,..,..,..,..
"..REGION I (ILOCOS REGION)","Carrots",24.83,15.60,16.85,14.20,16.80,15.62,31.51,47.35,49.54,65.39,43.60,28.88,30.85
"..REGION I (ILOCOS REGION)","Cassava",8.45,8.25,7.60,..,..,7.30,..,..,10.83,..,7.43,7.60,8.21
"..REGION I (ILOCOS REGION)","Gabi Cebu, for ginataan [Taro (cocoyam)]",23.50,24.10,23.10,22.29,21.20,23.67,25.46,24.40,21.22,25.18,25.67,24.17,23.66
"..REGION I (ILOCOS REGION)","Gabi Tagalog, for sinigang [Tannia, Yautia (cocoyam)]",39.20,37.55,32.58,31.98,33.20,38.50,41.19,37.79,41.65,42.83,41.62,43.08,38.43
"..REGION I (ILOCOS REGION)","Radish",..,..,..,..,..,..,..,..,..,..,..,..,..
"..REGION I (ILOCOS REGION)","Sweet Potato",21.04,18.00,15.75,16.22,16.86,19.62,32.49,38.05,32.23,30.24,24.93,29.45,24.57
"..REGION I (ILOCOS REGION)","White/Irish Potato",19.97,12.05,20.47,15.60,17.16,14.45,26.20,32.80,22.00,30.05,27.50,22.35,21.72
"....Ilocos Norte","Carrots",..,..,..,..,..,..,..,..,..,..,..,..,..
"....Ilocos Norte","Cassava",..,..,..,..,..,..,..,..,..,..,..,..,..
"....Ilocos Norte","Gabi Cebu, for ginataan [Taro (cocoyam)]",..,..,..,..,..,..,..,..,..,..,..,..,..
"....Ilocos Norte","Gabi Tagalog, for sinigang [Tannia, Yautia (cocoyam)]",..,..,..,..,..,..,..,..,..,..,..,..,..
"....Ilocos Norte","Radish",..,..,..,..,..,..,..,..,..,..,..,..,..
"....Ilocos Norte","Sweet Potato",..,..,..,..,..,..,..,..,..,..,..,..,..
"....Ilocos Norte","White/Irish Potato",..,..,..,..,..,..,..,..,..,..,..,..,..
"....Ilocos Sur","Carrots",..,..,..,..,..,..,..,..,..,..,..,..,..
"....Ilocos Sur","Cassava",..,..,..,..,..,..,..,..,..,..,..,..,..
"....Ilocos Sur","Gabi Cebu, for ginataan [Taro (cocoyam)]",..,..,..,..,..,..,..,..,..,..,..,..,..
"....Ilocos Sur","Gabi Tagalog, for sinigang [Tannia, Yautia (cocoyam)]",..,..,..,..,..,..,..,..,..,..,..,..,..
"....Ilocos Sur","Radish",..,..,..,..,..,..,..,..,..,..,..,..,..
"....Ilocos Sur","Sweet Potato",..,..,..,..,..,..,..,..,..,..,..,..,..
"....Ilocos Sur","White/Irish Potato",..,..,..,..,..,..,..,..,..,..,..,..,..
"....La Union","Carrots",..,..,..,..,..,..,..,..,..,..,..,..,..
"....La Union","Cassava",..,..,..,..,..,..,..,..,..,..,..,..,..
"....La Union","Gabi Cebu, for ginataan [Taro (cocoyam)]",..,..,..,..,..,..,..,..,..,..,..,..,..
"....La Union","Gabi Tagalog, for sinigang [Tannia, Yautia (cocoyam)]",..,..,..,..,..,..,..,..,..,..,..,..,..
"....La Union","Radish",..,..,..,..,..,..,..,..,..,..,..,..,..
"....La Union","Sweet Potato",..,..,..,..,..,..,..,..,..,..,..,..,..
"....La Union","White/Irish Potato",..,..,..,..,..,..,..,..,..,..,..,..,..
"....Pangasinan","Carrots",24.83,15.60,16.85,14.20,16.80,15.62,31.51,47.35,49.54,65.39,43.60,28.88,30.85
"....Pangasinan","Cassava",8.45,8.25,7.60,..,..,7.30,..,..,10.83,..,7.43,7.60,8.21
"....Pangasinan","Gabi Cebu, for ginataan [Taro (cocoyam)]",23.50,24.10,23.10,22.29,21.20,23.67,25.46,24.40,21.22,25.18,25.67,24.17,23.66
"....Pangasinan","Gabi Tagalog, for sinigang [Tannia, Yautia (cocoyam)]",39.20,37.55,32.58,31.98,33.20,38.50,41.19,37.79,41.65,42.83,41.62,43.08,38.43
"....Pangasinan","Radish",..,..,..,..,..,..,..,..,..,..,..,..,..
"....Pangasinan","Sweet Potato",21.04,18.00,15.75,16.22,16.86,19.62,32.49,38.05,32.23,30.24,24.93,29.45,24.57
"....Pangasinan","White/Irish Potato",19.97,12.05,20.47,15.60,17.16,14.45,26.20,32.80,22.00,30.05,27.50,22.35,21.72
"..REGION II (CAGAYAN VALLEY)","Carrots",23.97,20.71,21.46,24.27,24.02,26.37,35.96,57.17,59.70,63.84,53.60,36.42,37.29
"..REGION II (CAGAYAN VALLEY)","Cassava",..,..,..,..,..,..,..,..,..,..,..,..,..
"..REGION II (CAGAYAN VALLEY)","Gabi Cebu, for ginataan [Taro (cocoyam)]",55.69,50.38,49.54,49.31,52.64,51.73,54.60,56.60,54.23,52.58,53.73,58.64,53.31
"..REGION II (CAGAYAN VALLEY)","Gabi Tagalog, for sinigang [Tannia, Yautia (cocoyam)]",..,..,..,..,..,..,..,..,..,..,..,..,..
"..REGION II (CAGAYAN VALLEY)","Radish",..,..,..,..,..,..,..,..,..,..,..,..,..
"..REGION II (CAGAYAN VALLEY)","Sweet Potato",19.81,15.03,12.53,13.52,13.94,20.35,23.02,27.27,31.83,30.27,28.86,26.73,21.93
"..REGION II (CAGAYAN VALLEY)","White/Irish Potato",30.28,26.79,24.32,24.83,23.09,24.25,30.50,31.01,32.52,38.20,39.72,58.19,31.98
"....Cagayan","Carrots",24.77,21.67,21.46,24.31,22.62,27.08,38.21,63.92,62.54,68.69,55.31,38.31,39.07
"....Cagayan","Cassava",..,..,..,..,..,..,..,..,..,..,..,..,..
"....Cagayan","Gabi Cebu, for ginataan [Taro (cocoyam)]",55.69,50.38,49.54,49.31,52.64,51.73,54.60,56.60,54.23,52.58,53.73,58.64,53.31
"....Cagayan","Gabi Tagalog, for sinigang [Tannia, Yautia (cocoyam)]",..,..,..,..,..,..,..,..,..,..,..,..,..
"....Cagayan","Radish",..,..,..,..,..,..,..,..,..,..,..,..,..
"....Cagayan","Sweet Potato",21.15,16.18,13.08,14.69,14.78,21.28,25.11,28.97,33.77,32.46,32.43,29.86,23.65
"....Cagayan","White/Irish Potato",32.23,27.50,24.14,24.62,22.23,24.15,32.71,33.92,32.00,37.38,39.15,56.69,32.23
"....Isabela","Carrots",23.17,19.75,21.46,24.23,25.42,25.66,33.70,50.41,56.85,58.98,51.89,34.53,35.50
"....Isabela","Cassava",..,..,..,..,..,..,..,..,..,..,..,..,..
"....Isabela","Gabi Cebu, for ginataan [Taro (cocoyam)]",..,..,..,..,..,..,..,..,..,..,..,..,..
"....Isabela","Gabi Tagalog, for sinigang [Tannia, Yautia (cocoyam)]",..,..,..,..,..,..,..,..,..,..,..,..,..
"....Isabela","Radish",..,..,..,..,..,..,..,..,..,..,..,..,..
"....Isabela","Sweet Potato",18.46,13.88,11.97,12.34,13.09,19.41,20.92,25.56,29.89,28.07,25.28,23.59,20.21
"....Isabela","White/Irish Potato",28.33,26.07,24.49,25.03,23.95,24.34,28.29,28.09,33.03,39.02,40.28,59.68,31.72
"....Nueva Vizcaya","Carrots",..,..,..,..,..,..,..,..,..,..,..,..,..
"....Nueva Vizcaya","Cassava",..,..,..,..,..,..,..,..,..,..,..,..,..
"....Nueva Vizcaya","Gabi Cebu, for ginataan [Taro (cocoyam)]",..,..,..,..,..,..,..,..,..,..,..,..,..
"....Nueva Vizcaya","Gabi Tagalog, for sinigang [Tannia, Yautia (cocoyam)]",..,..,..,..,..,..,..,..,..,..,..,..,..
"....Nueva Vizcaya","Radish",..,..,..,..,..,..,..,..,..,..,..,..,..
"....Nueva Vizcaya","Sweet Potato",..,..,..,..,..,..,..,..,..,..,..,..,..
"....Nueva Vizcaya","White/Irish Potato",..,..,..,..,..,..,..,..,..,..,..,..,..
"....Quirino","Carrots",..,..,..,..,..,..,..,..,..,..,..,..,..
"....Quirino","Cassava",..,..,..,..,..,..,..,..,..,..,..,..,..
"....Quirino","Gabi Cebu, for ginataan [Taro (cocoyam)]",..,..,..,..,..,..,..,..,..,..,..,..,..
"....Quirino","Gabi Tagalog, for sinigang [Tannia, Yautia (cocoyam)]",..,..,..,..,..,..,..,..,..,..,..,..,..
"....Quirino","Radish",..,..,..,..,..,..,..,..,..,..,..,..,..
"....Quirino","Sweet Potato",..,..,..,..,..,..,..,..,..,..,..,..,..
"....Quirino","White/Irish Potato",..,..,..,..,..,..,..,..,..,..,..,..,..
"..REGION III (CENTRAL LUZON)","Carrots",..,..,..,..,..,21.73,39.63,40.94,48.43,49.38,50.44,36.48,41.00
"..REGION III (CENTRAL LUZON)","Cassava",..,..,..,..,..,..,..,..,..,..,..,..,..
"..REGION III (CENTRAL LUZON)","Gabi Cebu, for ginataan [Taro (cocoyam)]",27.18,23.15,28.15,20.80,20.87,20.53,20.40,21.43,19.42,20.10,20.68,24.73,22.29
"..REGION III (CENTRAL LUZON)","Gabi Tagalog, for sinigang [Tannia, Yautia (cocoyam)]",..,..,..,..,..,..,..,..,..,..,..,..,..
"..REGION III (CENTRAL LUZON)","Radish",..,..,..,..,..,..,..,..,..,..,..,..,..
"..REGION III (CENTRAL LUZON)","Sweet Potato",28.95,26.98,21.93,20.60,18.53,20.71,22.49,27.95,38.00,36.80,35.25,26.62,27.07
"..REGION III (CENTRAL LUZON)","White/Irish Potato",..,..,..,..,..,19.13,29.66,23.52,25.00,31.15,33.23,48.35,30.01
"....Aurora","Carrots",..,..,..,..,..,..,..,..,..,..,..,..,..
"....Aurora","Cassava",..,..,..,..,..,..,..,..,..,..,..,..,..
"....Aurora","Gabi Cebu, for ginataan [Taro (cocoyam)]",..,..,..,..,..,..,..,..,..,..,..,..,..
"....Aurora","Gabi Tagalog, for sinigang [Tannia, Yautia (cocoyam)]",..,..,..,..,..,..,..,..,..,..,..,..,..
"....Aurora","Radish",..,..,..,..,..,..,..,..,..,..,..,..,..
"....Aurora","Sweet Potato",..,..,..,..,..,..,..,..,..,..,..,..,..
"....Aurora","White/Irish Potato",..,..,..,..,..,..,..,..,..,..,..,..,..
"....Bataan","Carrots",..,..,..,..,..,..,..,..,..,..,..,..,..
"....Bataan","Cassava",..,..,..,..,..,..,..,..,..,..,..,..,..
"....Bataan","Gabi Cebu, for ginataan [Taro (cocoyam)]",..,..,..,..,..,..,..,..,..,..,..,..,..
"....Bataan","Gabi Tagalog, for sinigang [Tannia, Yautia (cocoyam)]",..,..,..,..,..,..,..,..,..,..,..,..,..
"....Bataan","Radish",..,..,..,..,..,..,..,..,..,..,..,..,..
"....Bataan","Sweet Potato",..,..,..,..,..,..,..,..,..,..,..,..,..
"....Bataan","White/Irish Potato",..,..,..,..,..,..,..,..,..,..,..,..,..
"....Bulacan","Carrots",..,..,..,..,..,..,..,..,..,..,..,..,..
"....Bulacan","Cassava",..,..,..,..,..,..,..,..,..,..,..,..,..
"....Bulacan","Gabi Cebu, for ginataan [Taro (cocoyam)]",..,..,..,..,..,..,..,..,..,..,..,..,..
"....Bulacan","Gabi Tagalog, for sinigang [Tannia, Yautia (cocoyam)]",..,..,..,..,..,..,..,..,..,..,..,..,..
"....Bulacan","Radish",..,..,..,..,..,..,..,..,..,..,..,..,..
"....Bulacan","Sweet Potato",..,..,..,..,..,..,..,..,..,..,..,..,..
"....Bulacan","White/Irish Potato",..,..,..,..,..,..,..,..,..,..,..,..,..
"....Nueva Ecija","Carrots",..,..,..,..,..,21.73,39.63,40.94,48.43,49.38,50.44,36.48,41.00
"....Nueva Ecija","Cassava",..,..,..,..,..,..,..,..,..,..,..,..,..
"....Nueva Ecija","Gabi Cebu, for ginataan [Taro (cocoyam)]",..,..,..,..,..,..,..,..,..,..,..,..,..
"....Nueva Ecija","Gabi Tagalog, for sinigang [Tannia, Yautia (cocoyam)]",..,..,..,..,..,..,..,..,..,..,..,..,..
"....Nueva Ecija","Radish",..,..,..,..,..,..,..,..,..,..,..,..,..
"....Nueva Ecija","Sweet Potato",..,..,..,..,..,..,..,..,..,..,..,..,..
"....Nueva Ecija","White/Irish Potato",..,..,..,..,..,19.13,29.66,23.52,25.00,31.15,33.23,48.35,30.01
"....Pampanga","Carrots",..,..,..,..,..,..,..,..,..,..,..,..,..
"....Pampanga","Cassava",..,..,..,..,..,..,..,..,..,..,..,..,..
"....Pampanga","Gabi Cebu, for ginataan [Taro (cocoyam)]",27.18,23.15,28.15,20.80,20.87,20.53,20.40,21.43,19.42,20.10,20.68,24.73,22.29
"....Pampanga","Gabi Tagalog, for sinigang [Tannia, Yautia (cocoyam)]",..,..,..,..,..,..,..,..,..,..,..,..,..
"....Pampanga","Radish",..,..,..,..,..,..,..,..,..,..,..,..,..
"....Pampanga","Sweet Potato",28.95,26.98,21.93,20.60,18.53,20.71,22.49,27.95,38.00,36.80,35.25,26.62,27.07
"....Pampanga","White/Irish Potato",..,..,..,..,..,..,..,..,..,..,..,..,..
"....Tarlac","Carrots",..,..,..,..,..,..,..,..,..,..,..,..,..
"....Tarlac","Cassava",..,..,..,..,..,..,..,..,..,..,..,..,..
"....Tarlac","Gabi Cebu, for ginataan [Taro (cocoyam)]",..,..,..,..,..,..,..,..,..,..,..,..,..
"....Tarlac","Gabi Tagalog, for sinigang [Tannia, Yautia (cocoyam)]",..,..,..,..,..,..,..,..,..,..,..,..,..
"....Tarlac","Radish",..,..,..,..,..,..,..,..,..,..,..,..,..
"....Tarlac","Sweet Potato",..,..,..,..,..,..,..,..,..,..,..,..,..
"....Tarlac","White/Irish Potato",..,..,..,..,..,..,..,..,..,..,..,..,..
"....Zambales","Carrots",..,..,..,..,..,..,..,..,..,..,..,..,..
"....Zambales","Cassava",..,..,..,..,..,..,..,..,..,..,..,..,..
"....Zambales","Gabi Cebu, for ginataan [Taro (cocoyam)]",..,..,..,..,..,..,..,..,..,..,..,..,..
"....Zambales","Gabi Tagalog, for sinigang [Tannia, Yautia (cocoyam)]",..,..,..,..,..,..,..,..,..,..,..,..,..
"....Zambales","Radish",..,..,..,..,..,..,..,..,..,..,..,..,..
"....Zambales","Sweet Potato",..,..,..,..,..,..,..,..,..,..,..,..,..
"....Zambales","White/Irish Potato",..,..,..,..,..,..,..,..,..,..,..,..,..
"..REGION IV-A (CALABARZON)","Carrots",40.00,40.00,31.38,36.38,34.78,39.09,48.56,60.84,71.82,76.58,64.10,51.35,49.57
"..REGION IV-A (CALABARZON)","Cassava",11.44,10.63,9.55,9.92,9.06,10.94,10.33,9.38,7.61,8.06,8.81,8.53,9.52
"..REGION IV-A (CALABARZON)","Gabi Cebu, for ginataan [Taro (cocoyam)]",..,..,..,..,..,..,..,..,..,..,..,..,..
"..REGION IV-A (CALABARZON)","Gabi Tagalog, for sinigang [Tannia, Yautia (cocoyam)]",..,..,..,..,..,..,..,..,..,..,..,..,..
"..REGION IV-A (CALABARZON)","Radish",22.38,27.81,15.29,18.67,16.40,20.00,24.50,..,21.05,..,20.00,20.00,20.61
"..REGION IV-A (CALABARZON)","Sweet Potato",19.80,20.58,17.00,17.18,17.26,18.59,19.98,21.33,21.92,21.78,19.25,20.10,19.56
"..REGION IV-A (CALABARZON)","White/Irish Potato",..,..,..,..,..,..,..,..,..,..,..,..,..
"....Batangas","Carrots",..,..,..,..,..,..,..,..,..,..,..,..,..
"....Batangas","Cassava",..,..,..,..,..,..,..,..,..,..,..,..,..
"....Batangas","Gabi Cebu, for ginataan [Taro (cocoyam)]",..,..,..,..,..,..,..,..,..,..,..,..,..
"....Batangas","Gabi Tagalog, for sinigang [Tannia, Yautia (cocoyam)]",..,..,..,..,..,..,..,..,..,..,..,..,..
"....Batangas","Radish",..,..,..,..,..,..,..,..,..,..,..,..,..
"....Batangas","Sweet Potato",..,..,..,..,..,..,..,..,..,..,..,..,..
"....Batangas","White/Irish Potato",..,..,..,..,..,..,..,..,..,..,..,..,..
"....Cavite","Carrots",..,..,..,..,..,..,..,..,..,..,..,..,..
"....Cavite","Cassava",..,..,..,..,..,..,..,..,..,..,..,..,..
"....Cavite","Gabi Cebu, for ginataan [Taro (cocoyam)]",..,..,..,..,..,..,..,..,..,..,..,..,..
"....Cavite","Gabi Tagalog, for sinigang [Tannia, Yautia (cocoyam)]",..,..,..,..,..,..,..,..,..,..,..,..,..
"....Cavite","Radish",..,..,..,..,..,..,..,..,..,..,..,..,..
"....Cavite","Sweet Potato",..,..,..,..,..,..,..,..,..,..,..,..,..
"....Cavite","White/Irish Potato",..,..,..,..,..,..,..,..,..,..,..,..,..
"....Laguna","Carrots",..,..,..,..,..,..,..,..,..,..,..,..,..
"....Laguna","Cassava",11.44,10.63,9.55,9.92,9.06,10.94,10.33,9.38,7.61,8.06,8.81,8.53,9.52
"....Laguna","Gabi Cebu, for ginataan [Taro (cocoyam)]",..,..,..,..,..,..,..,..,..,..,..,..,..
"....Laguna","Gabi Tagalog, for sinigang [Tannia, Yautia (cocoyam)]",..,..,..,..,..,..,..,..,..,..,..,..,..
"....Laguna","Radish",..,..,..,..,..,..,..,..,..,..,..,..,..
"....Laguna","Sweet Potato",..,..,..,..,..,..,..,..,..,..,..,..,..
"....Laguna","White/Irish Potato",..,..,..,..,..,..,..,..,..,..,..,..,..
"....Quezon","Carrots",40.00,40.00,31.38,36.38,34.78,39.09,48.56,60.84,71.82,76.58,64.10,51.35,49.57
"....Quezon","Cassava",..,..,..,..,..,..,..,..,..,..,..,..,..
"....Quezon","Gabi Cebu, for ginataan [Taro (cocoyam)]",..,..,..,..,..,..,..,..,..,..,..,..,..
"....Quezon","Gabi Tagalog, for sinigang [Tannia, Yautia (cocoyam)]",..,..,..,..,..,..,..,..,..,..,..,..,..
"....Quezon","Radish",..,..,..,..,..,..,..,..,..,..,..,..,..
"....Quezon","Sweet Potato",17.22,17.22,15.23,15.53,16.51,19.18,21.96,23.33,24.51,21.76,16.70,18.40,18.96
"....Quezon","White/Irish Potato",..,..,..,..,..,..,..,..,..,..,..,..,..
"....Rizal","Carrots",..,..,..,..,..,..,..,..,..,..,..,..,..
"....Rizal","Cassava",..,..,..,..,..,..,..,..,..,..,..,..,..
"....Rizal","Gabi Cebu, for ginataan [Taro (cocoyam)]",..,..,..,..,..,..,..,..,..,..,..,..,..
"....Rizal","Gabi Tagalog, for sinigang [Tannia, Yautia (cocoyam)]",..,..,..,..,..,..,..,..,..,..,..,..,..
"....Rizal","Radish",22.38,27.81,15.29,18.67,16.40,20.00,24.50,..,21.05,..,20.00,20.00,20.61
"....Rizal","Sweet Potato",22.38,23.93,18.76,18.83,18.00,18.00,18.00,19.32,19.32,21.80,21.80,21.80,20.16
"....Rizal","White/Irish Potato",..,..,..,..,..,..,..,..,..,..,..,..,..
"..MIMAROPA REGION","Carrots",..,..,..,..,..,..,..,..,..,..,..,..,..
"..MIMAROPA REGION","Cassava",..,..,..,..,..,..,..,..,..,..,..,..,..
"..MIMAROPA REGION","Gabi Cebu, for ginataan [Taro (cocoyam)]",..,..,..,..,..,..,..,..,..,..,..,..,..
"..MIMAROPA REGION","Gabi Tagalog, for sinigang [Tannia, Yautia (cocoyam)]",..,..,..,..,..,..,..,..,..,..,..,..,..
"..MIMAROPA REGION","Radish",..,..,..,..,..,..,..,..,..,..,..,..,..
"..MIMAROPA REGION","Sweet Potato",..,..,..,..,..,..,..,..,..,..,..,..,..
"..MIMAROPA REGION","White/Irish Potato",..,..,..,..,..,..,..,..,..,..,..,..,..
"....Marinduque","Carrots",..,..,..,..,..,..,..,..,..,..,..,..,..
"....Marinduque","Cassava",..,..,..,..,..,..,..,..,..,..,..,..,..
"....Marinduque","Gabi Cebu, for ginataan [Taro (cocoyam)]",..,..,..,..,..,..,..,..,..,..,..,..,..
"....Marinduque","Gabi Tagalog, for sinigang [Tannia, Yautia (cocoyam)]",..,..,..,..,..,..,..,..,..,..,..,..,..
"....Marinduque","Radish",..,..,..,..,..,..,..,..,..,..,..,..,..
"....Marinduque","Sweet Potato",..,..,..,..,..,..,..,..,..,..,..,..,..
"....Marinduque","White/Irish Potato",..,..,..,..,..,..,..,..,..,..,..,..,..
"....Occidental Mindoro","Carrots",..,..,..,..,..,..,..,..,..,..,..,..,..
"....Occidental Mindoro","Cassava",..,..,..,..,..,..,..,..,..,..,..,..,..
"....Occidental Mindoro","Gabi Cebu, for ginataan [Taro (cocoyam)]",..,..,..,..,..,..,..,..,..,..,..,..,..
"....Occidental Mindoro","Gabi Tagalog, for sinigang [Tannia, Yautia (cocoyam)]",..,..,..,..,..,..,..,..,..,..,..,..,..
"....Occidental Mindoro","Radish",..,..,..,..,..,..,..,..,..,..,..,..,..
"....Occidental Mindoro","Sweet Potato",..,..,..,..,..,..,..,..,..,..,..,..,..
"....Occidental Mindoro","White/Irish Potato",..,..,..,..,..,..,..,..,..,..,..,..,..
"....Oriental Mindoro","Carrots",..,..,..,..,..,..,..,..,..,..,..,..,..
"....Oriental Mindoro","Cassava",..,..,..,..,..,..,..,..,..,..,..,..,..
"....Oriental Mindoro","Gabi Cebu, for ginataan [Taro (cocoyam)]",..,..,..,..,..,..,..,..,..,..,..,..,..
"....Oriental Mindoro","Gabi Tagalog, for sinigang [Tannia, Yautia (cocoyam)]",..,..,..,..,..,..,..,..,..,..,..,..,..
"....Oriental Mindoro","Radish",..,..,..,..,..,..,..,..,..,..,..,..,..
"....Oriental Mindoro","Sweet Potato",..,..,..,..,..,..,..,..,..,..,..,..,..
"....Oriental Mindoro","White/Irish Potato",..,..,..,..,..,..,..,..,..,..,..,..,..
"....Palawan","Carrots",..,..,..,..,..,..,..,..,..,..,..,..,..
"....Palawan","Cassava",..,..,..,..,..,..,..,..,..,..,..,..,..
"....Palawan","Gabi Cebu, for ginataan [Taro (cocoyam)]",..,..,..,..,..,..,..,..,..,..,..,..,..
"....Palawan","Gabi Tagalog, for sinigang [Tannia, Yautia (cocoyam)]",..,..,..,..,..,..,..,..,..,..,..,..,..
"....Palawan","Radish",..,..,..,..,..,..,..,..,..,..,..,..,..
"....Palawan","Sweet Potato",..,..,..,..,..,..,..,..,..,..,..,..,..
"....Palawan","White/Irish Potato",..,..,..,..,..,..,..,..,..,..,..,..,..
"....Romblon","Carrots",..,..,..,..,..,..,..,..,..,..,..,..,..
"....Romblon","Cassava",..,..,..,..,..,..,..,..,..,..,..,..,..
"....Romblon","Gabi Cebu, for ginataan [Taro (cocoyam)]",..,..,..,..,..,..,..,..,..,..,..,..,..
"....Romblon","Gabi Tagalog, for sinigang [Tannia, Yautia (cocoyam)]",..,..,..,..,..,..,..,..,..,..,..,..,..
"....Romblon","Radish",..,..,..,..,..,..,..,..,..,..,..,..,..
"....Romblon","Sweet Potato",..,..,..,..,..,..,..,..,..,..,..,..,..
"....Romblon","White/Irish Potato",..,..,..,..,..,..,..,..,..,..,..,..,..
"..REGION V (BICOL REGION)","Carrots",40.07,32.03,31.96,38.61,37.15,37.72,47.25,77.87,82.76,72.24,86.54,64.30,54.04
"..REGION V (BICOL REGION)","Cassava",6.49,6.33,6.58,15.55,..,7.45,..,6.78,7.20,7.04,7.70,6.51,7.76
"..REGION V (BICOL REGION)","Gabi Cebu, for ginataan [Taro (cocoyam)]",..,..,..,..,..,..,..,..,..,..,..,..,..
"..REGION V (BICOL REGION)","Gabi Tagalog, for sinigang [Tannia, Yautia (cocoyam)]",..,..,..,..,..,..,..,..,..,..,..,..,..
"..REGION V (BICOL REGION)","Radish",..,..,..,..,..,..,..,..,..,..,..,..,..
"..REGION V (BICOL REGION)","Sweet Potato",21.30,19.39,19.45,23.05,23.00,20.97,19.38,20.88,21.00,21.61,20.84,20.26,20.50
"..REGION V (BICOL REGION)","White/Irish Potato",37.99,32.70,32.65,33.42,33.23,34.21,37.17,39.83,36.87,37.26,45.23,53.48,37.84
"....Albay","Carrots",31.08,29.25,29.06,29.39,32.31,33.44,45.14,59.17,70.42,72.50,67.92,51.81,45.96
"....Albay","Cassava",..,..,..,..,..,..,..,..,..,..,..,..,..
"....Albay","Gabi Cebu, for ginataan [Taro (cocoyam)]",..,..,..,..,..,..,..,..,..,..,..,..,..
"....Albay","Gabi Tagalog, for sinigang [Tannia, Yautia (cocoyam)]",..,..,..,..,..,..,..,..,..,..,..,..,..
"....Albay","Radish",..,..,..,..,..,..,..,..,..,..,..,..,..
"....Albay","Sweet Potato",..,..,..,..,..,..,..,..,..,..,..,..,..
"....Albay","White/Irish Potato",33.18,30.59,30.50,30.50,30.56,30.63,34.50,35.14,33.75,34.58,45.14,59.72,35.73
"....Camarines Norte","Carrots",..,..,..,..,..,..,..,..,..,..,..,..,..
"....Camarines Norte","Cassava",6.49,6.33,6.58,15.55,..,7.45,..,6.78,7.20,7.04,7.70,6.51,7.76
"....Camarines Norte","Gabi Cebu, for ginataan [Taro (cocoyam)]",..,..,..,..,..,..,..,..,..,..,..,..,..
"....Camarines Norte","Gabi Tagalog, for sinigang [Tannia, Yautia (cocoyam)]",..,..,..,..,..,..,..,..,..,..,..,..,..
"....Camarines Norte","Radish",..,..,..,..,..,..,..,..,..,..,..,..,..
"....Camarines Norte","Sweet Potato",17.91,15.77,15.90,..,..,18.93,15.71,18.76,19.00,20.09,18.95,17.51,17.85
"....Camarines Norte","White/Irish Potato",..,..,..,..,..,..,..,..,..,..,..,..,..
"....Camarines Sur","Carrots",49.06,34.80,34.85,47.83,41.98,42.00,49.36,96.57,95.09,71.97,105.15,76.78,62.12
"....Camarines Sur","Cassava",..,..,..,..,..,..,..,..,..,..,..,..,..
"....Camarines Sur","Gabi Cebu, for ginataan [Taro (cocoyam)]",..,..,..,..,..,..,..,..,..,..,..,..,..
"....Camarines Sur","Gabi Tagalog, for sinigang [Tannia, Yautia (cocoyam)]",..,..,..,..,..,..,..,..,..,..,..,..,..
"....Camarines Sur","Radish",..,..,..,..,..,..,..,..,..,..,..,..,..
"....Camarines Sur","Sweet Potato",24.69,23.00,23.00,23.05,23.00,23.00,23.04,23.00,23.00,23.12,22.72,23.00,23.14
"....Camarines Sur","White/Irish Potato",42.80,34.80,34.80,36.34,35.89,37.78,39.84,44.52,39.98,39.94,45.31,47.23,39.94
"....Catanduanes","Carrots",..,..,..,..,..,..,..,..,..,..,..,..,..
"....Catanduanes","Cassava",..,..,..,..,..,..,..,..,..,..,..,..,..
"....Catanduanes","Gabi Cebu, for ginataan [Taro (cocoyam)]",..,..,..,..,..,..,..,..,..,..,..,..,..
"....Catanduanes","Gabi Tagalog, for sinigang [Tannia, Yautia (cocoyam)]",..,..,..,..,..,..,..,..,..,..,..,..,..
"....Catanduanes","Radish",..,..,..,..,..,..,..,..,..,..,..,..,..
"....Catanduanes","Sweet Potato",..,..,..,..,..,..,..,..,..,..,..,..,..
"....Catanduanes","White/Irish Potato",..,..,..,..,..,..,..,..,..,..,..,..,..
"....Masbate","Carrots",..,..,..,..,..,..,..,..,..,..,..,..,..
"....Masbate","Cassava",..,..,..,..,..,..,..,..,..,..,..,..,..
"....Masbate","Gabi Cebu, for ginataan [Taro (cocoyam)]",..,..,..,..,..,..,..,..,..,..,..,..,..
"....Masbate","Gabi Tagalog, for sinigang [Tannia, Yautia (cocoyam)]",..,..,..,..,..,..,..,..,..,..,..,..,..
"....Masbate","Radish",..,..,..,..,..,..,..,..,..,..,..,..,..
"....Masbate","Sweet Potato",..,..,..,..,..,..,..,..,..,..,..,..,..
"....Masbate","White/Irish Potato",..,..,..,..,..,..,..,..,..,..,..,..,..
"....Sorsogon","Carrots",..,..,..,..,..,..,..,..,..,..,..,..,..
"....Sorsogon","Cassava",..,..,..,..,..,..,..,..,..,..,..,..,..
"....Sorsogon","Gabi Cebu, for ginataan [Taro (cocoyam)]",..,..,..,..,..,..,..,..,..,..,..,..,..
"....Sorsogon","Gabi Tagalog, for sinigang [Tannia, Yautia (cocoyam)]",..,..,..,..,..,..,..,..,..,..,..,..,..
"....Sorsogon","Radish",..,..,..,..,..,..,..,..,..,..,..,..,..
"....Sorsogon","Sweet Potato",..,..,..,..,..,..,..,..,..,..,..,..,..
"....Sorsogon","White/Irish Potato",..,..,..,..,..,..,..,..,..,..,..,..,..
"..REGION VI (WESTERN VISAYAS)","Carrots",45.49,34.28,36.79,35.74,37.93,39.44,51.63,64.68,67.32,71.41,68.87,49.16,50.23
"..REGION VI (WESTERN VISAYAS)","Cassava",..,..,..,..,..,..,..,..,..,..,..,..,..
"..REGION VI (WESTERN VISAYAS)","Gabi Cebu, for ginataan [Taro (cocoyam)]",..,..,..,..,..,..,..,..,..,..,..,..,..
"..REGION VI (WESTERN VISAYAS)","Gabi Tagalog, for sinigang [Tannia, Yautia (cocoyam)]",..,..,..,..,..,..,..,..,..,..,..,..,..
"..REGION VI (WESTERN VISAYAS)","Radish",..,..,..,..,..,..,..,..,..,..,..,..,..
"..REGION VI (WESTERN VISAYAS)","Sweet Potato",19.94,18.73,17.23,19.88,24.23,23.31,23.46,26.95,27.17,24.80,23.08,23.10,22.66
"..REGION VI (WESTERN VISAYAS)","White/Irish Potato",43.36,35.32,37.48,31.21,32.16,31.58,38.52,37.92,40.79,43.93,50.31,71.06,41.14
"....Aklan","Carrots",..,..,..,..,..,..,..,..,..,..,..,..,..
"....Aklan","Cassava",..,..,..,..,..,..,..,..,..,..,..,..,..
"....Aklan","Gabi Cebu, for ginataan [Taro (cocoyam)]",..,..,..,..,..,..,..,..,..,..,..,..,..
"....Aklan","Gabi Tagalog, for sinigang [Tannia, Yautia (cocoyam)]",..,..,..,..,..,..,..,..,..,..,..,..,..
"....Aklan","Radish",..,..,..,..,..,..,..,..,..,..,..,..,..
"....Aklan","Sweet Potato",..,..,..,..,..,..,..,..,..,..,..,..,..
"....Aklan","White/Irish Potato",..,..,..,..,..,..,..,..,..,..,..,..,..
"....Antique","Carrots",..,..,..,..,..,..,..,..,..,..,..,..,..
"....Antique","Cassava",..,..,..,..,..,..,..,..,..,..,..,..,..
"....Antique","Gabi Cebu, for ginataan [Taro (cocoyam)]",..,..,..,..,..,..,..,..,..,..,..,..,..
"....Antique","Gabi Tagalog, for sinigang [Tannia, Yautia (cocoyam)]",..,..,..,..,..,..,..,..,..,..,..,..,..
"....Antique","Radish",..,..,..,..,..,..,..,..,..,..,..,..,..
"....Antique","Sweet Potato",..,..,..,..,..,..,..,..,..,..,..,..,..
"....Antique","White/Irish Potato",..,..,..,..,..,..,..,..,..,..,..,..,..
"....Capiz","Carrots",..,..,..,..,..,..,..,..,..,..,..,..,..
"....Capiz","Cassava",..,..,..,..,..,..,..,..,..,..,..,..,..
"....Capiz","Gabi Cebu, for ginataan [Taro (cocoyam)]",..,..,..,..,..,..,..,..,..,..,..,..,..
"....Capiz","Gabi Tagalog, for sinigang [Tannia, Yautia (cocoyam)]",..,..,..,..,..,..,..,..,..,..,..,..,..
"....Capiz","Radish",..,..,..,..,..,..,..,..,..,..,..,..,..
"....Capiz","Sweet Potato",..,..,..,..,..,..,..,..,..,..,..,..,..
"....Capiz","White/Irish Potato",..,..,..,..,..,..,..,..,..,..,..,..,..
"....Guimaras","Carrots",..,..,..,..,..,..,..,..,..,..,..,..,..
"....Guimaras","Cassava",..,..,..,..,..,..,..,..,..,..,..,..,..
"....Guimaras","Gabi Cebu, for ginataan [Taro (cocoyam)]",..,..,..,..,..,..,..,..,..,..,..,..,..
"....Guimaras","Gabi Tagalog, for sinigang [Tannia, Yautia (cocoyam)]",..,..,..,..,..,..,..,..,..,..,..,..,..
"....Guimaras","Radish",..,..,..,..,..,..,..,..,..,..,..,..,..
"....Guimaras","Sweet Potato",..,..,..,..,..,..,..,..,..,..,..,..,..
"....Guimaras","White/Irish Potato",..,..,..,..,..,..,..,..,..,..,..,..,..
"....Iloilo","Carrots",33.43,28.63,31.80,33.25,34.03,37.05,49.56,64.08,74.94,77.34,66.71,42.77,47.80
"....Iloilo","Cassava",..,..,..,..,..,..,..,..,..,..,..,..,..
"....Iloilo","Gabi Cebu, for ginataan [Taro (cocoyam)]",..,..,..,..,..,..,..,..,..,..,..,..,..
"....Iloilo","Gabi Tagalog, for sinigang [Tannia, Yautia (cocoyam)]",..,..,..,..,..,..,..,..,..,..,..,..,..
"....Iloilo","Radish",..,..,..,..,..,..,..,..,..,..,..,..,..
"....Iloilo","Sweet Potato",19.94,18.73,17.23,19.88,24.23,23.31,23.46,26.95,27.17,24.80,23.08,23.10,22.66
"....Iloilo","White/Irish Potato",36.48,32.12,31.98,31.11,29.67,30.55,35.81,36.47,38.43,44.28,50.02,72.74,39.14
"....Negros Occidental","Carrots",57.54,39.93,41.77,38.22,41.83,41.83,53.69,65.27,59.69,65.48,71.03,55.54,52.65
"....Negros Occidental","Cassava",..,..,..,..,..,..,..,..,..,..,..,..,..
"....Negros Occidental","Gabi Cebu, for ginataan [Taro (cocoyam)]",..,..,..,..,..,..,..,..,..,..,..,..,..
"....Negros Occidental","Gabi Tagalog, for sinigang [Tannia, Yautia (cocoyam)]",..,..,..,..,..,..,..,..,..,..,..,..,..
"....Negros Occidental","Radish",..,..,..,..,..,..,..,..,..,..,..,..,..
"....Negros Occidental","Sweet Potato",..,..,..,..,..,..,..,..,..,..,..,..,..
"....Negros Occidental","White/Irish Potato",50.23,38.52,42.97,31.31,34.65,32.60,41.23,39.37,43.14,43.57,50.60,69.38,43.13
"..REGION VII (CENTRAL VISAYAS)","Carrots",53.68,46.26,50.00,53.81,47.60,47.25,67.53,46.47,48.81,67.56,60.75,45.59,52.94
"..REGION VII (CENTRAL VISAYAS)","Cassava",..,..,..,..,..,..,..,..,..,..,..,..,..
"..REGION VII (CENTRAL VISAYAS)","Gabi Cebu, for ginataan [Taro (cocoyam)]",24.52,20.23,19.09,19.69,23.63,25.86,27.79,31.48,31.41,32.61,32.58,30.16,26.59
"..REGION VII (CENTRAL VISAYAS)","Gabi Tagalog, for sinigang [Tannia, Yautia (cocoyam)]",..,..,..,..,..,..,..,..,..,..,..,..,..
"..REGION VII (CENTRAL VISAYAS)","Radish",..,..,..,..,..,..,..,..,..,..,..,..,..
"..REGION VII (CENTRAL VISAYAS)","Sweet Potato",15.68,15.52,16.40,18.30,20.20,20.26,24.74,24.63,24.25,23.55,21.05,16.17,20.06
"..REGION VII (CENTRAL VISAYAS)","White/Irish Potato",37.45,33.14,31.54,31.43,30.15,30.32,36.03,33.88,37.18,42.22,49.77,70.96,38.67
"....Bohol","Carrots",..,..,..,..,..,..,..,..,..,..,..,..,..
"....Bohol","Cassava",..,..,..,..,..,..,..,..,..,..,..,..,..
"....Bohol","Gabi Cebu, for ginataan [Taro (cocoyam)]",..,..,..,..,..,..,..,..,..,..,..,..,..
"....Bohol","Gabi Tagalog, for sinigang [Tannia, Yautia (cocoyam)]",..,..,..,..,..,..,..,..,..,..,..,..,..
"....Bohol","Radish",..,..,..,..,..,..,..,..,..,..,..,..,..
"....Bohol","Sweet Potato",..,..,..,..,..,..,..,..,..,..,..,..,..
"....Bohol","White/Irish Potato",..,..,..,..,..,..,..,..,..,..,..,..,..
"....Cebu","Carrots",53.68,46.26,50.00,53.81,47.60,47.25,67.53,46.47,48.81,67.56,60.75,45.59,52.94
"....Cebu","Cassava",..,..,..,..,..,..,..,..,..,..,..,..,..
"....Cebu","Gabi Cebu, for ginataan [Taro (cocoyam)]",24.52,20.23,19.09,19.69,23.63,25.86,27.79,31.48,31.41,32.61,32.58,30.16,26.59
"....Cebu","Gabi Tagalog, for sinigang [Tannia, Yautia (cocoyam)]",..,..,..,..,..,..,..,..,..,..,..,..,..
"....Cebu","Radish",..,..,..,..,..,..,..,..,..,..,..,..,..
"....Cebu","Sweet Potato",15.68,15.52,16.40,18.30,20.20,20.26,24.74,24.63,24.25,23.55,21.05,16.17,20.06
"....Cebu","White/Irish Potato",37.45,33.14,31.54,31.43,30.15,30.32,36.03,33.88,37.18,42.22,49.77,70.96,38.67
"....Negros Oriental","Carrots",..,..,..,..,..,..,..,..,..,..,..,..,..
"....Negros Oriental","Cassava",..,..,..,..,..,..,..,..,..,..,..,..,..
"....Negros Oriental","Gabi Cebu, for ginataan [Taro (cocoyam)]",..,..,..,..,..,..,..,..,..,..,..,..,..
"....Negros Oriental","Gabi Tagalog, for sinigang [Tannia, Yautia (cocoyam)]",..,..,..,..,..,..,..,..,..,..,..,..,..
"....Negros Oriental","Radish",..,..,..,..,..,..,..,..,..,..,..,..,..
"....Negros Oriental","Sweet Potato",..,..,..,..,..,..,..,..,..,..,..,..,..
"....Negros Oriental","White/Irish Potato",..,..,..,..,..,..,..,..,..,..,..,..,..
"....Siquijor","Carrots",..,..,..,..,..,..,..,..,..,..,..,..,..
"....Siquijor","Cassava",..,..,..,..,..,..,..,..,..,..,..,..,..
"....Siquijor","Gabi Cebu, for ginataan [Taro (cocoyam)]",..,..,..,..,..,..,..,..,..,..,..,..,..
"....Siquijor","Gabi Tagalog, for sinigang [Tannia, Yautia (cocoyam)]",..,..,..,..,..,..,..,..,..,..,..,..,..
"....Siquijor","Radish",..,..,..,..,..,..,..,..,..,..,..,..,..
"....Siquijor","Sweet Potato",..,..,..,..,..,..,..,..,..,..,..,..,..
"....Siquijor","White/Irish Potato",..,..,..,..,..,..,..,..,..,..,..,..,..
"..REGION VIII (EASTERN VISAYAS)","Carrots",..,..,..,..,..,..,..,..,..,..,..,..,..
"..REGION VIII (EASTERN VISAYAS)","Cassava",..,..,..,..,..,..,..,..,..,..,..,..,..
"..REGION VIII (EASTERN VISAYAS)","Gabi Cebu, for ginataan [Taro (cocoyam)]",..,..,..,..,..,..,..,..,..,..,..,..,..
"..REGION VIII (EASTERN VISAYAS)","Gabi Tagalog, for sinigang [Tannia, Yautia (cocoyam)]",..,..,..,..,..,..,..,..,..,..,..,..,..
"..REGION VIII (EASTERN VISAYAS)","Radish",..,..,..,..,..,..,..,..,..,..,..,..,..
"..REGION VIII (EASTERN VISAYAS)","Sweet Potato",..,..,..,..,..,..,..,..,..,..,..,..,..
"..REGION VIII (EASTERN VISAYAS)","White/Irish Potato",..,..,..,..,..,..,..,..,..,..,..,..,..
"....Biliran","Carrots",..,..,..,..,..,..,..,..,..,..,..,..,..
"....Biliran","Cassava",..,..,..,..,..,..,..,..,..,..,..,..,..
"....Biliran","Gabi Cebu, for ginataan [Taro (cocoyam)]",..,..,..,..,..,..,..,..,..,..,..,..,..
"....Biliran","Gabi Tagalog, for sinigang [Tannia, Yautia (cocoyam)]",..,..,..,..,..,..,..,..,..,..,..,..,..
"....Biliran","Radish",..,..,..,..,..,..,..,..,..,..,..,..,..
"....Biliran","Sweet Potato",..,..,..,..,..,..,..,..,..,..,..,..,..
"....Biliran","White/Irish Potato",..,..,..,..,..,..,..,..,..,..,..,..,..
"....Eastern Samar","Carrots",..,..,..,..,..,..,..,..,..,..,..,..,..
"....Eastern Samar","Cassava",..,..,..,..,..,..,..,..,..,..,..,..,..
"....Eastern Samar","Gabi Cebu, for ginataan [Taro (cocoyam)]",..,..,..,..,..,..,..,..,..,..,..,..,..
"....Eastern Samar","Gabi Tagalog, for sinigang [Tannia, Yautia (cocoyam)]",..,..,..,..,..,..,..,..,..,..,..,..,..
"....Eastern Samar","Radish",..,..,..,..,..,..,..,..,..,..,..,..,..
"....Eastern Samar","Sweet Potato",..,..,..,..,..,..,..,..,..,..,..,..,..
"....Eastern Samar","White/Irish Potato",..,..,..,..,..,..,..,..,..,..,..,..,..
"....Leyte","Carrots",..,..,..,..,..,..,..,..,..,..,..,..,..
"....Leyte","Cassava",..,..,..,..,..,..,..,..,..,..,..,..,..
"....Leyte","Gabi Cebu, for ginataan [Taro (cocoyam)]",..,..,..,..,..,..,..,..,..,..,..,..,..
"....Leyte","Gabi Tagalog, for sinigang [Tannia, Yautia (cocoyam)]",..,..,..,..,..,..,..,..,..,..,..,..,..
"....Leyte","Radish",..,..,..,..,..,..,..,..,..,..,..,..,..
"....Leyte","Sweet Potato",..,..,..,..,..,..,..,..,..,..,..,..,..
"....Leyte","White/Irish Potato",..,..,..,..,..,..,..,..,..,..,..,..,..
"....Northern Samar","Carrots",..,..,..,..,..,..,..,..,..,..,..,..,..
"....Northern Samar","Cassava",..,..,..,..,..,..,..,..,..,..,..,..,..
"....Northern Samar","Gabi Cebu, for ginataan [Taro (cocoyam)]",..,..,..,..,..,..,..,..,..,..,..,..,..
"....Northern Samar","Gabi Tagalog, for sinigang [Tannia, Yautia (cocoyam)]",..,..,..,..,..,..,..,..,..,..,..,..,..
"....Northern Samar","Radish",..,..,..,..,..,..,..,..,..,..,..,..,..
"....Northern Samar","Sweet Potato",..,..,..,..,..,..,..,..,..,..,..,..,..
"....Northern Samar","White/Irish Potato",..,..,..,..,..,..,..,..,..,..,..,..,..
"....Samar","Carrots",..,..,..,..,..,..,..,..,..,..,..,..,..
"....Samar","Cassava",..,..,..,..,..,..,..,..,..,..,..,..,..
"....Samar","Gabi Cebu, for ginataan [Taro (cocoyam)]",..,..,..,..,..,..,..,..,..,..,..,..,..
"....Samar","Gabi Tagalog, for sinigang [Tannia, Yautia (cocoyam)]",..,..,..,..,..,..,..,..,..,..,..,..,..
"....Samar","Radish",..,..,..,..,..,..,..,..,..,..,..,..,..
"....Samar","Sweet Potato",..,..,..,..,..,..,..,..,..,..,..,..,..
"....Samar","White/Irish Potato",..,..,..,..,..,..,..,..,..,..,..,..,..
"....Southern Leyte","Carrots",..,..,..,..,..,..,..,..,..,..,..,..,..
"....Southern Leyte","Cassava",..,..,..,..,..,..,..,..,..,..,..,..,..
"....Southern Leyte","Gabi Cebu, for ginataan [Taro (cocoyam)]",..,..,..,..,..,..,..,..,..,..,..,..,..
"....Southern Leyte","Gabi Tagalog, for sinigang [Tannia, Yautia (cocoyam)]",..,..,..,..,..,..,..,..,..,..,..,..,..
"....Southern Leyte","Radish",..,..,..,..,..,..,..,..,..,..,..,..,..
"....Southern Leyte","Sweet Potato",..,..,..,..,..,..,..,..,..,..,..,..,..
"....Southern Leyte","White/Irish Potato",..,..,..,..,..,..,..,..,..,..,..,..,..
"..REGION IX (ZAMBOANGA PENINSULA)","Carrots",..,..,..,..,..,..,..,..,..,..,..,..,..
"..REGION IX (ZAMBOANGA PENINSULA)","Cassava",..,..,..,..,..,..,..,..,..,..,..,..,..
"..REGION IX (ZAMBOANGA PENINSULA)","Gabi Cebu, for ginataan [Taro (cocoyam)]",..,..,..,..,..,..,..,..,..,..,..,..,..
"..REGION IX (ZAMBOANGA PENINSULA)","Gabi Tagalog, for sinigang [Tannia, Yautia (cocoyam)]",..,..,..,..,..,..,..,..,..,..,..,..,..
"..REGION IX (ZAMBOANGA PENINSULA)","Radish",..,..,..,..,..,..,..,..,..,..,..,..,..
"..REGION IX (ZAMBOANGA PENINSULA)","Sweet Potato",11.35,12.32,13.53,21.57,21.27,23.69,21.95,27.47,..,..,17.22,16.46,18.68
"..REGION IX (ZAMBOANGA PENINSULA)","White/Irish Potato",..,..,..,..,..,..,..,..,..,..,..,..,..
"....Zamboanga del Norte","Carrots",..,..,..,..,..,..,..,..,..,..,..,..,..
"....Zamboanga del Norte","Cassava",..,..,..,..,..,..,..,..,..,..,..,..,..
"....Zamboanga del Norte","Gabi Cebu, for ginataan [Taro (cocoyam)]",..,..,..,..,..,..,..,..,..,..,..,..,..
"....Zamboanga del Norte","Gabi Tagalog, for sinigang [Tannia, Yautia (cocoyam)]",..,..,..,..,..,..,..,..,..,..,..,..,..
"....Zamboanga del Norte","Radish",..,..,..,..,..,..,..,..,..,..,..,..,..
"....Zamboanga del Norte","Sweet Potato",..,..,..,..,..,..,..,..,..,..,..,..,..
"....Zamboanga del Norte","White/Irish Potato",..,..,..,..,..,..,..,..,..,..,..,..,..
"....Zamboanga del Sur","Carrots",..,..,..,..,..,..,..,..,..,..,..,..,..
"....Zamboanga del Sur","Cassava",..,..,..,..,..,..,..,..,..,..,..,..,..
"....Zamboanga del Sur","Gabi Cebu, for ginataan [Taro (cocoyam)]",..,..,..,..,..,..,..,..,..,..,..,..,..
"....Zamboanga del Sur","Gabi Tagalog, for sinigang [Tannia, Yautia (cocoyam)]",..,..,..,..,..,..,..,..,..,..,..,..,..
"....Zamboanga del Sur","Radish",..,..,..,..,..,..,..,..,..,..,..,..,..
"....Zamboanga del Sur","Sweet Potato",11.35,12.32,13.53,21.57,21.27,23.69,21.95,27.47,..,..,17.22,16.46,18.68
"....Zamboanga del Sur","White/Irish Potato",..,..,..,..,..,..,..,..,..,..,..,..,..
"....Zamboanga Sibugay","Carrots",..,..,..,..,..,..,..,..,..,..,..,..,..
"....Zamboanga Sibugay","Cassava",..,..,..,..,..,..,..,..,..,..,..,..,..
"....Zamboanga Sibugay","Gabi Cebu, for ginataan [Taro (cocoyam)]",..,..,..,..,..,..,..,..,..,..,..,..,..
"....Zamboanga Sibugay","Gabi Tagalog, for sinigang [Tannia, Yautia (cocoyam)]",..,..,..,..,..,..,..,..,..,..,..,..,..
"....Zamboanga Sibugay","Radish",..,..,..,..,..,..,..,..,..,..,..,..,..
"....Zamboanga Sibugay","Sweet Potato",..,..,..,..,..,..,..,..,..,..,..,..,..
"....Zamboanga Sibugay","White/Irish Potato",..,..,..,..,..,..,..,..,..,..,..,..,..
"….City of Zamboanga","Carrots",..,..,..,..,..,..,..,..,..,..,..,..,..
"….City of Zamboanga","Cassava",..,..,..,..,..,..,..,..,..,..,..,..,..
"….City of Zamboanga","Gabi Cebu, for ginataan [Taro (cocoyam)]",..,..,..,..,..,..,..,..,..,..,..,..,..
"….City of Zamboanga","Gabi Tagalog, for sinigang [Tannia, Yautia (cocoyam)]",..,..,..,..,..,..,..,..,..,..,..,..,..
"….City of Zamboanga","Radish",..,..,..,..,..,..,..,..,..,..,..,..,..
"….City of Zamboanga","Sweet Potato",..,..,..,..,..,..,..,..,..,..,..,..,..
"….City of Zamboanga","White/Irish Potato",..,..,..,..,..,..,..,..,..,..,..,..,..
"..REGION X (NORTHERN MINDANAO)","Carrots",..,..,..,..,..,..,..,..,..,..,..,..,..
"..REGION X (NORTHERN MINDANAO)","Cassava",..,..,..,..,..,..,..,..,..,..,..,..,..
"..REGION X (NORTHERN MINDANAO)","Gabi Cebu, for ginataan [Taro (cocoyam)]",27.02,24.55,24.25,23.94,28.71,26.85,25.60,29.11,25.28,33.09,40.29,38.77,28.96
"..REGION X (NORTHERN MINDANAO)","Gabi Tagalog, for sinigang [Tannia, Yautia (cocoyam)]",..,..,..,..,..,..,..,..,..,..,..,..,..
"..REGION X (NORTHERN MINDANAO)","Radish",..,..,..,..,..,..,..,..,..,..,..,..,..
"..REGION X (NORTHERN MINDANAO)","Sweet Potato",13.12,12.38,13.09,12.74,12.45,12.55,13.29,19.27,19.57,24.34,21.00,19.03,16.07
"..REGION X (NORTHERN MINDANAO)","White/Irish Potato",51.80,46.58,47.86,47.03,47.71,49.09,49.40,49.14,50.31,46.49,52.00,62.40,49.98
"....Bukidnon","Carrots",..,..,..,..,..,..,..,..,..,..,..,..,..
"....Bukidnon","Cassava",..,..,..,..,..,..,..,..,..,..,..,..,..
"....Bukidnon","Gabi Cebu, for ginataan [Taro (cocoyam)]",..,..,..,..,..,..,..,..,..,..,..,..,..
"....Bukidnon","Gabi Tagalog, for sinigang [Tannia, Yautia (cocoyam)]",..,..,..,..,..,..,..,..,..,..,..,..,..
"....Bukidnon","Radish",..,..,..,..,..,..,..,..,..,..,..,..,..
"....Bukidnon","Sweet Potato",..,..,..,..,..,..,..,..,..,..,..,..,..
"....Bukidnon","White/Irish Potato",..,..,..,..,..,..,..,..,..,..,..,..,..
"....Camiguin","Carrots",..,..,..,..,..,..,..,..,..,..,..,..,..
"....Camiguin","Cassava",..,..,..,..,..,..,..,..,..,..,..,..,..
"....Camiguin","Gabi Cebu, for ginataan [Taro (cocoyam)]",..,..,..,..,..,..,..,..,..,..,..,..,..
"....Camiguin","Gabi Tagalog, for sinigang [Tannia, Yautia (cocoyam)]",..,..,..,..,..,..,..,..,..,..,..,..,..
"....Camiguin","Radish",..,..,..,..,..,..,..,..,..,..,..,..,..
"....Camiguin","Sweet Potato",..,..,..,..,..,..,..,..,..,..,..,..,..
"....Camiguin","White/Irish Potato",..,..,..,..,..,..,..,..,..,..,..,..,..
"....Lanao del Norte","Carrots",..,..,..,..,..,..,..,..,..,..,..,..,..
"....Lanao del Norte","Cassava",..,..,..,..,..,..,..,..,..,..,..,..,..
"....Lanao del Norte","Gabi Cebu, for ginataan [Taro (cocoyam)]",27.02,24.55,24.25,23.94,28.71,26.85,25.60,29.11,25.28,33.09,40.29,38.77,28.96
"....Lanao del Norte","Gabi Tagalog, for sinigang [Tannia, Yautia (cocoyam)]",..,..,..,..,..,..,..,..,..,..,..,..,..
"....Lanao del Norte","Radish",..,..,..,..,..,..,..,..,..,..,..,..,..
"....Lanao del Norte","Sweet Potato",13.12,12.38,13.09,12.74,12.45,12.55,13.29,19.27,19.57,24.34,21.00,19.03,16.07
"....Lanao del Norte","White/Irish Potato",51.80,46.58,47.86,47.03,47.71,49.09,49.40,49.14,50.31,46.49,52.00,62.40,49.98
"....Misamis Occidental","Carrots",..,..,..,..,..,..,..,..,..,..,..,..,..
"....Misamis Occidental","Cassava",..,..,..,..,..,..,..,..,..,..,..,..,..
"....Misamis Occidental","Gabi Cebu, for ginataan [Taro (cocoyam)]",..,..,..,..,..,..,..,..,..,..,..,..,..
"....Misamis Occidental","Gabi Tagalog, for sinigang [Tannia, Yautia (cocoyam)]",..,..,..,..,..,..,..,..,..,..,..,..,..
"....Misamis Occidental","Radish",..,..,..,..,..,..,..,..,..,..,..,..,..
"....Misamis Occidental","Sweet Potato",..,..,..,..,..,..,..,..,..,..,..,..,..
"....Misamis Occidental","White/Irish Potato",..,..,..,..,..,..,..,..,..,..,..,..,..
"....Misamis Oriental","Carrots",..,..,..,..,..,..,..,..,..,..,..,..,..
"....Misamis Oriental","Cassava",..,..,..,..,..,..,..,..,..,..,..,..,..
"....Misamis Oriental","Gabi Cebu, for ginataan [Taro (cocoyam)]",..,..,..,..,..,..,..,..,..,..,..,..,..
"....Misamis Oriental","Gabi Tagalog, for sinigang [Tannia, Yautia (cocoyam)]",..,..,..,..,..,..,..,..,..,..,..,..,..
"....Misamis Oriental","Radish",..,..,..,..,..,..,..,..,..,..,..,..,..
"....Misamis Oriental","Sweet Potato",..,..,..,..,..,..,..,..,..,..,..,..,..
"....Misamis Oriental","White/Irish Potato",..,..,..,..,..,..,..,..,..,..,..,..,..
"..REGION XI (DAVAO REGION)","Carrots",42.91,41.84,39.35,37.96,37.75,39.57,53.91,29.93,28.78,38.47,36.92,..,38.85
"..REGION XI (DAVAO REGION)","Cassava",..,..,..,..,..,..,..,..,..,..,..,..,..
"..REGION XI (DAVAO REGION)","Gabi Cebu, for ginataan [Taro (cocoyam)]",..,..,..,..,..,..,..,..,..,..,..,..,..
"..REGION XI (DAVAO REGION)","Gabi Tagalog, for sinigang [Tannia, Yautia (cocoyam)]",..,..,..,..,..,..,..,..,..,..,..,..,..
"..REGION XI (DAVAO REGION)","Radish",16.35,13.25,14.12,22.95,39.78,14.97,25.11,39.65,39.65,16.94,16.12,20.23,23.26
"..REGION XI (DAVAO REGION)","Sweet Potato",18.00,17.96,17.85,21.83,21.68,22.63,24.97,25.00,25.00,16.23,15.42,17.25,20.32
"..REGION XI (DAVAO REGION)","White/Irish Potato",37.06,39.15,38.85,41.30,39.71,40.99,44.56,37.63,35.84,36.03,37.81,33.83,39.14
"....Davao de Oro","Carrots",..,..,..,..,..,..,..,..,..,..,..,..,..
"....Davao de Oro","Cassava",..,..,..,..,..,..,..,..,..,..,..,..,..
"....Davao de Oro","Gabi Cebu, for ginataan [Taro (cocoyam)]",..,..,..,..,..,..,..,..,..,..,..,..,..
"....Davao de Oro","Gabi Tagalog, for sinigang [Tannia, Yautia (cocoyam)]",..,..,..,..,..,..,..,..,..,..,..,..,..
"....Davao de Oro","Radish",..,..,..,..,..,..,..,..,..,..,..,..,..
"....Davao de Oro","Sweet Potato",..,..,..,..,..,..,..,..,..,..,..,..,..
"....Davao de Oro","White/Irish Potato",..,..,..,..,..,..,..,..,..,..,..,..,..
"....Davao del Norte","Carrots",..,..,..,..,..,..,..,..,..,..,..,..,..
"....Davao del Norte","Cassava",..,..,..,..,..,..,..,..,..,..,..,..,..
"....Davao del Norte","Gabi Cebu, for ginataan [Taro (cocoyam)]",..,..,..,..,..,..,..,..,..,..,..,..,..
"....Davao del Norte","Gabi Tagalog, for sinigang [Tannia, Yautia (cocoyam)]",..,..,..,..,..,..,..,..,..,..,..,..,..
"....Davao del Norte","Radish",..,..,..,..,..,..,..,..,..,..,..,..,..
"....Davao del Norte","Sweet Potato",..,..,..,..,..,..,..,..,..,..,..,..,..
"....Davao del Norte","White/Irish Potato",..,..,..,..,..,..,..,..,..,..,..,..,..
"....Davao del Sur","Carrots",42.91,41.84,39.35,37.96,37.75,39.57,53.91,29.93,28.78,38.47,36.92,..,38.85
"....Davao del Sur","Cassava",..,..,..,..,..,..,..,..,..,..,..,..,..
"....Davao del Sur","Gabi Cebu, for ginataan [Taro (cocoyam)]",..,..,..,..,..,..,..,..,..,..,..,..,..
"....Davao del Sur","Gabi Tagalog, for sinigang [Tannia, Yautia (cocoyam)]",..,..,..,..,..,..,..,..,..,..,..,..,..
"....Davao del Sur","Radish",..,..,..,..,..,..,..,..,..,..,..,..,..
"....Davao del Sur","Sweet Potato",..,..,..,..,..,..,..,..,..,..,..,..,..
"....Davao del Sur","White/Irish Potato",46.24,47.99,47.58,51.21,48.83,48.07,52.21,48.03,44.44,43.08,45.24,..,47.54
"....Davao Occidental","Carrots",..,..,..,..,..,..,..,..,..,..,..,..,..
"....Davao Occidental","Cassava",..,..,..,..,..,..,..,..,..,..,..,..,..
"....Davao Occidental","Gabi Cebu, for ginataan [Taro (cocoyam)]",..,..,..,..,..,..,..,..,..,..,..,..,..
"....Davao Occidental","Gabi Tagalog, for sinigang [Tannia, Yautia (cocoyam)]",..,..,..,..,..,..,..,..,..,..,..,..,..
"....Davao Occidental","Radish",..,..,..,..,..,..,..,..,..,..,..,..,..
"....Davao Occidental","Sweet Potato",..,..,..,..,..,..,..,..,..,..,..,..,..
"....Davao Occidental","White/Irish Potato",..,..,..,..,..,..,..,..,..,..,..,..,..
"....Davao Oriental","Carrots",..,..,..,..,..,..,..,..,..,..,..,..,..
"....Davao Oriental","Cassava",..,..,..,..,..,..,..,..,..,..,..,..,..
"....Davao Oriental","Gabi Cebu, for ginataan [Taro (cocoyam)]",..,..,..,..,..,..,..,..,..,..,..,..,..
"....Davao Oriental","Gabi Tagalog, for sinigang [Tannia, Yautia (cocoyam)]",..,..,..,..,..,..,..,..,..,..,..,..,..
"....Davao Oriental","Radish",..,..,..,..,..,..,..,..,..,..,..,..,..
"....Davao Oriental","Sweet Potato",..,..,..,..,..,..,..,..,..,..,..,..,..
"....Davao Oriental","White/Irish Potato",..,..,..,..,..,..,..,..,..,..,..,..,..
"....City of Davao","Carrots",..,..,..,..,..,..,..,..,..,..,..,..,..
"....City of Davao","Cassava",..,..,..,..,..,..,..,..,..,..,..,..,..
"....City of Davao","Gabi Cebu, for ginataan [Taro (cocoyam)]",..,..,..,..,..,..,..,..,..,..,..,..,..
"....City of Davao","Gabi Tagalog, for sinigang [Tannia, Yautia (cocoyam)]",..,..,..,..,..,..,..,..,..,..,..,..,..
"....City of Davao","Radish",16.35,13.25,14.12,22.95,39.78,14.97,25.11,39.65,39.65,16.94,16.12,20.23,23.26
"....City of Davao","Sweet Potato",18.00,17.96,17.85,21.83,21.68,22.63,24.97,25.00,25.00,16.23,15.42,17.25,20.32
"....City of Davao","White/Irish Potato",27.87,30.31,30.12,31.38,30.58,33.91,36.91,27.23,27.23,28.98,30.37,33.83,30.73
"..REGION XII (SOCCSKSARGEN)","Carrots",..,..,..,..,..,..,..,..,..,..,..,..,54.94
"..REGION XII (SOCCSKSARGEN)","Cassava",..,..,..,..,..,..,..,..,..,..,..,..,..
"..REGION XII (SOCCSKSARGEN)","Gabi Cebu, for ginataan [Taro (cocoyam)]",..,..,..,..,..,..,..,..,..,..,..,..,..
"..REGION XII (SOCCSKSARGEN)","Gabi Tagalog, for sinigang [Tannia, Yautia (cocoyam)]",..,..,..,..,..,..,..,..,..,..,..,..,..
"..REGION XII (SOCCSKSARGEN)","Radish",..,..,..,..,..,..,..,..,..,..,..,..,..
"..REGION XII (SOCCSKSARGEN)","Sweet Potato",..,..,..,..,..,..,..,..,..,..,..,..,..
"..REGION XII (SOCCSKSARGEN)","White/Irish Potato",..,..,..,..,..,..,..,..,..,..,..,..,54.26
"....Cotabato","Carrots",..,..,..,..,..,..,..,..,..,..,..,..,..
"....Cotabato","Cassava",..,..,..,..,..,..,..,..,..,..,..,..,..
"....Cotabato","Gabi Cebu, for ginataan [Taro (cocoyam)]",..,..,..,..,..,..,..,..,..,..,..,..,..
"....Cotabato","Gabi Tagalog, for sinigang [Tannia, Yautia (cocoyam)]",..,..,..,..,..,..,..,..,..,..,..,..,..
"....Cotabato","Radish",..,..,..,..,..,..,..,..,..,..,..,..,..
"....Cotabato","Sweet Potato",..,..,..,..,..,..,..,..,..,..,..,..,..
"....Cotabato","White/Irish Potato",..,..,..,..,..,..,..,..,..,..,..,..,..
"....Sarangani","Carrots",..,..,..,..,..,..,..,..,..,..,..,..,..
"....Sarangani","Cassava",..,..,..,..,..,..,..,..,..,..,..,..,..
"....Sarangani","Gabi Cebu, for ginataan [Taro (cocoyam)]",..,..,..,..,..,..,..,..,..,..,..,..,..
"....Sarangani","Gabi Tagalog, for sinigang [Tannia, Yautia (cocoyam)]",..,..,..,..,..,..,..,..,..,..,..,..,..
"....Sarangani","Radish",..,..,..,..,..,..,..,..,..,..,..,..,..
"....Sarangani","Sweet Potato",..,..,..,..,..,..,..,..,..,..,..,..,..
"....Sarangani","White/Irish Potato",..,..,..,..,..,..,..,..,..,..,..,..,..
"....Sultan Kudarat","Carrots",..,..,..,..,..,..,..,..,..,..,..,..,..
"....Sultan Kudarat","Cassava",..,..,..,..,..,..,..,..,..,..,..,..,..
"....Sultan Kudarat","Gabi Cebu, for ginataan [Taro (cocoyam)]",..,..,..,..,..,..,..,..,..,..,..,..,..
"....Sultan Kudarat","Gabi Tagalog, for sinigang [Tannia, Yautia (cocoyam)]",..,..,..,..,..,..,..,..,..,..,..,..,..
"....Sultan Kudarat","Radish",..,..,..,..,..,..,..,..,..,..,..,..,..
"....Sultan Kudarat","Sweet Potato",..,..,..,..,..,..,..,..,..,..,..,..,..
"....Sultan Kudarat","White/Irish Potato",..,..,..,..,..,..,..,..,..,..,..,..,..
"....South Cotabato","Carrots",..,..,..,..,..,..,..,..,..,..,..,..,54.94
"....South Cotabato","Cassava",..,..,..,..,..,..,..,..,..,..,..,..,..
"....South Cotabato","Gabi Cebu, for ginataan [Taro (cocoyam)]",..,..,..,..,..,..,..,..,..,..,..,..,..
"....South Cotabato","Gabi Tagalog, for sinigang [Tannia, Yautia (cocoyam)]",..,..,..,..,..,..,..,..,..,..,..,..,..
"....South Cotabato","Radish",..,..,..,..,..,..,..,..,..,..,..,..,..
"....South Cotabato","Sweet Potato",..,..,..,..,..,..,..,..,..,..,..,..,..
"....South Cotabato","White/Irish Potato",..,..,..,..,..,..,..,..,..,..,..,..,54.26
"..REGION XIII (CARAGA)","Carrots",..,..,..,..,..,..,..,..,..,..,..,..,54.94
"..REGION XIII (CARAGA)","Cassava",..,..,..,..,..,..,..,..,..,..,..,..,..
"..REGION XIII (CARAGA)","Gabi Cebu, for ginataan [Taro (cocoyam)]",..,..,..,..,..,..,..,..,..,..,..,..,..
"..REGION XIII (CARAGA)","Gabi Tagalog, for sinigang [Tannia, Yautia (cocoyam)]",..,..,..,..,..,..,..,..,..,..,..,..,..
"..REGION XIII (CARAGA)","Radish",..,..,..,..,..,..,..,..,..,..,..,..,..
"..REGION XIII (CARAGA)","Sweet Potato",..,..,..,..,..,..,..,..,..,..,..,..,..
"..REGION XIII (CARAGA)","White/Irish Potato",..,..,..,..,..,..,..,..,..,..,..,..,54.26
"....Agusan del Norte","Carrots",..,..,..,..,..,..,..,..,..,..,..,..,..
"....Agusan del Norte","Cassava",..,..,..,..,..,..,..,..,..,..,..,..,..
"....Agusan del Norte","Gabi Cebu, for ginataan [Taro (cocoyam)]",..,..,..,..,..,..,..,..,..,..,..,..,..
"....Agusan del Norte","Gabi Tagalog, for sinigang [Tannia, Yautia (cocoyam)]",..,..,..,..,..,..,..,..,..,..,..,..,..
"....Agusan del Norte","Radish",..,..,..,..,..,..,..,..,..,..,..,..,..
"....Agusan del Norte","Sweet Potato",..,..,..,..,..,..,..,..,..,..,..,..,..
"....Agusan del Norte","White/Irish Potato",..,..,..,..,..,..,..,..,..,..,..,..,..
"....Agusan del Sur","Carrots",..,..,..,..,..,..,..,..,..,..,..,..,..
"....Agusan del Sur","Cassava",..,..,..,..,..,..,..,..,..,..,..,..,..
"....Agusan del Sur","Gabi Cebu, for ginataan [Taro (cocoyam)]",..,..,..,..,..,..,..,..,..,..,..,..,..
"....Agusan del Sur","Gabi Tagalog, for sinigang [Tannia, Yautia (cocoyam)]",..,..,..,..,..,..,..,..,..,..,..,..,..
"....Agusan del Sur","Radish",..,..,..,..,..,..,..,..,..,..,..,..,..
"....Agusan del Sur","Sweet Potato",..,..,..,..,..,..,..,..,..,..,..,..,..
"....Agusan del Sur","White/Irish Potato",..,..,..,..,..,..,..,..,..,..,..,..,..
"....Dinagat Islands","Carrots",..,..,..,..,..,..,..,..,..,..,..,..,..
"....Dinagat Islands","Cassava",..,..,..,..,..,..,..,..,..,..,..,..,..
"....Dinagat Islands","Gabi Cebu, for ginataan [Taro (cocoyam)]",..,..,..,..,..,..,..,..,..,..,..,..,..
"....Dinagat Islands","Gabi Tagalog, for sinigang [Tannia, Yautia (cocoyam)]",..,..,..,..,..,..,..,..,..,..,..,..,..
"....Dinagat Islands","Radish",..,..,..,..,..,..,..,..,..,..,..,..,..
"....Dinagat Islands","Sweet Potato",..,..,..,..,..,..,..,..,..,..,..,..,..
"....Dinagat Islands","White/Irish Potato",..,..,..,..,..,..,..,..,..,..,..,..,..
"....Surigao del Norte","Carrots",..,..,..,..,..,..,..,..,..,..,..,..,..
"....Surigao del Norte","Cassava",..,..,..,..,..,..,..,..,..,..,..,..,..
"....Surigao del Norte","Gabi Cebu, for ginataan [Taro (cocoyam)]",..,..,..,..,..,..,..,..,..,..,..,..,..
"....Surigao del Norte","Gabi Tagalog, for sinigang [Tannia, Yautia (cocoyam)]",..,..,..,..,..,..,..,..,..,..,..,..,..
"....Surigao del Norte","Radish",..,..,..,..,..,..,..,..,..,..,..,..,..
"....Surigao del Norte","Sweet Potato",..,..,..,..,..,..,..,..,..,..,..,..,..
"....Surigao del Norte","White/Irish Potato",..,..,..,..,..,..,..,..,..,..,..,..,..
"....Surigao del Sur","Carrots",..,..,..,..,..,..,..,..,..,..,..,..,54.94
"....Surigao del Sur","Cassava",..,..,..,..,..,..,..,..,..,..,..,..,..
"....Surigao del Sur","Gabi Cebu, for ginataan [Taro (cocoyam)]",..,..,..,..,..,..,..,..,..,..,..,..,..
"....Surigao del Sur","Gabi Tagalog, for sinigang [Tannia, Yautia (cocoyam)]",..,..,..,..,..,..,..,..,..,..,..,..,..
"....Surigao del Sur","Radish",..,..,..,..,..,..,..,..,..,..,..,..,..
"....Surigao del Sur","Sweet Potato",..,..,..,..,..,..,..,..,..,..,..,..,..
"....Surigao del Sur","White/Irish Potato",..,..,..,..,..,..,..,..,..,..,..,..,54.26
"..AUTONOMOUS REGION IN MUSLIM MINDANAO (ARMM)","Carrots",57.51,52.00,59.46,55.75,49.32,51.91,81.19,48.29,40.83,53.54,65.85,43.67,54.94
"..AUTONOMOUS REGION IN MUSLIM MINDANAO (ARMM)","Cassava",..,..,..,..,..,..,..,..,..,..,..,..,..
"..AUTONOMOUS REGION IN MUSLIM MINDANAO (ARMM)","Gabi Cebu, for ginataan [Taro (cocoyam)]",..,..,..,..,..,..,..,..,..,..,..,..,..
"..AUTONOMOUS REGION IN MUSLIM MINDANAO (ARMM)","Gabi Tagalog, for sinigang [Tannia, Yautia (cocoyam)]",..,..,..,..,..,..,..,..,..,..,..,..,..
"..AUTONOMOUS REGION IN MUSLIM MINDANAO (ARMM)","Radish",..,..,..,..,..,..,..,..,..,..,..,..,..
"..AUTONOMOUS REGION IN MUSLIM MINDANAO (ARMM)","Sweet Potato",..,..,..,..,..,..,..,..,..,..,..,..,..
"..AUTONOMOUS REGION IN MUSLIM MINDANAO (ARMM)","White/Irish Potato",57.94,59.75,55.08,53.00,45.89,49.08,59.26,52.31,48.31,..,52.77,63.42,54.26
"....Basilan","Carrots",..,..,..,..,..,..,..,..,..,..,..,..,..
"....Basilan","Cassava",..,..,..,..,..,..,..,..,..,..,..,..,..
"....Basilan","Gabi Cebu, for ginataan [Taro (cocoyam)]",..,..,..,..,..,..,..,..,..,..,..,..,..
"....Basilan","Gabi Tagalog, for sinigang [Tannia, Yautia (cocoyam)]",..,..,..,..,..,..,..,..,..,..,..,..,..
"....Basilan","Radish",..,..,..,..,..,..,..,..,..,..,..,..,..
"....Basilan","Sweet Potato",..,..,..,..,..,..,..,..,..,..,..,..,..
"....Basilan","White/Irish Potato",..,..,..,..,..,..,..,..,..,..,..,..,..
"....Lanao del Sur","Carrots",..,..,..,..,..,..,..,..,..,..,..,..,..
"....Lanao del Sur","Cassava",..,..,..,..,..,..,..,..,..,..,..,..,..
"....Lanao del Sur","Gabi Cebu, for ginataan [Taro (cocoyam)]",..,..,..,..,..,..,..,..,..,..,..,..,..
"....Lanao del Sur","Gabi Tagalog, for sinigang [Tannia, Yautia (cocoyam)]",..,..,..,..,..,..,..,..,..,..,..,..,..
"....Lanao del Sur","Radish",..,..,..,..,..,..,..,..,..,..,..,..,..
"....Lanao del Sur","Sweet Potato",..,..,..,..,..,..,..,..,..,..,..,..,..
"....Lanao del Sur","White/Irish Potato",..,..,..,..,..,..,..,..,..,..,..,..,..
"....Maguindanao","Carrots",57.51,52.00,59.46,55.75,49.32,51.91,81.19,48.29,40.83,53.54,65.85,43.67,54.94
"....Maguindanao","Cassava",..,..,..,..,..,..,..,..,..,..,..,..,..
"....Maguindanao","Gabi Cebu, for ginataan [Taro (cocoyam)]",..,..,..,..,..,..,..,..,..,..,..,..,..
"....Maguindanao","Gabi Tagalog, for sinigang [Tannia, Yautia (cocoyam)]",..,..,..,..,..,..,..,..,..,..,..,..,..
"....Maguindanao","Radish",..,..,..,..,..,..,..,..,..,..,..,..,..
"....Maguindanao","Sweet Potato",..,..,..,..,..,..,..,..,..,..,..,..,..
"....Maguindanao","White/Irish Potato",57.94,59.75,55.08,53.00,45.89,49.08,59.26,52.31,48.31,..,52.77,63.42,54.26
"....Sulu","Carrots",..,..,..,..,..,..,..,..,..,..,..,..,..
"....Sulu","Cassava",..,..,..,..,..,..,..,..,..,..,..,..,..
"....Sulu","Gabi Cebu, for ginataan [Taro (cocoyam)]",..,..,..,..,..,..,..,..,..,..,..,..,..
"....Sulu","Gabi Tagalog, for sinigang [Tannia, Yautia (cocoyam)]",..,..,..,..,..,..,..,..,..,..,..,..,..
"....Sulu","Radish",..,..,..,..,..,..,..,..,..,..,..,..,..
"....Sulu","Sweet Potato",..,..,..,..,..,..,..,..,..,..,..,..,..
"....Sulu","White/Irish Potato",..,..,..,..,..,..,..,..,..,..,..,..,..
"....Tawi-tawi","Carrots",..,..,..,..,..,..,..,..,..,..,..,..,..
"....Tawi-tawi","Cassava",..,..,..,..,..,..,..,..,..,..,..,..,..
"....Tawi-tawi","Gabi Cebu, for ginataan [Taro (cocoyam)]",..,..,..,..,..,..,..,..,..,..,..,..,..
"....Tawi-tawi","Gabi Tagalog, for sinigang [Tannia, Yautia (cocoyam)]",..,..,..,..,..,..,..,..,..,..,..,..,..
"....Tawi-tawi","Radish",..,..,..,..,..,..,..,..,..,..,..,..,..
"....Tawi-tawi","Sweet Potato",..,..,..,..,..,..,..,..,..,..,..,..,..
"....Tawi-tawi","White/Irish Potato",..,..,..,..,..,..,..,..,..,..,..,..,..
