"Geolocation","Commodity","2014 January","2014 February","2014 March","2014 April","2014 May","2014 June","2014 July","2014 August","2014 September","2014 October","2014 November","2014 December","2014 Annual"
"PHILIPPINES","Habitchuelas [Snap beans]",35.66,34.38,32.98,35.04,30.89,33.62,38.30,44.64,36.21,32.80,32.66,44.66,35.91
"PHILIPPINES","Kidney Beans, white",80.34,80.00,70.00,77.17,75.02,72.48,72.93,75.68,67.66,67.03,71.93,66.40,74.76
"PHILIPPINES","Mongo [Mungbean], green",66.25,66.25,62.11,64.72,62.75,62.75,62.75,62.75,62.75,63.70,63.83,..,63.69
"PHILIPPINES","Mongo [Mungbean], Yellow",79.03,80.00,75.00,80.00,80.00,80.00,80.00,80.00,80.00,80.00,80.00,..,79.46
"PHILIPPINES","Peanut with shell, dry",55.46,63.00,65.85,58.28,51.79,54.84,56.38,55.54,55.36,59.29,62.16,62.75,58.39
"PHILIPPINES","Peanut without shell, dry",65.53,64.25,60.81,60.30,60.31,60.87,60.86,61.81,61.66,64.74,69.18,70.07,63.01
"PHILIPPINES","Stringbeans",30.25,29.99,30.69,28.83,23.82,23.63,26.80,24.82,25.66,21.94,22.65,34.15,26.93
"PHILIPPINES","Sweet Peas",80.09,74.57,61.87,103.86,119.39,81.56,88.30,126.58,122.79,143.80,120.53,92.49,101.74
"PHILIPPINES","Sweet Peas Native",55.30,48.35,38.74,95.92,116.40,62.50,67.57,135.69,126.23,137.17,87.71,86.67,88.19
"..NATIONAL CAPITAL REGION (NCR)","Habitchuelas [Snap beans]",27.96,29.73,29.89,37.98,29.98,36.00,38.13,43.11,32.19,33.54,25.61,..,33.10
"..NATIONAL CAPITAL REGION (NCR)","Kidney Beans, white",..,..,..,81.75,79.11,81.75,82.22,86.00,86.00,89.20,89.20,..,84.40
"..NATIONAL CAPITAL REGION (NCR)","Mongo [Mungbean], green",66.25,66.25,62.11,64.72,62.75,62.75,62.75,62.75,62.75,63.70,63.83,..,63.69
"..NATIONAL CAPITAL REGION (NCR)","Mongo [Mungbean], Yellow",79.03,80.00,75.00,80.00,80.00,80.00,80.00,80.00,80.00,80.00,80.00,..,79.46
"..NATIONAL CAPITAL REGION (NCR)","Peanut with shell, dry",..,..,..,..,..,..,..,..,..,..,..,..,..
"..NATIONAL CAPITAL REGION (NCR)","Peanut without shell, dry",61.00,61.00,54.19,55.80,54.77,54.44,54.44,54.44,54.44,59.83,65.46,..,57.26
"..NATIONAL CAPITAL REGION (NCR)","Stringbeans",35.80,33.36,36.25,31.96,29.72,31.01,40.41,39.07,38.35,24.84,25.24,..,33.27
"..NATIONAL CAPITAL REGION (NCR)","Sweet Peas",81.08,78.89,69.46,119.98,141.11,108.98,103.10,125.73,139.33,163.60,122.79,..,114.00
"..NATIONAL CAPITAL REGION (NCR)","Sweet Peas Native",..,..,..,..,..,..,..,..,..,..,..,..,..
"..CORDILLERA ADMINISTRATIVE REGION (CAR)","Habitchuelas [Snap beans]",25.83,23.20,27.78,29.43,26.71,30.00,30.84,38.71,35.00,38.99,27.20,24.44,29.84
"..CORDILLERA ADMINISTRATIVE REGION (CAR)","Kidney Beans, white",..,..,..,..,..,..,..,..,..,..,..,..,..
"..CORDILLERA ADMINISTRATIVE REGION (CAR)","Mongo [Mungbean], green",..,..,..,..,..,..,..,..,..,..,..,..,..
"..CORDILLERA ADMINISTRATIVE REGION (CAR)","Mongo [Mungbean], Yellow",..,..,..,..,..,..,..,..,..,..,..,..,..
"..CORDILLERA ADMINISTRATIVE REGION (CAR)","Peanut with shell, dry",..,..,..,..,..,..,..,..,..,..,..,..,..
"..CORDILLERA ADMINISTRATIVE REGION (CAR)","Peanut without shell, dry",..,..,..,..,..,..,..,..,..,..,..,..,..
"..CORDILLERA ADMINISTRATIVE REGION (CAR)","Stringbeans",..,..,..,..,..,..,..,..,..,..,..,..,..
"..CORDILLERA ADMINISTRATIVE REGION (CAR)","Sweet Peas",79.26,64.67,64.17,118.00,135.13,77.47,87.43,157.69,150.08,182.93,125.67,111.78,112.86
"..CORDILLERA ADMINISTRATIVE REGION (CAR)","Sweet Peas Native",55.30,48.35,38.74,95.92,116.40,62.50,67.57,135.69,126.23,137.17,87.71,86.67,88.19
"....Abra","Habitchuelas [Snap beans]",..,..,..,..,..,..,..,..,..,..,..,..,..
"....Abra","Kidney Beans, white",..,..,..,..,..,..,..,..,..,..,..,..,..
"....Abra","Mongo [Mungbean], green",..,..,..,..,..,..,..,..,..,..,..,..,..
"....Abra","Mongo [Mungbean], Yellow",..,..,..,..,..,..,..,..,..,..,..,..,..
"....Abra","Peanut with shell, dry",..,..,..,..,..,..,..,..,..,..,..,..,..
"....Abra","Peanut without shell, dry",..,..,..,..,..,..,..,..,..,..,..,..,..
"....Abra","Stringbeans",..,..,..,..,..,..,..,..,..,..,..,..,..
"....Abra","Sweet Peas",..,..,..,..,..,..,..,..,..,..,..,..,..
"....Abra","Sweet Peas Native",..,..,..,..,..,..,..,..,..,..,..,..,..
"....Apayao","Habitchuelas [Snap beans]",..,..,..,..,..,..,..,..,..,..,..,..,..
"....Apayao","Kidney Beans, white",..,..,..,..,..,..,..,..,..,..,..,..,..
"....Apayao","Mongo [Mungbean], green",..,..,..,..,..,..,..,..,..,..,..,..,..
"....Apayao","Mongo [Mungbean], Yellow",..,..,..,..,..,..,..,..,..,..,..,..,..
"....Apayao","Peanut with shell, dry",..,..,..,..,..,..,..,..,..,..,..,..,..
"....Apayao","Peanut without shell, dry",..,..,..,..,..,..,..,..,..,..,..,..,..
"....Apayao","Stringbeans",..,..,..,..,..,..,..,..,..,..,..,..,..
"....Apayao","Sweet Peas",..,..,..,..,..,..,..,..,..,..,..,..,..
"....Apayao","Sweet Peas Native",..,..,..,..,..,..,..,..,..,..,..,..,..
"....Benguet","Habitchuelas [Snap beans]",25.83,23.20,27.78,29.43,26.71,30.00,30.84,38.71,35.00,38.99,27.20,24.44,29.84
"....Benguet","Kidney Beans, white",..,..,..,..,..,..,..,..,..,..,..,..,..
"....Benguet","Mongo [Mungbean], green",..,..,..,..,..,..,..,..,..,..,..,..,..
"....Benguet","Mongo [Mungbean], Yellow",..,..,..,..,..,..,..,..,..,..,..,..,..
"....Benguet","Peanut with shell, dry",..,..,..,..,..,..,..,..,..,..,..,..,..
"....Benguet","Peanut without shell, dry",..,..,..,..,..,..,..,..,..,..,..,..,..
"....Benguet","Stringbeans",..,..,..,..,..,..,..,..,..,..,..,..,..
"....Benguet","Sweet Peas",79.26,64.67,64.17,118.00,135.13,77.47,87.43,157.69,150.08,182.93,125.67,111.78,112.86
"....Benguet","Sweet Peas Native",55.30,48.35,38.74,95.92,116.40,62.50,67.57,135.69,126.23,137.17,87.71,86.67,88.19
"....Ifugao","Habitchuelas [Snap beans]",..,..,..,..,..,..,..,..,..,..,..,..,..
"....Ifugao","Kidney Beans, white",..,..,..,..,..,..,..,..,..,..,..,..,..
"....Ifugao","Mongo [Mungbean], green",..,..,..,..,..,..,..,..,..,..,..,..,..
"....Ifugao","Mongo [Mungbean], Yellow",..,..,..,..,..,..,..,..,..,..,..,..,..
"....Ifugao","Peanut with shell, dry",..,..,..,..,..,..,..,..,..,..,..,..,..
"....Ifugao","Peanut without shell, dry",..,..,..,..,..,..,..,..,..,..,..,..,..
"....Ifugao","Stringbeans",..,..,..,..,..,..,..,..,..,..,..,..,..
"....Ifugao","Sweet Peas",..,..,..,..,..,..,..,..,..,..,..,..,..
"....Ifugao","Sweet Peas Native",..,..,..,..,..,..,..,..,..,..,..,..,..
"....Kalinga","Habitchuelas [Snap beans]",..,..,..,..,..,..,..,..,..,..,..,..,..
"....Kalinga","Kidney Beans, white",..,..,..,..,..,..,..,..,..,..,..,..,..
"....Kalinga","Mongo [Mungbean], green",..,..,..,..,..,..,..,..,..,..,..,..,..
"....Kalinga","Mongo [Mungbean], Yellow",..,..,..,..,..,..,..,..,..,..,..,..,..
"....Kalinga","Peanut with shell, dry",..,..,..,..,..,..,..,..,..,..,..,..,..
"....Kalinga","Peanut without shell, dry",..,..,..,..,..,..,..,..,..,..,..,..,..
"....Kalinga","Stringbeans",..,..,..,..,..,..,..,..,..,..,..,..,..
"....Kalinga","Sweet Peas",..,..,..,..,..,..,..,..,..,..,..,..,..
"....Kalinga","Sweet Peas Native",..,..,..,..,..,..,..,..,..,..,..,..,..
"....Mountain Province","Habitchuelas [Snap beans]",..,..,..,..,..,..,..,..,..,..,..,..,..
"....Mountain Province","Kidney Beans, white",..,..,..,..,..,..,..,..,..,..,..,..,..
"....Mountain Province","Mongo [Mungbean], green",..,..,..,..,..,..,..,..,..,..,..,..,..
"....Mountain Province","Mongo [Mungbean], Yellow",..,..,..,..,..,..,..,..,..,..,..,..,..
"....Mountain Province","Peanut with shell, dry",..,..,..,..,..,..,..,..,..,..,..,..,..
"....Mountain Province","Peanut without shell, dry",..,..,..,..,..,..,..,..,..,..,..,..,..
"....Mountain Province","Stringbeans",..,..,..,..,..,..,..,..,..,..,..,..,..
"....Mountain Province","Sweet Peas",..,..,..,..,..,..,..,..,..,..,..,..,..
"....Mountain Province","Sweet Peas Native",..,..,..,..,..,..,..,..,..,..,..,..,..
"..REGION I (ILOCOS REGION)","Habitchuelas [Snap beans]",50.64,27.04,25.65,28.83,33.31,29.75,32.09,30.28,27.15,25.11,31.24,29.70,30.90
"..REGION I (ILOCOS REGION)","Kidney Beans, white",..,..,..,..,..,..,..,..,..,..,..,..,..
"..REGION I (ILOCOS REGION)","Mongo [Mungbean], green",..,..,..,..,..,..,..,..,..,..,..,..,..
"..REGION I (ILOCOS REGION)","Mongo [Mungbean], Yellow",..,..,..,..,..,..,..,..,..,..,..,..,..
"..REGION I (ILOCOS REGION)","Peanut with shell, dry",..,..,..,..,..,..,..,..,..,..,..,..,..
"..REGION I (ILOCOS REGION)","Peanut without shell, dry",64.36,63.13,62.40,61.85,63.97,64.50,63.88,63.78,63.46,66.46,65.55,63.00,63.86
"..REGION I (ILOCOS REGION)","Stringbeans",20.84,20.93,18.98,28.73,20.10,18.15,30.63,28.85,18.69,18.02,18.89,32.49,22.94
"..REGION I (ILOCOS REGION)","Sweet Peas",..,..,..,..,..,..,..,..,..,..,..,..,..
"..REGION I (ILOCOS REGION)","Sweet Peas Native",..,..,..,..,..,..,..,..,..,..,..,..,..
"....Ilocos Norte","Habitchuelas [Snap beans]",..,..,..,..,..,..,..,..,..,..,..,..,..
"....Ilocos Norte","Kidney Beans, white",..,..,..,..,..,..,..,..,..,..,..,..,..
"....Ilocos Norte","Mongo [Mungbean], green",..,..,..,..,..,..,..,..,..,..,..,..,..
"....Ilocos Norte","Mongo [Mungbean], Yellow",..,..,..,..,..,..,..,..,..,..,..,..,..
"....Ilocos Norte","Peanut with shell, dry",..,..,..,..,..,..,..,..,..,..,..,..,..
"....Ilocos Norte","Peanut without shell, dry",..,..,..,..,..,..,..,..,..,..,..,..,..
"....Ilocos Norte","Stringbeans",..,..,..,..,..,..,..,..,..,..,..,..,..
"....Ilocos Norte","Sweet Peas",..,..,..,..,..,..,..,..,..,..,..,..,..
"....Ilocos Norte","Sweet Peas Native",..,..,..,..,..,..,..,..,..,..,..,..,..
"....Ilocos Sur","Habitchuelas [Snap beans]",..,..,..,..,..,..,..,..,..,..,..,..,..
"....Ilocos Sur","Kidney Beans, white",..,..,..,..,..,..,..,..,..,..,..,..,..
"....Ilocos Sur","Mongo [Mungbean], green",..,..,..,..,..,..,..,..,..,..,..,..,..
"....Ilocos Sur","Mongo [Mungbean], Yellow",..,..,..,..,..,..,..,..,..,..,..,..,..
"....Ilocos Sur","Peanut with shell, dry",..,..,..,..,..,..,..,..,..,..,..,..,..
"....Ilocos Sur","Peanut without shell, dry",..,..,..,..,..,..,..,..,..,..,..,..,..
"....Ilocos Sur","Stringbeans",..,..,..,..,..,..,..,..,..,..,..,..,..
"....Ilocos Sur","Sweet Peas",..,..,..,..,..,..,..,..,..,..,..,..,..
"....Ilocos Sur","Sweet Peas Native",..,..,..,..,..,..,..,..,..,..,..,..,..
"....La Union","Habitchuelas [Snap beans]",..,..,..,..,..,..,..,..,..,..,..,..,..
"....La Union","Kidney Beans, white",..,..,..,..,..,..,..,..,..,..,..,..,..
"....La Union","Mongo [Mungbean], green",..,..,..,..,..,..,..,..,..,..,..,..,..
"....La Union","Mongo [Mungbean], Yellow",..,..,..,..,..,..,..,..,..,..,..,..,..
"....La Union","Peanut with shell, dry",..,..,..,..,..,..,..,..,..,..,..,..,..
"....La Union","Peanut without shell, dry",..,..,..,..,..,..,..,..,..,..,..,..,..
"....La Union","Stringbeans",..,..,..,..,..,..,..,..,..,..,..,..,..
"....La Union","Sweet Peas",..,..,..,..,..,..,..,..,..,..,..,..,..
"....La Union","Sweet Peas Native",..,..,..,..,..,..,..,..,..,..,..,..,..
"....Pangasinan","Habitchuelas [Snap beans]",50.64,27.04,25.65,28.83,33.31,29.75,32.09,30.28,27.15,25.11,31.24,29.70,30.90
"....Pangasinan","Kidney Beans, white",..,..,..,..,..,..,..,..,..,..,..,..,..
"....Pangasinan","Mongo [Mungbean], green",..,..,..,..,..,..,..,..,..,..,..,..,..
"....Pangasinan","Mongo [Mungbean], Yellow",..,..,..,..,..,..,..,..,..,..,..,..,..
"....Pangasinan","Peanut with shell, dry",..,..,..,..,..,..,..,..,..,..,..,..,..
"....Pangasinan","Peanut without shell, dry",64.36,63.13,62.40,61.85,63.97,64.50,63.88,63.78,63.46,66.46,65.55,63.00,63.86
"....Pangasinan","Stringbeans",20.84,20.93,18.98,28.73,20.10,18.15,30.63,28.85,18.69,18.02,18.89,32.49,22.94
"....Pangasinan","Sweet Peas",..,..,..,..,..,..,..,..,..,..,..,..,..
"....Pangasinan","Sweet Peas Native",..,..,..,..,..,..,..,..,..,..,..,..,..
"..REGION II (CAGAYAN VALLEY)","Habitchuelas [Snap beans]",25.55,26.73,31.24,34.92,28.24,34.53,39.05,36.24,31.00,31.86,23.68,31.90,31.25
"..REGION II (CAGAYAN VALLEY)","Kidney Beans, white",..,..,..,..,..,..,..,..,..,..,..,..,..
"..REGION II (CAGAYAN VALLEY)","Mongo [Mungbean], green",..,..,..,..,..,..,..,..,..,..,..,..,..
"..REGION II (CAGAYAN VALLEY)","Mongo [Mungbean], Yellow",..,..,..,..,..,..,..,..,..,..,..,..,..
"..REGION II (CAGAYAN VALLEY)","Peanut with shell, dry",..,..,..,..,..,..,..,..,..,..,..,..,..
"..REGION II (CAGAYAN VALLEY)","Peanut without shell, dry",..,..,..,..,..,..,..,..,..,..,..,..,..
"..REGION II (CAGAYAN VALLEY)","Stringbeans",30.78,22.50,27.16,27.50,22.45,23.54,27.38,18.89,21.79,21.94,24.22,29.92,24.84
"..REGION II (CAGAYAN VALLEY)","Sweet Peas",79.93,63.51,57.88,101.94,114.23,79.02,93.68,129.57,113.88,141.00,129.62,110.61,101.24
"..REGION II (CAGAYAN VALLEY)","Sweet Peas Native",..,..,..,..,..,..,..,..,..,..,..,..,..
"....Cagayan","Habitchuelas [Snap beans]",29.11,31.25,35.15,39.31,32.15,38.85,39.08,43.54,33.08,30.93,26.00,31.93,34.20
"....Cagayan","Kidney Beans, white",..,..,..,..,..,..,..,..,..,..,..,..,..
"....Cagayan","Mongo [Mungbean], green",..,..,..,..,..,..,..,..,..,..,..,..,..
"....Cagayan","Mongo [Mungbean], Yellow",..,..,..,..,..,..,..,..,..,..,..,..,..
"....Cagayan","Peanut with shell, dry",..,..,..,..,..,..,..,..,..,..,..,..,..
"....Cagayan","Peanut without shell, dry",..,..,..,..,..,..,..,..,..,..,..,..,..
"....Cagayan","Stringbeans",31.63,22.28,30.23,30.34,28.38,26.23,28.00,24.45,27.23,26.50,26.92,30.79,27.75
"....Cagayan","Sweet Peas",..,..,..,..,..,..,..,..,..,..,..,..,..
"....Cagayan","Sweet Peas Native",..,..,..,..,..,..,..,..,..,..,..,..,..
"....Isabela","Habitchuelas [Snap beans]",21.99,22.20,27.32,30.52,24.33,30.21,39.02,28.94,28.91,32.79,21.35,31.86,28.29
"....Isabela","Kidney Beans, white",..,..,..,..,..,..,..,..,..,..,..,..,..
"....Isabela","Mongo [Mungbean], green",..,..,..,..,..,..,..,..,..,..,..,..,..
"....Isabela","Mongo [Mungbean], Yellow",..,..,..,..,..,..,..,..,..,..,..,..,..
"....Isabela","Peanut with shell, dry",..,..,..,..,..,..,..,..,..,..,..,..,..
"....Isabela","Peanut without shell, dry",..,..,..,..,..,..,..,..,..,..,..,..,..
"....Isabela","Stringbeans",29.92,22.71,24.08,24.66,16.51,20.85,26.75,13.33,16.35,17.37,21.51,29.05,21.92
"....Isabela","Sweet Peas",79.93,63.51,57.88,101.94,114.23,79.02,93.68,129.57,113.88,141.00,129.62,110.61,101.24
"....Isabela","Sweet Peas Native",..,..,..,..,..,..,..,..,..,..,..,..,..
"....Nueva Vizcaya","Habitchuelas [Snap beans]",..,..,..,..,..,..,..,..,..,..,..,..,..
"....Nueva Vizcaya","Kidney Beans, white",..,..,..,..,..,..,..,..,..,..,..,..,..
"....Nueva Vizcaya","Mongo [Mungbean], green",..,..,..,..,..,..,..,..,..,..,..,..,..
"....Nueva Vizcaya","Mongo [Mungbean], Yellow",..,..,..,..,..,..,..,..,..,..,..,..,..
"....Nueva Vizcaya","Peanut with shell, dry",..,..,..,..,..,..,..,..,..,..,..,..,..
"....Nueva Vizcaya","Peanut without shell, dry",..,..,..,..,..,..,..,..,..,..,..,..,..
"....Nueva Vizcaya","Stringbeans",..,..,..,..,..,..,..,..,..,..,..,..,..
"....Nueva Vizcaya","Sweet Peas",..,..,..,..,..,..,..,..,..,..,..,..,..
"....Nueva Vizcaya","Sweet Peas Native",..,..,..,..,..,..,..,..,..,..,..,..,..
"....Quirino","Habitchuelas [Snap beans]",..,..,..,..,..,..,..,..,..,..,..,..,..
"....Quirino","Kidney Beans, white",..,..,..,..,..,..,..,..,..,..,..,..,..
"....Quirino","Mongo [Mungbean], green",..,..,..,..,..,..,..,..,..,..,..,..,..
"....Quirino","Mongo [Mungbean], Yellow",..,..,..,..,..,..,..,..,..,..,..,..,..
"....Quirino","Peanut with shell, dry",..,..,..,..,..,..,..,..,..,..,..,..,..
"....Quirino","Peanut without shell, dry",..,..,..,..,..,..,..,..,..,..,..,..,..
"....Quirino","Stringbeans",..,..,..,..,..,..,..,..,..,..,..,..,..
"....Quirino","Sweet Peas",..,..,..,..,..,..,..,..,..,..,..,..,..
"....Quirino","Sweet Peas Native",..,..,..,..,..,..,..,..,..,..,..,..,..
"..REGION III (CENTRAL LUZON)","Habitchuelas [Snap beans]",48.49,27.71,43.47,60.51,48.73,49.45,49.00,61.18,47.83,46.69,44.10,41.95,47.43
"..REGION III (CENTRAL LUZON)","Kidney Beans, white",..,..,..,..,..,..,..,..,..,..,..,..,..
"..REGION III (CENTRAL LUZON)","Mongo [Mungbean], green",..,..,..,..,..,..,..,..,..,..,..,..,..
"..REGION III (CENTRAL LUZON)","Mongo [Mungbean], Yellow",..,..,..,..,..,..,..,..,..,..,..,..,..
"..REGION III (CENTRAL LUZON)","Peanut with shell, dry",..,..,..,..,..,..,..,..,..,..,..,..,..
"..REGION III (CENTRAL LUZON)","Peanut without shell, dry",..,..,..,..,..,..,..,..,..,..,..,..,..
"..REGION III (CENTRAL LUZON)","Stringbeans",..,..,..,..,..,..,..,..,..,..,..,..,..
"..REGION III (CENTRAL LUZON)","Sweet Peas",..,..,..,..,..,..,..,..,..,..,..,..,..
"..REGION III (CENTRAL LUZON)","Sweet Peas Native",..,..,..,..,..,..,..,..,..,..,..,..,..
"....Aurora","Habitchuelas [Snap beans]",..,..,..,..,..,..,..,..,..,..,..,..,..
"....Aurora","Kidney Beans, white",..,..,..,..,..,..,..,..,..,..,..,..,..
"....Aurora","Mongo [Mungbean], green",..,..,..,..,..,..,..,..,..,..,..,..,..
"....Aurora","Mongo [Mungbean], Yellow",..,..,..,..,..,..,..,..,..,..,..,..,..
"....Aurora","Peanut with shell, dry",..,..,..,..,..,..,..,..,..,..,..,..,..
"....Aurora","Peanut without shell, dry",..,..,..,..,..,..,..,..,..,..,..,..,..
"....Aurora","Stringbeans",..,..,..,..,..,..,..,..,..,..,..,..,..
"....Aurora","Sweet Peas",..,..,..,..,..,..,..,..,..,..,..,..,..
"....Aurora","Sweet Peas Native",..,..,..,..,..,..,..,..,..,..,..,..,..
"....Bataan","Habitchuelas [Snap beans]",..,..,..,..,..,..,..,..,..,..,..,..,..
"....Bataan","Kidney Beans, white",..,..,..,..,..,..,..,..,..,..,..,..,..
"....Bataan","Mongo [Mungbean], green",..,..,..,..,..,..,..,..,..,..,..,..,..
"....Bataan","Mongo [Mungbean], Yellow",..,..,..,..,..,..,..,..,..,..,..,..,..
"....Bataan","Peanut with shell, dry",..,..,..,..,..,..,..,..,..,..,..,..,..
"....Bataan","Peanut without shell, dry",..,..,..,..,..,..,..,..,..,..,..,..,..
"....Bataan","Stringbeans",..,..,..,..,..,..,..,..,..,..,..,..,..
"....Bataan","Sweet Peas",..,..,..,..,..,..,..,..,..,..,..,..,..
"....Bataan","Sweet Peas Native",..,..,..,..,..,..,..,..,..,..,..,..,..
"....Bulacan","Habitchuelas [Snap beans]",..,..,..,..,..,..,..,..,..,..,..,..,..
"....Bulacan","Kidney Beans, white",..,..,..,..,..,..,..,..,..,..,..,..,..
"....Bulacan","Mongo [Mungbean], green",..,..,..,..,..,..,..,..,..,..,..,..,..
"....Bulacan","Mongo [Mungbean], Yellow",..,..,..,..,..,..,..,..,..,..,..,..,..
"....Bulacan","Peanut with shell, dry",..,..,..,..,..,..,..,..,..,..,..,..,..
"....Bulacan","Peanut without shell, dry",..,..,..,..,..,..,..,..,..,..,..,..,..
"....Bulacan","Stringbeans",..,..,..,..,..,..,..,..,..,..,..,..,..
"....Bulacan","Sweet Peas",..,..,..,..,..,..,..,..,..,..,..,..,..
"....Bulacan","Sweet Peas Native",..,..,..,..,..,..,..,..,..,..,..,..,..
"....Nueva Ecija","Habitchuelas [Snap beans]",..,..,..,..,..,..,..,..,..,..,..,..,..
"....Nueva Ecija","Kidney Beans, white",..,..,..,..,..,..,..,..,..,..,..,..,..
"....Nueva Ecija","Mongo [Mungbean], green",..,..,..,..,..,..,..,..,..,..,..,..,..
"....Nueva Ecija","Mongo [Mungbean], Yellow",..,..,..,..,..,..,..,..,..,..,..,..,..
"....Nueva Ecija","Peanut with shell, dry",..,..,..,..,..,..,..,..,..,..,..,..,..
"....Nueva Ecija","Peanut without shell, dry",..,..,..,..,..,..,..,..,..,..,..,..,..
"....Nueva Ecija","Stringbeans",..,..,..,..,..,..,..,..,..,..,..,..,..
"....Nueva Ecija","Sweet Peas",..,..,..,..,..,..,..,..,..,..,..,..,..
"....Nueva Ecija","Sweet Peas Native",..,..,..,..,..,..,..,..,..,..,..,..,..
"....Pampanga","Habitchuelas [Snap beans]",48.49,27.71,43.47,60.51,48.73,49.45,49.00,61.18,47.83,46.69,44.10,41.95,47.43
"....Pampanga","Kidney Beans, white",..,..,..,..,..,..,..,..,..,..,..,..,..
"....Pampanga","Mongo [Mungbean], green",..,..,..,..,..,..,..,..,..,..,..,..,..
"....Pampanga","Mongo [Mungbean], Yellow",..,..,..,..,..,..,..,..,..,..,..,..,..
"....Pampanga","Peanut with shell, dry",..,..,..,..,..,..,..,..,..,..,..,..,..
"....Pampanga","Peanut without shell, dry",..,..,..,..,..,..,..,..,..,..,..,..,..
"....Pampanga","Stringbeans",..,..,..,..,..,..,..,..,..,..,..,..,..
"....Pampanga","Sweet Peas",..,..,..,..,..,..,..,..,..,..,..,..,..
"....Pampanga","Sweet Peas Native",..,..,..,..,..,..,..,..,..,..,..,..,..
"....Tarlac","Habitchuelas [Snap beans]",..,..,..,..,..,..,..,..,..,..,..,..,..
"....Tarlac","Kidney Beans, white",..,..,..,..,..,..,..,..,..,..,..,..,..
"....Tarlac","Mongo [Mungbean], green",..,..,..,..,..,..,..,..,..,..,..,..,..
"....Tarlac","Mongo [Mungbean], Yellow",..,..,..,..,..,..,..,..,..,..,..,..,..
"....Tarlac","Peanut with shell, dry",..,..,..,..,..,..,..,..,..,..,..,..,..
"....Tarlac","Peanut without shell, dry",..,..,..,..,..,..,..,..,..,..,..,..,..
"....Tarlac","Stringbeans",..,..,..,..,..,..,..,..,..,..,..,..,..
"....Tarlac","Sweet Peas",..,..,..,..,..,..,..,..,..,..,..,..,..
"....Tarlac","Sweet Peas Native",..,..,..,..,..,..,..,..,..,..,..,..,..
"....Zambales","Habitchuelas [Snap beans]",..,..,..,..,..,..,..,..,..,..,..,..,..
"....Zambales","Kidney Beans, white",..,..,..,..,..,..,..,..,..,..,..,..,..
"....Zambales","Mongo [Mungbean], green",..,..,..,..,..,..,..,..,..,..,..,..,..
"....Zambales","Mongo [Mungbean], Yellow",..,..,..,..,..,..,..,..,..,..,..,..,..
"....Zambales","Peanut with shell, dry",..,..,..,..,..,..,..,..,..,..,..,..,..
"....Zambales","Peanut without shell, dry",..,..,..,..,..,..,..,..,..,..,..,..,..
"....Zambales","Stringbeans",..,..,..,..,..,..,..,..,..,..,..,..,..
"....Zambales","Sweet Peas",..,..,..,..,..,..,..,..,..,..,..,..,..
"....Zambales","Sweet Peas Native",..,..,..,..,..,..,..,..,..,..,..,..,..
"..REGION IV-A (CALABARZON)","Habitchuelas [Snap beans]",..,..,..,..,..,..,..,..,..,..,..,..,..
"..REGION IV-A (CALABARZON)","Kidney Beans, white",..,..,..,..,..,..,..,..,..,..,..,..,..
"..REGION IV-A (CALABARZON)","Mongo [Mungbean], green",..,..,..,..,..,..,..,..,..,..,..,..,..
"..REGION IV-A (CALABARZON)","Mongo [Mungbean], Yellow",..,..,..,..,..,..,..,..,..,..,..,..,..
"..REGION IV-A (CALABARZON)","Peanut with shell, dry",..,..,..,..,..,..,..,..,..,..,..,..,..
"..REGION IV-A (CALABARZON)","Peanut without shell, dry",..,..,..,..,..,..,..,..,..,..,..,..,..
"..REGION IV-A (CALABARZON)","Stringbeans",28.23,26.78,33.05,26.83,27.65,23.72,28.98,28.40,25.88,21.11,18.57,36.86,27.18
"..REGION IV-A (CALABARZON)","Sweet Peas",..,..,..,..,..,..,..,..,..,..,..,..,..
"..REGION IV-A (CALABARZON)","Sweet Peas Native",..,..,..,..,..,..,..,..,..,..,..,..,..
"....Batangas","Habitchuelas [Snap beans]",..,..,..,..,..,..,..,..,..,..,..,..,..
"....Batangas","Kidney Beans, white",..,..,..,..,..,..,..,..,..,..,..,..,..
"....Batangas","Mongo [Mungbean], green",..,..,..,..,..,..,..,..,..,..,..,..,..
"....Batangas","Mongo [Mungbean], Yellow",..,..,..,..,..,..,..,..,..,..,..,..,..
"....Batangas","Peanut with shell, dry",..,..,..,..,..,..,..,..,..,..,..,..,..
"....Batangas","Peanut without shell, dry",..,..,..,..,..,..,..,..,..,..,..,..,..
"....Batangas","Stringbeans",..,..,..,..,..,..,..,..,..,..,..,..,..
"....Batangas","Sweet Peas",..,..,..,..,..,..,..,..,..,..,..,..,..
"....Batangas","Sweet Peas Native",..,..,..,..,..,..,..,..,..,..,..,..,..
"....Cavite","Habitchuelas [Snap beans]",..,..,..,..,..,..,..,..,..,..,..,..,..
"....Cavite","Kidney Beans, white",..,..,..,..,..,..,..,..,..,..,..,..,..
"....Cavite","Mongo [Mungbean], green",..,..,..,..,..,..,..,..,..,..,..,..,..
"....Cavite","Mongo [Mungbean], Yellow",..,..,..,..,..,..,..,..,..,..,..,..,..
"....Cavite","Peanut with shell, dry",..,..,..,..,..,..,..,..,..,..,..,..,..
"....Cavite","Peanut without shell, dry",..,..,..,..,..,..,..,..,..,..,..,..,..
"....Cavite","Stringbeans",..,..,..,..,..,..,..,..,..,..,..,..,..
"....Cavite","Sweet Peas",..,..,..,..,..,..,..,..,..,..,..,..,..
"....Cavite","Sweet Peas Native",..,..,..,..,..,..,..,..,..,..,..,..,..
"....Laguna","Habitchuelas [Snap beans]",..,..,..,..,..,..,..,..,..,..,..,..,..
"....Laguna","Kidney Beans, white",..,..,..,..,..,..,..,..,..,..,..,..,..
"....Laguna","Mongo [Mungbean], green",..,..,..,..,..,..,..,..,..,..,..,..,..
"....Laguna","Mongo [Mungbean], Yellow",..,..,..,..,..,..,..,..,..,..,..,..,..
"....Laguna","Peanut with shell, dry",..,..,..,..,..,..,..,..,..,..,..,..,..
"....Laguna","Peanut without shell, dry",..,..,..,..,..,..,..,..,..,..,..,..,..
"....Laguna","Stringbeans",25.53,24.48,33.48,24.20,29.33,31.00,23.22,23.22,20.68,19.07,14.74,38.32,25.61
"....Laguna","Sweet Peas",..,..,..,..,..,..,..,..,..,..,..,..,..
"....Laguna","Sweet Peas Native",..,..,..,..,..,..,..,..,..,..,..,..,..
"....Quezon","Habitchuelas [Snap beans]",..,..,..,..,..,..,..,..,..,..,..,..,..
"....Quezon","Kidney Beans, white",..,..,..,..,..,..,..,..,..,..,..,..,..
"....Quezon","Mongo [Mungbean], green",..,..,..,..,..,..,..,..,..,..,..,..,..
"....Quezon","Mongo [Mungbean], Yellow",..,..,..,..,..,..,..,..,..,..,..,..,..
"....Quezon","Peanut with shell, dry",..,..,..,..,..,..,..,..,..,..,..,..,..
"....Quezon","Peanut without shell, dry",..,..,..,..,..,..,..,..,..,..,..,..,..
"....Quezon","Stringbeans",..,..,..,..,..,..,..,..,..,..,..,..,..
"....Quezon","Sweet Peas",..,..,..,..,..,..,..,..,..,..,..,..,..
"....Quezon","Sweet Peas Native",..,..,..,..,..,..,..,..,..,..,..,..,..
"....Rizal","Habitchuelas [Snap beans]",..,..,..,..,..,..,..,..,..,..,..,..,..
"....Rizal","Kidney Beans, white",..,..,..,..,..,..,..,..,..,..,..,..,..
"....Rizal","Mongo [Mungbean], green",..,..,..,..,..,..,..,..,..,..,..,..,..
"....Rizal","Mongo [Mungbean], Yellow",..,..,..,..,..,..,..,..,..,..,..,..,..
"....Rizal","Peanut with shell, dry",..,..,..,..,..,..,..,..,..,..,..,..,..
"....Rizal","Peanut without shell, dry",..,..,..,..,..,..,..,..,..,..,..,..,..
"....Rizal","Stringbeans",30.93,29.08,32.62,29.46,25.96,16.44,34.73,33.58,31.08,23.14,22.40,35.40,28.74
"....Rizal","Sweet Peas",..,..,..,..,..,..,..,..,..,..,..,..,..
"....Rizal","Sweet Peas Native",..,..,..,..,..,..,..,..,..,..,..,..,..
"..MIMAROPA REGION","Habitchuelas [Snap beans]",..,..,..,..,..,..,..,..,..,..,..,..,..
"..MIMAROPA REGION","Kidney Beans, white",..,..,..,..,..,..,..,..,..,..,..,..,..
"..MIMAROPA REGION","Mongo [Mungbean], green",..,..,..,..,..,..,..,..,..,..,..,..,..
"..MIMAROPA REGION","Mongo [Mungbean], Yellow",..,..,..,..,..,..,..,..,..,..,..,..,..
"..MIMAROPA REGION","Peanut with shell, dry",..,..,..,..,..,..,..,..,..,..,..,..,..
"..MIMAROPA REGION","Peanut without shell, dry",..,..,..,..,..,..,..,..,..,..,..,..,..
"..MIMAROPA REGION","Stringbeans",..,..,..,..,..,..,..,..,..,..,..,..,..
"..MIMAROPA REGION","Sweet Peas",..,..,..,..,..,..,..,..,..,..,..,..,..
"..MIMAROPA REGION","Sweet Peas Native",..,..,..,..,..,..,..,..,..,..,..,..,..
"....Marinduque","Habitchuelas [Snap beans]",..,..,..,..,..,..,..,..,..,..,..,..,..
"....Marinduque","Kidney Beans, white",..,..,..,..,..,..,..,..,..,..,..,..,..
"....Marinduque","Mongo [Mungbean], green",..,..,..,..,..,..,..,..,..,..,..,..,..
"....Marinduque","Mongo [Mungbean], Yellow",..,..,..,..,..,..,..,..,..,..,..,..,..
"....Marinduque","Peanut with shell, dry",..,..,..,..,..,..,..,..,..,..,..,..,..
"....Marinduque","Peanut without shell, dry",..,..,..,..,..,..,..,..,..,..,..,..,..
"....Marinduque","Stringbeans",..,..,..,..,..,..,..,..,..,..,..,..,..
"....Marinduque","Sweet Peas",..,..,..,..,..,..,..,..,..,..,..,..,..
"....Marinduque","Sweet Peas Native",..,..,..,..,..,..,..,..,..,..,..,..,..
"....Occidental Mindoro","Habitchuelas [Snap beans]",..,..,..,..,..,..,..,..,..,..,..,..,..
"....Occidental Mindoro","Kidney Beans, white",..,..,..,..,..,..,..,..,..,..,..,..,..
"....Occidental Mindoro","Mongo [Mungbean], green",..,..,..,..,..,..,..,..,..,..,..,..,..
"....Occidental Mindoro","Mongo [Mungbean], Yellow",..,..,..,..,..,..,..,..,..,..,..,..,..
"....Occidental Mindoro","Peanut with shell, dry",..,..,..,..,..,..,..,..,..,..,..,..,..
"....Occidental Mindoro","Peanut without shell, dry",..,..,..,..,..,..,..,..,..,..,..,..,..
"....Occidental Mindoro","Stringbeans",..,..,..,..,..,..,..,..,..,..,..,..,..
"....Occidental Mindoro","Sweet Peas",..,..,..,..,..,..,..,..,..,..,..,..,..
"....Occidental Mindoro","Sweet Peas Native",..,..,..,..,..,..,..,..,..,..,..,..,..
"....Oriental Mindoro","Habitchuelas [Snap beans]",..,..,..,..,..,..,..,..,..,..,..,..,..
"....Oriental Mindoro","Kidney Beans, white",..,..,..,..,..,..,..,..,..,..,..,..,..
"....Oriental Mindoro","Mongo [Mungbean], green",..,..,..,..,..,..,..,..,..,..,..,..,..
"....Oriental Mindoro","Mongo [Mungbean], Yellow",..,..,..,..,..,..,..,..,..,..,..,..,..
"....Oriental Mindoro","Peanut with shell, dry",..,..,..,..,..,..,..,..,..,..,..,..,..
"....Oriental Mindoro","Peanut without shell, dry",..,..,..,..,..,..,..,..,..,..,..,..,..
"....Oriental Mindoro","Stringbeans",..,..,..,..,..,..,..,..,..,..,..,..,..
"....Oriental Mindoro","Sweet Peas",..,..,..,..,..,..,..,..,..,..,..,..,..
"....Oriental Mindoro","Sweet Peas Native",..,..,..,..,..,..,..,..,..,..,..,..,..
"....Palawan","Habitchuelas [Snap beans]",..,..,..,..,..,..,..,..,..,..,..,..,..
"....Palawan","Kidney Beans, white",..,..,..,..,..,..,..,..,..,..,..,..,..
"....Palawan","Mongo [Mungbean], green",..,..,..,..,..,..,..,..,..,..,..,..,..
"....Palawan","Mongo [Mungbean], Yellow",..,..,..,..,..,..,..,..,..,..,..,..,..
"....Palawan","Peanut with shell, dry",..,..,..,..,..,..,..,..,..,..,..,..,..
"....Palawan","Peanut without shell, dry",..,..,..,..,..,..,..,..,..,..,..,..,..
"....Palawan","Stringbeans",..,..,..,..,..,..,..,..,..,..,..,..,..
"....Palawan","Sweet Peas",..,..,..,..,..,..,..,..,..,..,..,..,..
"....Palawan","Sweet Peas Native",..,..,..,..,..,..,..,..,..,..,..,..,..
"....Romblon","Habitchuelas [Snap beans]",..,..,..,..,..,..,..,..,..,..,..,..,..
"....Romblon","Kidney Beans, white",..,..,..,..,..,..,..,..,..,..,..,..,..
"....Romblon","Mongo [Mungbean], green",..,..,..,..,..,..,..,..,..,..,..,..,..
"....Romblon","Mongo [Mungbean], Yellow",..,..,..,..,..,..,..,..,..,..,..,..,..
"....Romblon","Peanut with shell, dry",..,..,..,..,..,..,..,..,..,..,..,..,..
"....Romblon","Peanut without shell, dry",..,..,..,..,..,..,..,..,..,..,..,..,..
"....Romblon","Stringbeans",..,..,..,..,..,..,..,..,..,..,..,..,..
"....Romblon","Sweet Peas",..,..,..,..,..,..,..,..,..,..,..,..,..
"....Romblon","Sweet Peas Native",..,..,..,..,..,..,..,..,..,..,..,..,..
"..REGION V (BICOL REGION)","Habitchuelas [Snap beans]",33.54,27.79,26.22,25.64,31.65,42.58,54.46,64.86,38.07,33.21,34.38,42.66,37.92
"..REGION V (BICOL REGION)","Kidney Beans, white",..,..,..,..,..,..,..,..,..,..,..,..,..
"..REGION V (BICOL REGION)","Mongo [Mungbean], green",..,..,..,..,..,..,..,..,..,..,..,..,..
"..REGION V (BICOL REGION)","Mongo [Mungbean], Yellow",..,..,..,..,..,..,..,..,..,..,..,..,..
"..REGION V (BICOL REGION)","Peanut with shell, dry",..,..,..,..,..,..,..,..,..,..,..,..,..
"..REGION V (BICOL REGION)","Peanut without shell, dry",..,..,..,..,..,..,..,..,..,..,..,..,..
"..REGION V (BICOL REGION)","Stringbeans",..,..,..,..,..,..,..,..,..,..,..,..,..
"..REGION V (BICOL REGION)","Sweet Peas",..,..,..,..,..,..,..,..,..,..,..,..,..
"..REGION V (BICOL REGION)","Sweet Peas Native",..,..,..,..,..,..,..,..,..,..,..,..,..
"....Albay","Habitchuelas [Snap beans]",30.50,25.47,24.31,21.08,20.33,27.68,46.00,63.19,29.19,27.53,22.25,39.53,31.42
"....Albay","Kidney Beans, white",..,..,..,..,..,..,..,..,..,..,..,..,..
"....Albay","Mongo [Mungbean], green",..,..,..,..,..,..,..,..,..,..,..,..,..
"....Albay","Mongo [Mungbean], Yellow",..,..,..,..,..,..,..,..,..,..,..,..,..
"....Albay","Peanut with shell, dry",..,..,..,..,..,..,..,..,..,..,..,..,..
"....Albay","Peanut without shell, dry",..,..,..,..,..,..,..,..,..,..,..,..,..
"....Albay","Stringbeans",..,..,..,..,..,..,..,..,..,..,..,..,..
"....Albay","Sweet Peas",..,..,..,..,..,..,..,..,..,..,..,..,..
"....Albay","Sweet Peas Native",..,..,..,..,..,..,..,..,..,..,..,..,..
"....Camarines Norte","Habitchuelas [Snap beans]",..,..,..,..,..,..,..,..,..,..,..,..,..
"....Camarines Norte","Kidney Beans, white",..,..,..,..,..,..,..,..,..,..,..,..,..
"....Camarines Norte","Mongo [Mungbean], green",..,..,..,..,..,..,..,..,..,..,..,..,..
"....Camarines Norte","Mongo [Mungbean], Yellow",..,..,..,..,..,..,..,..,..,..,..,..,..
"....Camarines Norte","Peanut with shell, dry",..,..,..,..,..,..,..,..,..,..,..,..,..
"....Camarines Norte","Peanut without shell, dry",..,..,..,..,..,..,..,..,..,..,..,..,..
"....Camarines Norte","Stringbeans",..,..,..,..,..,..,..,..,..,..,..,..,..
"....Camarines Norte","Sweet Peas",..,..,..,..,..,..,..,..,..,..,..,..,..
"....Camarines Norte","Sweet Peas Native",..,..,..,..,..,..,..,..,..,..,..,..,..
"....Camarines Sur","Habitchuelas [Snap beans]",36.57,30.10,28.12,30.20,42.97,57.48,62.92,66.52,46.95,38.88,46.50,45.79,44.42
"....Camarines Sur","Kidney Beans, white",..,..,..,..,..,..,..,..,..,..,..,..,..
"....Camarines Sur","Mongo [Mungbean], green",..,..,..,..,..,..,..,..,..,..,..,..,..
"....Camarines Sur","Mongo [Mungbean], Yellow",..,..,..,..,..,..,..,..,..,..,..,..,..
"....Camarines Sur","Peanut with shell, dry",..,..,..,..,..,..,..,..,..,..,..,..,..
"....Camarines Sur","Peanut without shell, dry",..,..,..,..,..,..,..,..,..,..,..,..,..
"....Camarines Sur","Stringbeans",..,..,..,..,..,..,..,..,..,..,..,..,..
"....Camarines Sur","Sweet Peas",..,..,..,..,..,..,..,..,..,..,..,..,..
"....Camarines Sur","Sweet Peas Native",..,..,..,..,..,..,..,..,..,..,..,..,..
"....Catanduanes","Habitchuelas [Snap beans]",..,..,..,..,..,..,..,..,..,..,..,..,..
"....Catanduanes","Kidney Beans, white",..,..,..,..,..,..,..,..,..,..,..,..,..
"....Catanduanes","Mongo [Mungbean], green",..,..,..,..,..,..,..,..,..,..,..,..,..
"....Catanduanes","Mongo [Mungbean], Yellow",..,..,..,..,..,..,..,..,..,..,..,..,..
"....Catanduanes","Peanut with shell, dry",..,..,..,..,..,..,..,..,..,..,..,..,..
"....Catanduanes","Peanut without shell, dry",..,..,..,..,..,..,..,..,..,..,..,..,..
"....Catanduanes","Stringbeans",..,..,..,..,..,..,..,..,..,..,..,..,..
"....Catanduanes","Sweet Peas",..,..,..,..,..,..,..,..,..,..,..,..,..
"....Catanduanes","Sweet Peas Native",..,..,..,..,..,..,..,..,..,..,..,..,..
"....Masbate","Habitchuelas [Snap beans]",..,..,..,..,..,..,..,..,..,..,..,..,..
"....Masbate","Kidney Beans, white",..,..,..,..,..,..,..,..,..,..,..,..,..
"....Masbate","Mongo [Mungbean], green",..,..,..,..,..,..,..,..,..,..,..,..,..
"....Masbate","Mongo [Mungbean], Yellow",..,..,..,..,..,..,..,..,..,..,..,..,..
"....Masbate","Peanut with shell, dry",..,..,..,..,..,..,..,..,..,..,..,..,..
"....Masbate","Peanut without shell, dry",..,..,..,..,..,..,..,..,..,..,..,..,..
"....Masbate","Stringbeans",..,..,..,..,..,..,..,..,..,..,..,..,..
"....Masbate","Sweet Peas",..,..,..,..,..,..,..,..,..,..,..,..,..
"....Masbate","Sweet Peas Native",..,..,..,..,..,..,..,..,..,..,..,..,..
"....Sorsogon","Habitchuelas [Snap beans]",..,..,..,..,..,..,..,..,..,..,..,..,..
"....Sorsogon","Kidney Beans, white",..,..,..,..,..,..,..,..,..,..,..,..,..
"....Sorsogon","Mongo [Mungbean], green",..,..,..,..,..,..,..,..,..,..,..,..,..
"....Sorsogon","Mongo [Mungbean], Yellow",..,..,..,..,..,..,..,..,..,..,..,..,..
"....Sorsogon","Peanut with shell, dry",..,..,..,..,..,..,..,..,..,..,..,..,..
"....Sorsogon","Peanut without shell, dry",..,..,..,..,..,..,..,..,..,..,..,..,..
"....Sorsogon","Stringbeans",..,..,..,..,..,..,..,..,..,..,..,..,..
"....Sorsogon","Sweet Peas",..,..,..,..,..,..,..,..,..,..,..,..,..
"....Sorsogon","Sweet Peas Native",..,..,..,..,..,..,..,..,..,..,..,..,..
"..REGION VI (WESTERN VISAYAS)","Habitchuelas [Snap beans]",43.43,42.67,44.17,38.25,27.97,22.89,36.29,53.59,44.47,33.81,46.68,78.42,42.72
"..REGION VI (WESTERN VISAYAS)","Kidney Beans, white",..,..,..,..,..,..,..,..,..,..,..,..,..
"..REGION VI (WESTERN VISAYAS)","Mongo [Mungbean], green",..,..,..,..,..,..,..,..,..,..,..,..,..
"..REGION VI (WESTERN VISAYAS)","Mongo [Mungbean], Yellow",..,..,..,..,..,..,..,..,..,..,..,..,..
"..REGION VI (WESTERN VISAYAS)","Peanut with shell, dry",..,..,..,..,..,..,..,..,..,..,..,..,..
"..REGION VI (WESTERN VISAYAS)","Peanut without shell, dry",..,..,..,..,..,..,..,..,..,..,..,..,..
"..REGION VI (WESTERN VISAYAS)","Stringbeans",31.67,28.15,28.06,27.92,22.22,16.68,16.89,21.40,25.89,26.21,24.80,36.79,25.56
"..REGION VI (WESTERN VISAYAS)","Sweet Peas",..,..,..,..,..,..,..,..,..,..,..,..,..
"..REGION VI (WESTERN VISAYAS)","Sweet Peas Native",..,..,..,..,..,..,..,..,..,..,..,..,..
"....Aklan","Habitchuelas [Snap beans]",..,..,..,..,..,..,..,..,..,..,..,..,..
"....Aklan","Kidney Beans, white",..,..,..,..,..,..,..,..,..,..,..,..,..
"....Aklan","Mongo [Mungbean], green",..,..,..,..,..,..,..,..,..,..,..,..,..
"....Aklan","Mongo [Mungbean], Yellow",..,..,..,..,..,..,..,..,..,..,..,..,..
"....Aklan","Peanut with shell, dry",..,..,..,..,..,..,..,..,..,..,..,..,..
"....Aklan","Peanut without shell, dry",..,..,..,..,..,..,..,..,..,..,..,..,..
"....Aklan","Stringbeans",..,..,..,..,..,..,..,..,..,..,..,..,..
"....Aklan","Sweet Peas",..,..,..,..,..,..,..,..,..,..,..,..,..
"....Aklan","Sweet Peas Native",..,..,..,..,..,..,..,..,..,..,..,..,..
"....Antique","Habitchuelas [Snap beans]",..,..,..,..,..,..,..,..,..,..,..,..,..
"....Antique","Kidney Beans, white",..,..,..,..,..,..,..,..,..,..,..,..,..
"....Antique","Mongo [Mungbean], green",..,..,..,..,..,..,..,..,..,..,..,..,..
"....Antique","Mongo [Mungbean], Yellow",..,..,..,..,..,..,..,..,..,..,..,..,..
"....Antique","Peanut with shell, dry",..,..,..,..,..,..,..,..,..,..,..,..,..
"....Antique","Peanut without shell, dry",..,..,..,..,..,..,..,..,..,..,..,..,..
"....Antique","Stringbeans",..,..,..,..,..,..,..,..,..,..,..,..,..
"....Antique","Sweet Peas",..,..,..,..,..,..,..,..,..,..,..,..,..
"....Antique","Sweet Peas Native",..,..,..,..,..,..,..,..,..,..,..,..,..
"....Capiz","Habitchuelas [Snap beans]",..,..,..,..,..,..,..,..,..,..,..,..,..
"....Capiz","Kidney Beans, white",..,..,..,..,..,..,..,..,..,..,..,..,..
"....Capiz","Mongo [Mungbean], green",..,..,..,..,..,..,..,..,..,..,..,..,..
"....Capiz","Mongo [Mungbean], Yellow",..,..,..,..,..,..,..,..,..,..,..,..,..
"....Capiz","Peanut with shell, dry",..,..,..,..,..,..,..,..,..,..,..,..,..
"....Capiz","Peanut without shell, dry",..,..,..,..,..,..,..,..,..,..,..,..,..
"....Capiz","Stringbeans",..,..,..,..,..,..,..,..,..,..,..,..,..
"....Capiz","Sweet Peas",..,..,..,..,..,..,..,..,..,..,..,..,..
"....Capiz","Sweet Peas Native",..,..,..,..,..,..,..,..,..,..,..,..,..
"....Guimaras","Habitchuelas [Snap beans]",..,..,..,..,..,..,..,..,..,..,..,..,..
"....Guimaras","Kidney Beans, white",..,..,..,..,..,..,..,..,..,..,..,..,..
"....Guimaras","Mongo [Mungbean], green",..,..,..,..,..,..,..,..,..,..,..,..,..
"....Guimaras","Mongo [Mungbean], Yellow",..,..,..,..,..,..,..,..,..,..,..,..,..
"....Guimaras","Peanut with shell, dry",..,..,..,..,..,..,..,..,..,..,..,..,..
"....Guimaras","Peanut without shell, dry",..,..,..,..,..,..,..,..,..,..,..,..,..
"....Guimaras","Stringbeans",..,..,..,..,..,..,..,..,..,..,..,..,..
"....Guimaras","Sweet Peas",..,..,..,..,..,..,..,..,..,..,..,..,..
"....Guimaras","Sweet Peas Native",..,..,..,..,..,..,..,..,..,..,..,..,..
"....Iloilo","Habitchuelas [Snap beans]",37.79,38.90,43.15,35.31,25.31,19.46,32.38,53.92,46.62,24.71,40.08,83.79,40.12
"....Iloilo","Kidney Beans, white",..,..,..,..,..,..,..,..,..,..,..,..,..
"....Iloilo","Mongo [Mungbean], green",..,..,..,..,..,..,..,..,..,..,..,..,..
"....Iloilo","Mongo [Mungbean], Yellow",..,..,..,..,..,..,..,..,..,..,..,..,..
"....Iloilo","Peanut with shell, dry",..,..,..,..,..,..,..,..,..,..,..,..,..
"....Iloilo","Peanut without shell, dry",..,..,..,..,..,..,..,..,..,..,..,..,..
"....Iloilo","Stringbeans",..,..,..,..,..,..,..,..,..,..,..,..,..
"....Iloilo","Sweet Peas",..,..,..,..,..,..,..,..,..,..,..,..,..
"....Iloilo","Sweet Peas Native",..,..,..,..,..,..,..,..,..,..,..,..,..
"....Negros Occidental","Habitchuelas [Snap beans]",49.06,46.43,45.18,41.18,30.63,26.32,40.20,53.26,42.32,42.90,53.27,73.04,45.32
"....Negros Occidental","Kidney Beans, white",..,..,..,..,..,..,..,..,..,..,..,..,..
"....Negros Occidental","Mongo [Mungbean], green",..,..,..,..,..,..,..,..,..,..,..,..,..
"....Negros Occidental","Mongo [Mungbean], Yellow",..,..,..,..,..,..,..,..,..,..,..,..,..
"....Negros Occidental","Peanut with shell, dry",..,..,..,..,..,..,..,..,..,..,..,..,..
"....Negros Occidental","Peanut without shell, dry",..,..,..,..,..,..,..,..,..,..,..,..,..
"....Negros Occidental","Stringbeans",31.67,28.15,28.06,27.92,22.22,16.68,16.89,21.40,25.89,26.21,24.80,36.79,25.56
"....Negros Occidental","Sweet Peas",..,..,..,..,..,..,..,..,..,..,..,..,..
"....Negros Occidental","Sweet Peas Native",..,..,..,..,..,..,..,..,..,..,..,..,..
"..REGION VII (CENTRAL VISAYAS)","Habitchuelas [Snap beans]",34.64,51.90,32.12,32.28,28.40,31.49,24.09,21.98,28.48,25.00,27.28,52.57,32.52
"..REGION VII (CENTRAL VISAYAS)","Kidney Beans, white",..,..,..,..,..,..,..,..,..,..,..,..,..
"..REGION VII (CENTRAL VISAYAS)","Mongo [Mungbean], green",..,..,..,..,..,..,..,..,..,..,..,..,..
"..REGION VII (CENTRAL VISAYAS)","Mongo [Mungbean], Yellow",..,..,..,..,..,..,..,..,..,..,..,..,..
"..REGION VII (CENTRAL VISAYAS)","Peanut with shell, dry",55.46,63.00,65.85,58.28,51.79,54.84,56.38,55.54,55.36,59.29,62.16,62.75,58.39
"..REGION VII (CENTRAL VISAYAS)","Peanut without shell, dry",71.24,68.62,65.85,63.25,62.18,63.66,64.27,67.21,67.08,67.92,76.53,77.14,67.91
"..REGION VII (CENTRAL VISAYAS)","Stringbeans",33.37,42.23,34.45,22.63,20.15,28.40,28.24,24.38,32.39,22.49,25.12,46.93,30.07
"..REGION VII (CENTRAL VISAYAS)","Sweet Peas",..,..,..,..,..,..,..,..,..,..,..,..,..
"..REGION VII (CENTRAL VISAYAS)","Sweet Peas Native",..,..,..,..,..,..,..,..,..,..,..,..,..
"....Bohol","Habitchuelas [Snap beans]",..,..,..,..,..,..,..,..,..,..,..,..,..
"....Bohol","Kidney Beans, white",..,..,..,..,..,..,..,..,..,..,..,..,..
"....Bohol","Mongo [Mungbean], green",..,..,..,..,..,..,..,..,..,..,..,..,..
"....Bohol","Mongo [Mungbean], Yellow",..,..,..,..,..,..,..,..,..,..,..,..,..
"....Bohol","Peanut with shell, dry",..,..,..,..,..,..,..,..,..,..,..,..,..
"....Bohol","Peanut without shell, dry",..,..,..,..,..,..,..,..,..,..,..,..,..
"....Bohol","Stringbeans",..,..,..,..,..,..,..,..,..,..,..,..,..
"....Bohol","Sweet Peas",..,..,..,..,..,..,..,..,..,..,..,..,..
"....Bohol","Sweet Peas Native",..,..,..,..,..,..,..,..,..,..,..,..,..
"....Cebu","Habitchuelas [Snap beans]",34.64,51.90,32.12,32.28,28.40,31.49,24.09,21.98,28.48,25.00,27.28,52.57,32.52
"....Cebu","Kidney Beans, white",..,..,..,..,..,..,..,..,..,..,..,..,..
"....Cebu","Mongo [Mungbean], green",..,..,..,..,..,..,..,..,..,..,..,..,..
"....Cebu","Mongo [Mungbean], Yellow",..,..,..,..,..,..,..,..,..,..,..,..,..
"....Cebu","Peanut with shell, dry",55.46,63.00,65.85,58.28,51.79,54.84,56.38,55.54,55.36,59.29,62.16,62.75,58.39
"....Cebu","Peanut without shell, dry",71.24,68.62,65.85,63.25,62.18,63.66,64.27,67.21,67.08,67.92,76.53,77.14,67.91
"....Cebu","Stringbeans",33.37,42.23,34.45,22.63,20.15,28.40,28.24,24.38,32.39,22.49,25.12,46.93,30.07
"....Cebu","Sweet Peas",..,..,..,..,..,..,..,..,..,..,..,..,..
"....Cebu","Sweet Peas Native",..,..,..,..,..,..,..,..,..,..,..,..,..
"....Negros Oriental","Habitchuelas [Snap beans]",..,..,..,..,..,..,..,..,..,..,..,..,..
"....Negros Oriental","Kidney Beans, white",..,..,..,..,..,..,..,..,..,..,..,..,..
"....Negros Oriental","Mongo [Mungbean], green",..,..,..,..,..,..,..,..,..,..,..,..,..
"....Negros Oriental","Mongo [Mungbean], Yellow",..,..,..,..,..,..,..,..,..,..,..,..,..
"....Negros Oriental","Peanut with shell, dry",..,..,..,..,..,..,..,..,..,..,..,..,..
"....Negros Oriental","Peanut without shell, dry",..,..,..,..,..,..,..,..,..,..,..,..,..
"....Negros Oriental","Stringbeans",..,..,..,..,..,..,..,..,..,..,..,..,..
"....Negros Oriental","Sweet Peas",..,..,..,..,..,..,..,..,..,..,..,..,..
"....Negros Oriental","Sweet Peas Native",..,..,..,..,..,..,..,..,..,..,..,..,..
"....Siquijor","Habitchuelas [Snap beans]",..,..,..,..,..,..,..,..,..,..,..,..,..
"....Siquijor","Kidney Beans, white",..,..,..,..,..,..,..,..,..,..,..,..,..
"....Siquijor","Mongo [Mungbean], green",..,..,..,..,..,..,..,..,..,..,..,..,..
"....Siquijor","Mongo [Mungbean], Yellow",..,..,..,..,..,..,..,..,..,..,..,..,..
"....Siquijor","Peanut with shell, dry",..,..,..,..,..,..,..,..,..,..,..,..,..
"....Siquijor","Peanut without shell, dry",..,..,..,..,..,..,..,..,..,..,..,..,..
"....Siquijor","Stringbeans",..,..,..,..,..,..,..,..,..,..,..,..,..
"....Siquijor","Sweet Peas",..,..,..,..,..,..,..,..,..,..,..,..,..
"....Siquijor","Sweet Peas Native",..,..,..,..,..,..,..,..,..,..,..,..,..
"..REGION VIII (EASTERN VISAYAS)","Habitchuelas [Snap beans]",..,..,..,..,..,..,..,..,..,..,..,..,..
"..REGION VIII (EASTERN VISAYAS)","Kidney Beans, white",..,..,..,..,..,..,..,..,..,..,..,..,..
"..REGION VIII (EASTERN VISAYAS)","Mongo [Mungbean], green",..,..,..,..,..,..,..,..,..,..,..,..,..
"..REGION VIII (EASTERN VISAYAS)","Mongo [Mungbean], Yellow",..,..,..,..,..,..,..,..,..,..,..,..,..
"..REGION VIII (EASTERN VISAYAS)","Peanut with shell, dry",..,..,..,..,..,..,..,..,..,..,..,..,..
"..REGION VIII (EASTERN VISAYAS)","Peanut without shell, dry",..,..,..,..,..,..,..,..,..,..,..,..,..
"..REGION VIII (EASTERN VISAYAS)","Stringbeans",..,..,..,..,..,..,..,..,..,..,..,..,..
"..REGION VIII (EASTERN VISAYAS)","Sweet Peas",..,..,..,..,..,..,..,..,..,..,..,..,..
"..REGION VIII (EASTERN VISAYAS)","Sweet Peas Native",..,..,..,..,..,..,..,..,..,..,..,..,..
"....Biliran","Habitchuelas [Snap beans]",..,..,..,..,..,..,..,..,..,..,..,..,..
"....Biliran","Kidney Beans, white",..,..,..,..,..,..,..,..,..,..,..,..,..
"....Biliran","Mongo [Mungbean], green",..,..,..,..,..,..,..,..,..,..,..,..,..
"....Biliran","Mongo [Mungbean], Yellow",..,..,..,..,..,..,..,..,..,..,..,..,..
"....Biliran","Peanut with shell, dry",..,..,..,..,..,..,..,..,..,..,..,..,..
"....Biliran","Peanut without shell, dry",..,..,..,..,..,..,..,..,..,..,..,..,..
"....Biliran","Stringbeans",..,..,..,..,..,..,..,..,..,..,..,..,..
"....Biliran","Sweet Peas",..,..,..,..,..,..,..,..,..,..,..,..,..
"....Biliran","Sweet Peas Native",..,..,..,..,..,..,..,..,..,..,..,..,..
"....Eastern Samar","Habitchuelas [Snap beans]",..,..,..,..,..,..,..,..,..,..,..,..,..
"....Eastern Samar","Kidney Beans, white",..,..,..,..,..,..,..,..,..,..,..,..,..
"....Eastern Samar","Mongo [Mungbean], green",..,..,..,..,..,..,..,..,..,..,..,..,..
"....Eastern Samar","Mongo [Mungbean], Yellow",..,..,..,..,..,..,..,..,..,..,..,..,..
"....Eastern Samar","Peanut with shell, dry",..,..,..,..,..,..,..,..,..,..,..,..,..
"....Eastern Samar","Peanut without shell, dry",..,..,..,..,..,..,..,..,..,..,..,..,..
"....Eastern Samar","Stringbeans",..,..,..,..,..,..,..,..,..,..,..,..,..
"....Eastern Samar","Sweet Peas",..,..,..,..,..,..,..,..,..,..,..,..,..
"....Eastern Samar","Sweet Peas Native",..,..,..,..,..,..,..,..,..,..,..,..,..
"....Leyte","Habitchuelas [Snap beans]",..,..,..,..,..,..,..,..,..,..,..,..,..
"....Leyte","Kidney Beans, white",..,..,..,..,..,..,..,..,..,..,..,..,..
"....Leyte","Mongo [Mungbean], green",..,..,..,..,..,..,..,..,..,..,..,..,..
"....Leyte","Mongo [Mungbean], Yellow",..,..,..,..,..,..,..,..,..,..,..,..,..
"....Leyte","Peanut with shell, dry",..,..,..,..,..,..,..,..,..,..,..,..,..
"....Leyte","Peanut without shell, dry",..,..,..,..,..,..,..,..,..,..,..,..,..
"....Leyte","Stringbeans",..,..,..,..,..,..,..,..,..,..,..,..,..
"....Leyte","Sweet Peas",..,..,..,..,..,..,..,..,..,..,..,..,..
"....Leyte","Sweet Peas Native",..,..,..,..,..,..,..,..,..,..,..,..,..
"....Northern Samar","Habitchuelas [Snap beans]",..,..,..,..,..,..,..,..,..,..,..,..,..
"....Northern Samar","Kidney Beans, white",..,..,..,..,..,..,..,..,..,..,..,..,..
"....Northern Samar","Mongo [Mungbean], green",..,..,..,..,..,..,..,..,..,..,..,..,..
"....Northern Samar","Mongo [Mungbean], Yellow",..,..,..,..,..,..,..,..,..,..,..,..,..
"....Northern Samar","Peanut with shell, dry",..,..,..,..,..,..,..,..,..,..,..,..,..
"....Northern Samar","Peanut without shell, dry",..,..,..,..,..,..,..,..,..,..,..,..,..
"....Northern Samar","Stringbeans",..,..,..,..,..,..,..,..,..,..,..,..,..
"....Northern Samar","Sweet Peas",..,..,..,..,..,..,..,..,..,..,..,..,..
"....Northern Samar","Sweet Peas Native",..,..,..,..,..,..,..,..,..,..,..,..,..
"....Samar","Habitchuelas [Snap beans]",..,..,..,..,..,..,..,..,..,..,..,..,..
"....Samar","Kidney Beans, white",..,..,..,..,..,..,..,..,..,..,..,..,..
"....Samar","Mongo [Mungbean], green",..,..,..,..,..,..,..,..,..,..,..,..,..
"....Samar","Mongo [Mungbean], Yellow",..,..,..,..,..,..,..,..,..,..,..,..,..
"....Samar","Peanut with shell, dry",..,..,..,..,..,..,..,..,..,..,..,..,..
"....Samar","Peanut without shell, dry",..,..,..,..,..,..,..,..,..,..,..,..,..
"....Samar","Stringbeans",..,..,..,..,..,..,..,..,..,..,..,..,..
"....Samar","Sweet Peas",..,..,..,..,..,..,..,..,..,..,..,..,..
"....Samar","Sweet Peas Native",..,..,..,..,..,..,..,..,..,..,..,..,..
"....Southern Leyte","Habitchuelas [Snap beans]",..,..,..,..,..,..,..,..,..,..,..,..,..
"....Southern Leyte","Kidney Beans, white",..,..,..,..,..,..,..,..,..,..,..,..,..
"....Southern Leyte","Mongo [Mungbean], green",..,..,..,..,..,..,..,..,..,..,..,..,..
"....Southern Leyte","Mongo [Mungbean], Yellow",..,..,..,..,..,..,..,..,..,..,..,..,..
"....Southern Leyte","Peanut with shell, dry",..,..,..,..,..,..,..,..,..,..,..,..,..
"....Southern Leyte","Peanut without shell, dry",..,..,..,..,..,..,..,..,..,..,..,..,..
"....Southern Leyte","Stringbeans",..,..,..,..,..,..,..,..,..,..,..,..,..
"....Southern Leyte","Sweet Peas",..,..,..,..,..,..,..,..,..,..,..,..,..
"....Southern Leyte","Sweet Peas Native",..,..,..,..,..,..,..,..,..,..,..,..,..
"..REGION IX (ZAMBOANGA PENINSULA)","Habitchuelas [Snap beans]",..,..,..,..,..,..,..,..,..,..,..,..,..
"..REGION IX (ZAMBOANGA PENINSULA)","Kidney Beans, white",..,..,..,..,..,..,..,..,..,..,..,..,..
"..REGION IX (ZAMBOANGA PENINSULA)","Mongo [Mungbean], green",..,..,..,..,..,..,..,..,..,..,..,..,..
"..REGION IX (ZAMBOANGA PENINSULA)","Mongo [Mungbean], Yellow",..,..,..,..,..,..,..,..,..,..,..,..,..
"..REGION IX (ZAMBOANGA PENINSULA)","Peanut with shell, dry",..,..,..,..,..,..,..,..,..,..,..,..,..
"..REGION IX (ZAMBOANGA PENINSULA)","Peanut without shell, dry",..,..,..,..,..,..,..,..,..,..,..,..,..
"..REGION IX (ZAMBOANGA PENINSULA)","Stringbeans",..,..,..,..,..,..,..,..,..,..,..,..,..
"..REGION IX (ZAMBOANGA PENINSULA)","Sweet Peas",..,..,..,..,..,..,..,..,..,..,..,..,..
"..REGION IX (ZAMBOANGA PENINSULA)","Sweet Peas Native",..,..,..,..,..,..,..,..,..,..,..,..,..
"....Zamboanga del Norte","Habitchuelas [Snap beans]",..,..,..,..,..,..,..,..,..,..,..,..,..
"....Zamboanga del Norte","Kidney Beans, white",..,..,..,..,..,..,..,..,..,..,..,..,..
"....Zamboanga del Norte","Mongo [Mungbean], green",..,..,..,..,..,..,..,..,..,..,..,..,..
"....Zamboanga del Norte","Mongo [Mungbean], Yellow",..,..,..,..,..,..,..,..,..,..,..,..,..
"....Zamboanga del Norte","Peanut with shell, dry",..,..,..,..,..,..,..,..,..,..,..,..,..
"....Zamboanga del Norte","Peanut without shell, dry",..,..,..,..,..,..,..,..,..,..,..,..,..
"....Zamboanga del Norte","Stringbeans",..,..,..,..,..,..,..,..,..,..,..,..,..
"....Zamboanga del Norte","Sweet Peas",..,..,..,..,..,..,..,..,..,..,..,..,..
"....Zamboanga del Norte","Sweet Peas Native",..,..,..,..,..,..,..,..,..,..,..,..,..
"....Zamboanga del Sur","Habitchuelas [Snap beans]",..,..,..,..,..,..,..,..,..,..,..,..,..
"....Zamboanga del Sur","Kidney Beans, white",..,..,..,..,..,..,..,..,..,..,..,..,..
"....Zamboanga del Sur","Mongo [Mungbean], green",..,..,..,..,..,..,..,..,..,..,..,..,..
"....Zamboanga del Sur","Mongo [Mungbean], Yellow",..,..,..,..,..,..,..,..,..,..,..,..,..
"....Zamboanga del Sur","Peanut with shell, dry",..,..,..,..,..,..,..,..,..,..,..,..,..
"....Zamboanga del Sur","Peanut without shell, dry",..,..,..,..,..,..,..,..,..,..,..,..,..
"....Zamboanga del Sur","Stringbeans",..,..,..,..,..,..,..,..,..,..,..,..,..
"....Zamboanga del Sur","Sweet Peas",..,..,..,..,..,..,..,..,..,..,..,..,..
"....Zamboanga del Sur","Sweet Peas Native",..,..,..,..,..,..,..,..,..,..,..,..,..
"....Zamboanga Sibugay","Habitchuelas [Snap beans]",..,..,..,..,..,..,..,..,..,..,..,..,..
"....Zamboanga Sibugay","Kidney Beans, white",..,..,..,..,..,..,..,..,..,..,..,..,..
"....Zamboanga Sibugay","Mongo [Mungbean], green",..,..,..,..,..,..,..,..,..,..,..,..,..
"....Zamboanga Sibugay","Mongo [Mungbean], Yellow",..,..,..,..,..,..,..,..,..,..,..,..,..
"....Zamboanga Sibugay","Peanut with shell, dry",..,..,..,..,..,..,..,..,..,..,..,..,..
"....Zamboanga Sibugay","Peanut without shell, dry",..,..,..,..,..,..,..,..,..,..,..,..,..
"....Zamboanga Sibugay","Stringbeans",..,..,..,..,..,..,..,..,..,..,..,..,..
"....Zamboanga Sibugay","Sweet Peas",..,..,..,..,..,..,..,..,..,..,..,..,..
"....Zamboanga Sibugay","Sweet Peas Native",..,..,..,..,..,..,..,..,..,..,..,..,..
".City of Zamboanga","Habitchuelas [Snap beans]",..,..,..,..,..,..,..,..,..,..,..,..,..
".City of Zamboanga","Kidney Beans, white",..,..,..,..,..,..,..,..,..,..,..,..,..
".City of Zamboanga","Mongo [Mungbean], green",..,..,..,..,..,..,..,..,..,..,..,..,..
".City of Zamboanga","Mongo [Mungbean], Yellow",..,..,..,..,..,..,..,..,..,..,..,..,..
".City of Zamboanga","Peanut with shell, dry",..,..,..,..,..,..,..,..,..,..,..,..,..
".City of Zamboanga","Peanut without shell, dry",..,..,..,..,..,..,..,..,..,..,..,..,..
".City of Zamboanga","Stringbeans",..,..,..,..,..,..,..,..,..,..,..,..,..
".City of Zamboanga","Sweet Peas",..,..,..,..,..,..,..,..,..,..,..,..,..
".City of Zamboanga","Sweet Peas Native",..,..,..,..,..,..,..,..,..,..,..,..,..
"..REGION X (NORTHERN MINDANAO)","Habitchuelas [Snap beans]",35.31,58.63,33.65,33.89,27.80,26.74,25.80,31.03,36.85,26.54,27.07,36.66,33.33
"..REGION X (NORTHERN MINDANAO)","Kidney Beans, white",80.34,80.00,70.00,72.58,70.93,63.20,63.64,65.35,49.31,44.86,54.65,66.40,65.11
"..REGION X (NORTHERN MINDANAO)","Mongo [Mungbean], green",..,..,..,..,..,..,..,..,..,..,..,..,..
"..REGION X (NORTHERN MINDANAO)","Mongo [Mungbean], Yellow",..,..,..,..,..,..,..,..,..,..,..,..,..
"..REGION X (NORTHERN MINDANAO)","Peanut with shell, dry",..,..,..,..,..,..,..,..,..,..,..,..,..
"..REGION X (NORTHERN MINDANAO)","Peanut without shell, dry",..,..,..,..,..,..,..,..,..,..,..,..,..
"..REGION X (NORTHERN MINDANAO)","Stringbeans",33.70,48.30,40.95,38.58,16.72,19.97,17.08,18.74,25.42,22.80,21.37,27.09,27.56
"..REGION X (NORTHERN MINDANAO)","Sweet Peas",..,91.20,55.96,75.50,87.10,60.76,68.97,93.31,87.85,87.67,104.04,55.08,78.86
"..REGION X (NORTHERN MINDANAO)","Sweet Peas Native",..,..,..,..,..,..,..,..,..,..,..,..,..
"....Bukidnon","Habitchuelas [Snap beans]",..,..,..,..,..,..,..,..,..,..,..,..,..
"....Bukidnon","Kidney Beans, white",..,..,..,..,..,..,..,..,..,..,..,..,..
"....Bukidnon","Mongo [Mungbean], green",..,..,..,..,..,..,..,..,..,..,..,..,..
"....Bukidnon","Mongo [Mungbean], Yellow",..,..,..,..,..,..,..,..,..,..,..,..,..
"....Bukidnon","Peanut with shell, dry",..,..,..,..,..,..,..,..,..,..,..,..,..
"....Bukidnon","Peanut without shell, dry",..,..,..,..,..,..,..,..,..,..,..,..,..
"....Bukidnon","Stringbeans",..,..,..,..,..,..,..,..,..,..,..,..,..
"....Bukidnon","Sweet Peas",..,..,..,..,..,..,..,..,..,..,..,..,..
"....Bukidnon","Sweet Peas Native",..,..,..,..,..,..,..,..,..,..,..,..,..
"....Camiguin","Habitchuelas [Snap beans]",..,..,..,..,..,..,..,..,..,..,..,..,..
"....Camiguin","Kidney Beans, white",..,..,..,..,..,..,..,..,..,..,..,..,..
"....Camiguin","Mongo [Mungbean], green",..,..,..,..,..,..,..,..,..,..,..,..,..
"....Camiguin","Mongo [Mungbean], Yellow",..,..,..,..,..,..,..,..,..,..,..,..,..
"....Camiguin","Peanut with shell, dry",..,..,..,..,..,..,..,..,..,..,..,..,..
"....Camiguin","Peanut without shell, dry",..,..,..,..,..,..,..,..,..,..,..,..,..
"....Camiguin","Stringbeans",..,..,..,..,..,..,..,..,..,..,..,..,..
"....Camiguin","Sweet Peas",..,..,..,..,..,..,..,..,..,..,..,..,..
"....Camiguin","Sweet Peas Native",..,..,..,..,..,..,..,..,..,..,..,..,..
"....Lanao del Norte","Habitchuelas [Snap beans]",35.31,58.63,33.65,33.89,27.80,26.74,25.80,31.03,36.85,26.54,27.07,36.66,33.33
"....Lanao del Norte","Kidney Beans, white",..,..,..,..,..,..,..,..,..,..,..,..,..
"....Lanao del Norte","Mongo [Mungbean], green",..,..,..,..,..,..,..,..,..,..,..,..,..
"....Lanao del Norte","Mongo [Mungbean], Yellow",..,..,..,..,..,..,..,..,..,..,..,..,..
"....Lanao del Norte","Peanut with shell, dry",..,..,..,..,..,..,..,..,..,..,..,..,..
"....Lanao del Norte","Peanut without shell, dry",..,..,..,..,..,..,..,..,..,..,..,..,..
"....Lanao del Norte","Stringbeans",33.70,48.30,40.95,38.58,16.72,19.97,17.08,18.74,25.42,22.80,21.37,27.09,27.56
"....Lanao del Norte","Sweet Peas",..,..,..,..,..,..,..,..,..,..,..,..,..
"....Lanao del Norte","Sweet Peas Native",..,..,..,..,..,..,..,..,..,..,..,..,..
"....Misamis Occidental","Habitchuelas [Snap beans]",..,..,..,..,..,..,..,..,..,..,..,..,..
"....Misamis Occidental","Kidney Beans, white",..,..,..,..,..,..,..,..,..,..,..,..,..
"....Misamis Occidental","Mongo [Mungbean], green",..,..,..,..,..,..,..,..,..,..,..,..,..
"....Misamis Occidental","Mongo [Mungbean], Yellow",..,..,..,..,..,..,..,..,..,..,..,..,..
"....Misamis Occidental","Peanut with shell, dry",..,..,..,..,..,..,..,..,..,..,..,..,..
"....Misamis Occidental","Peanut without shell, dry",..,..,..,..,..,..,..,..,..,..,..,..,..
"....Misamis Occidental","Stringbeans",..,..,..,..,..,..,..,..,..,..,..,..,..
"....Misamis Occidental","Sweet Peas",..,..,..,..,..,..,..,..,..,..,..,..,..
"....Misamis Occidental","Sweet Peas Native",..,..,..,..,..,..,..,..,..,..,..,..,..
"....Misamis Oriental","Habitchuelas [Snap beans]",..,..,..,..,..,..,..,..,..,..,..,..,..
"....Misamis Oriental","Kidney Beans, white",80.34,80.00,70.00,72.58,70.93,63.20,63.64,65.35,49.31,44.86,54.65,66.40,65.11
"....Misamis Oriental","Mongo [Mungbean], green",..,..,..,..,..,..,..,..,..,..,..,..,..
"....Misamis Oriental","Mongo [Mungbean], Yellow",..,..,..,..,..,..,..,..,..,..,..,..,..
"....Misamis Oriental","Peanut with shell, dry",..,..,..,..,..,..,..,..,..,..,..,..,..
"....Misamis Oriental","Peanut without shell, dry",..,..,..,..,..,..,..,..,..,..,..,..,..
"....Misamis Oriental","Stringbeans",..,..,..,..,..,..,..,..,..,..,..,..,..
"....Misamis Oriental","Sweet Peas",..,91.20,55.96,75.50,87.10,60.76,68.97,93.31,87.85,87.67,104.04,55.08,78.86
"....Misamis Oriental","Sweet Peas Native",..,..,..,..,..,..,..,..,..,..,..,..,..
"..REGION XI (DAVAO REGION)","Habitchuelas [Snap beans]",..,..,..,..,..,..,..,..,..,..,..,..,..
"..REGION XI (DAVAO REGION)","Kidney Beans, white",..,..,..,..,..,..,..,..,..,..,..,..,..
"..REGION XI (DAVAO REGION)","Mongo [Mungbean], green",..,..,..,..,..,..,..,..,..,..,..,..,..
"..REGION XI (DAVAO REGION)","Mongo [Mungbean], Yellow",..,..,..,..,..,..,..,..,..,..,..,..,..
"..REGION XI (DAVAO REGION)","Peanut with shell, dry",..,..,..,..,..,..,..,..,..,..,..,..,..
"..REGION XI (DAVAO REGION)","Peanut without shell, dry",..,..,..,..,..,..,..,..,..,..,..,..,..
"..REGION XI (DAVAO REGION)","Stringbeans",29.08,28.38,27.77,29.82,29.12,27.57,22.00,21.13,20.50,18.95,25.50,30.50,25.86
"..REGION XI (DAVAO REGION)","Sweet Peas",..,..,..,..,..,..,..,..,..,..,..,..,..
"..REGION XI (DAVAO REGION)","Sweet Peas Native",..,..,..,..,..,..,..,..,..,..,..,..,..
"....Davao de Oro","Habitchuelas [Snap beans]",..,..,..,..,..,..,..,..,..,..,..,..,..
"....Davao de Oro","Kidney Beans, white",..,..,..,..,..,..,..,..,..,..,..,..,..
"....Davao de Oro","Mongo [Mungbean], green",..,..,..,..,..,..,..,..,..,..,..,..,..
"....Davao de Oro","Mongo [Mungbean], Yellow",..,..,..,..,..,..,..,..,..,..,..,..,..
"....Davao de Oro","Peanut with shell, dry",..,..,..,..,..,..,..,..,..,..,..,..,..
"....Davao de Oro","Peanut without shell, dry",..,..,..,..,..,..,..,..,..,..,..,..,..
"....Davao de Oro","Stringbeans",..,..,..,..,..,..,..,..,..,..,..,..,..
"....Davao de Oro","Sweet Peas",..,..,..,..,..,..,..,..,..,..,..,..,..
"....Davao de Oro","Sweet Peas Native",..,..,..,..,..,..,..,..,..,..,..,..,..
"....Davao del Norte","Habitchuelas [Snap beans]",..,..,..,..,..,..,..,..,..,..,..,..,..
"....Davao del Norte","Kidney Beans, white",..,..,..,..,..,..,..,..,..,..,..,..,..
"....Davao del Norte","Mongo [Mungbean], green",..,..,..,..,..,..,..,..,..,..,..,..,..
"....Davao del Norte","Mongo [Mungbean], Yellow",..,..,..,..,..,..,..,..,..,..,..,..,..
"....Davao del Norte","Peanut with shell, dry",..,..,..,..,..,..,..,..,..,..,..,..,..
"....Davao del Norte","Peanut without shell, dry",..,..,..,..,..,..,..,..,..,..,..,..,..
"....Davao del Norte","Stringbeans",..,..,..,..,..,..,..,..,..,..,..,..,..
"....Davao del Norte","Sweet Peas",..,..,..,..,..,..,..,..,..,..,..,..,..
"....Davao del Norte","Sweet Peas Native",..,..,..,..,..,..,..,..,..,..,..,..,..
"....Davao del Sur","Habitchuelas [Snap beans]",..,..,..,..,..,..,..,..,..,..,..,..,..
"....Davao del Sur","Kidney Beans, white",..,..,..,..,..,..,..,..,..,..,..,..,..
"....Davao del Sur","Mongo [Mungbean], green",..,..,..,..,..,..,..,..,..,..,..,..,..
"....Davao del Sur","Mongo [Mungbean], Yellow",..,..,..,..,..,..,..,..,..,..,..,..,..
"....Davao del Sur","Peanut with shell, dry",..,..,..,..,..,..,..,..,..,..,..,..,..
"....Davao del Sur","Peanut without shell, dry",..,..,..,..,..,..,..,..,..,..,..,..,..
"....Davao del Sur","Stringbeans",29.08,28.38,27.77,29.82,29.12,27.57,22.00,21.13,20.50,18.95,25.50,30.50,25.86
"....Davao del Sur","Sweet Peas",..,..,..,..,..,..,..,..,..,..,..,..,..
"....Davao del Sur","Sweet Peas Native",..,..,..,..,..,..,..,..,..,..,..,..,..
"....Davao Occidental","Habitchuelas [Snap beans]",..,..,..,..,..,..,..,..,..,..,..,..,..
"....Davao Occidental","Kidney Beans, white",..,..,..,..,..,..,..,..,..,..,..,..,..
"....Davao Occidental","Mongo [Mungbean], green",..,..,..,..,..,..,..,..,..,..,..,..,..
"....Davao Occidental","Mongo [Mungbean], Yellow",..,..,..,..,..,..,..,..,..,..,..,..,..
"....Davao Occidental","Peanut with shell, dry",..,..,..,..,..,..,..,..,..,..,..,..,..
"....Davao Occidental","Peanut without shell, dry",..,..,..,..,..,..,..,..,..,..,..,..,..
"....Davao Occidental","Stringbeans",..,..,..,..,..,..,..,..,..,..,..,..,..
"....Davao Occidental","Sweet Peas",..,..,..,..,..,..,..,..,..,..,..,..,..
"....Davao Occidental","Sweet Peas Native",..,..,..,..,..,..,..,..,..,..,..,..,..
"....Davao Oriental","Habitchuelas [Snap beans]",..,..,..,..,..,..,..,..,..,..,..,..,..
"....Davao Oriental","Kidney Beans, white",..,..,..,..,..,..,..,..,..,..,..,..,..
"....Davao Oriental","Mongo [Mungbean], green",..,..,..,..,..,..,..,..,..,..,..,..,..
"....Davao Oriental","Mongo [Mungbean], Yellow",..,..,..,..,..,..,..,..,..,..,..,..,..
"....Davao Oriental","Peanut with shell, dry",..,..,..,..,..,..,..,..,..,..,..,..,..
"....Davao Oriental","Peanut without shell, dry",..,..,..,..,..,..,..,..,..,..,..,..,..
"....Davao Oriental","Stringbeans",..,..,..,..,..,..,..,..,..,..,..,..,..
"....Davao Oriental","Sweet Peas",..,..,..,..,..,..,..,..,..,..,..,..,..
"....Davao Oriental","Sweet Peas Native",..,..,..,..,..,..,..,..,..,..,..,..,..
"....City of Davao","Habitchuelas [Snap beans]",..,..,..,..,..,..,..,..,..,..,..,..,..
"....City of Davao","Kidney Beans, white",..,..,..,..,..,..,..,..,..,..,..,..,..
"....City of Davao","Mongo [Mungbean], green",..,..,..,..,..,..,..,..,..,..,..,..,..
"....City of Davao","Mongo [Mungbean], Yellow",..,..,..,..,..,..,..,..,..,..,..,..,..
"....City of Davao","Peanut with shell, dry",..,..,..,..,..,..,..,..,..,..,..,..,..
"....City of Davao","Peanut without shell, dry",..,..,..,..,..,..,..,..,..,..,..,..,..
"....City of Davao","Stringbeans",..,..,..,..,..,..,..,..,..,..,..,..,..
"....City of Davao","Sweet Peas",..,..,..,..,..,..,..,..,..,..,..,..,..
"....City of Davao","Sweet Peas Native",..,..,..,..,..,..,..,..,..,..,..,..,..
"..REGION XII (SOCCSKSARGEN)","Habitchuelas [Snap beans]",..,..,..,..,..,..,..,..,..,..,..,..,..
"..REGION XII (SOCCSKSARGEN)","Kidney Beans, white",..,..,..,..,..,..,..,..,..,..,..,..,..
"..REGION XII (SOCCSKSARGEN)","Mongo [Mungbean], green",..,..,..,..,..,..,..,..,..,..,..,..,..
"..REGION XII (SOCCSKSARGEN)","Mongo [Mungbean], Yellow",..,..,..,..,..,..,..,..,..,..,..,..,..
"..REGION XII (SOCCSKSARGEN)","Peanut with shell, dry",..,..,..,..,..,..,..,..,..,..,..,..,..
"..REGION XII (SOCCSKSARGEN)","Peanut without shell, dry",..,..,..,..,..,..,..,..,..,..,..,..,..
"..REGION XII (SOCCSKSARGEN)","Stringbeans",..,..,..,..,..,..,..,..,..,..,..,..,..
"..REGION XII (SOCCSKSARGEN)","Sweet Peas",..,..,..,..,..,..,..,..,..,..,..,..,..
"..REGION XII (SOCCSKSARGEN)","Sweet Peas Native",..,..,..,..,..,..,..,..,..,..,..,..,..
"....Cotabato","Habitchuelas [Snap beans]",..,..,..,..,..,..,..,..,..,..,..,..,..
"....Cotabato","Kidney Beans, white",..,..,..,..,..,..,..,..,..,..,..,..,..
"....Cotabato","Mongo [Mungbean], green",..,..,..,..,..,..,..,..,..,..,..,..,..
"....Cotabato","Mongo [Mungbean], Yellow",..,..,..,..,..,..,..,..,..,..,..,..,..
"....Cotabato","Peanut with shell, dry",..,..,..,..,..,..,..,..,..,..,..,..,..
"....Cotabato","Peanut without shell, dry",..,..,..,..,..,..,..,..,..,..,..,..,..
"....Cotabato","Stringbeans",..,..,..,..,..,..,..,..,..,..,..,..,..
"....Cotabato","Sweet Peas",..,..,..,..,..,..,..,..,..,..,..,..,..
"....Cotabato","Sweet Peas Native",..,..,..,..,..,..,..,..,..,..,..,..,..
"....Sarangani","Habitchuelas [Snap beans]",..,..,..,..,..,..,..,..,..,..,..,..,..
"....Sarangani","Kidney Beans, white",..,..,..,..,..,..,..,..,..,..,..,..,..
"....Sarangani","Mongo [Mungbean], green",..,..,..,..,..,..,..,..,..,..,..,..,..
"....Sarangani","Mongo [Mungbean], Yellow",..,..,..,..,..,..,..,..,..,..,..,..,..
"....Sarangani","Peanut with shell, dry",..,..,..,..,..,..,..,..,..,..,..,..,..
"....Sarangani","Peanut without shell, dry",..,..,..,..,..,..,..,..,..,..,..,..,..
"....Sarangani","Stringbeans",..,..,..,..,..,..,..,..,..,..,..,..,..
"....Sarangani","Sweet Peas",..,..,..,..,..,..,..,..,..,..,..,..,..
"....Sarangani","Sweet Peas Native",..,..,..,..,..,..,..,..,..,..,..,..,..
"....Sultan Kudarat","Habitchuelas [Snap beans]",..,..,..,..,..,..,..,..,..,..,..,..,..
"....Sultan Kudarat","Kidney Beans, white",..,..,..,..,..,..,..,..,..,..,..,..,..
"....Sultan Kudarat","Mongo [Mungbean], green",..,..,..,..,..,..,..,..,..,..,..,..,..
"....Sultan Kudarat","Mongo [Mungbean], Yellow",..,..,..,..,..,..,..,..,..,..,..,..,..
"....Sultan Kudarat","Peanut with shell, dry",..,..,..,..,..,..,..,..,..,..,..,..,..
"....Sultan Kudarat","Peanut without shell, dry",..,..,..,..,..,..,..,..,..,..,..,..,..
"....Sultan Kudarat","Stringbeans",..,..,..,..,..,..,..,..,..,..,..,..,..
"....Sultan Kudarat","Sweet Peas",..,..,..,..,..,..,..,..,..,..,..,..,..
"....Sultan Kudarat","Sweet Peas Native",..,..,..,..,..,..,..,..,..,..,..,..,..
"....South Cotabato","Habitchuelas [Snap beans]",..,..,..,..,..,..,..,..,..,..,..,..,..
"....South Cotabato","Kidney Beans, white",..,..,..,..,..,..,..,..,..,..,..,..,..
"....South Cotabato","Mongo [Mungbean], green",..,..,..,..,..,..,..,..,..,..,..,..,..
"....South Cotabato","Mongo [Mungbean], Yellow",..,..,..,..,..,..,..,..,..,..,..,..,..
"....South Cotabato","Peanut with shell, dry",..,..,..,..,..,..,..,..,..,..,..,..,..
"....South Cotabato","Peanut without shell, dry",..,..,..,..,..,..,..,..,..,..,..,..,..
"....South Cotabato","Stringbeans",..,..,..,..,..,..,..,..,..,..,..,..,..
"....South Cotabato","Sweet Peas",..,..,..,..,..,..,..,..,..,..,..,..,..
"....South Cotabato","Sweet Peas Native",..,..,..,..,..,..,..,..,..,..,..,..,..
"..REGION XIII (CARAGA)","Habitchuelas [Snap beans]",..,..,..,..,..,..,..,..,..,..,..,..,..
"..REGION XIII (CARAGA)","Kidney Beans, white",..,..,..,..,..,..,..,..,..,..,..,..,..
"..REGION XIII (CARAGA)","Mongo [Mungbean], green",..,..,..,..,..,..,..,..,..,..,..,..,..
"..REGION XIII (CARAGA)","Mongo [Mungbean], Yellow",..,..,..,..,..,..,..,..,..,..,..,..,..
"..REGION XIII (CARAGA)","Peanut with shell, dry",..,..,..,..,..,..,..,..,..,..,..,..,..
"..REGION XIII (CARAGA)","Peanut without shell, dry",..,..,..,..,..,..,..,..,..,..,..,..,..
"..REGION XIII (CARAGA)","Stringbeans",..,..,..,..,..,..,..,..,..,..,..,..,..
"..REGION XIII (CARAGA)","Sweet Peas",..,..,..,..,..,..,..,..,..,..,..,..,..
"..REGION XIII (CARAGA)","Sweet Peas Native",..,..,..,..,..,..,..,..,..,..,..,..,..
"....Agusan del Norte","Habitchuelas [Snap beans]",..,..,..,..,..,..,..,..,..,..,..,..,..
"....Agusan del Norte","Kidney Beans, white",..,..,..,..,..,..,..,..,..,..,..,..,..
"....Agusan del Norte","Mongo [Mungbean], green",..,..,..,..,..,..,..,..,..,..,..,..,..
"....Agusan del Norte","Mongo [Mungbean], Yellow",..,..,..,..,..,..,..,..,..,..,..,..,..
"....Agusan del Norte","Peanut with shell, dry",..,..,..,..,..,..,..,..,..,..,..,..,..
"....Agusan del Norte","Peanut without shell, dry",..,..,..,..,..,..,..,..,..,..,..,..,..
"....Agusan del Norte","Stringbeans",..,..,..,..,..,..,..,..,..,..,..,..,..
"....Agusan del Norte","Sweet Peas",..,..,..,..,..,..,..,..,..,..,..,..,..
"....Agusan del Norte","Sweet Peas Native",..,..,..,..,..,..,..,..,..,..,..,..,..
"....Agusan del Sur","Habitchuelas [Snap beans]",..,..,..,..,..,..,..,..,..,..,..,..,..
"....Agusan del Sur","Kidney Beans, white",..,..,..,..,..,..,..,..,..,..,..,..,..
"....Agusan del Sur","Mongo [Mungbean], green",..,..,..,..,..,..,..,..,..,..,..,..,..
"....Agusan del Sur","Mongo [Mungbean], Yellow",..,..,..,..,..,..,..,..,..,..,..,..,..
"....Agusan del Sur","Peanut with shell, dry",..,..,..,..,..,..,..,..,..,..,..,..,..
"....Agusan del Sur","Peanut without shell, dry",..,..,..,..,..,..,..,..,..,..,..,..,..
"....Agusan del Sur","Stringbeans",..,..,..,..,..,..,..,..,..,..,..,..,..
"....Agusan del Sur","Sweet Peas",..,..,..,..,..,..,..,..,..,..,..,..,..
"....Agusan del Sur","Sweet Peas Native",..,..,..,..,..,..,..,..,..,..,..,..,..
"....Dinagat Islands","Habitchuelas [Snap beans]",..,..,..,..,..,..,..,..,..,..,..,..,..
"....Dinagat Islands","Kidney Beans, white",..,..,..,..,..,..,..,..,..,..,..,..,..
"....Dinagat Islands","Mongo [Mungbean], green",..,..,..,..,..,..,..,..,..,..,..,..,..
"....Dinagat Islands","Mongo [Mungbean], Yellow",..,..,..,..,..,..,..,..,..,..,..,..,..
"....Dinagat Islands","Peanut with shell, dry",..,..,..,..,..,..,..,..,..,..,..,..,..
"....Dinagat Islands","Peanut without shell, dry",..,..,..,..,..,..,..,..,..,..,..,..,..
"....Dinagat Islands","Stringbeans",..,..,..,..,..,..,..,..,..,..,..,..,..
"....Dinagat Islands","Sweet Peas",..,..,..,..,..,..,..,..,..,..,..,..,..
"....Dinagat Islands","Sweet Peas Native",..,..,..,..,..,..,..,..,..,..,..,..,..
"....Surigao del Norte","Habitchuelas [Snap beans]",..,..,..,..,..,..,..,..,..,..,..,..,..
"....Surigao del Norte","Kidney Beans, white",..,..,..,..,..,..,..,..,..,..,..,..,..
"....Surigao del Norte","Mongo [Mungbean], green",..,..,..,..,..,..,..,..,..,..,..,..,..
"....Surigao del Norte","Mongo [Mungbean], Yellow",..,..,..,..,..,..,..,..,..,..,..,..,..
"....Surigao del Norte","Peanut with shell, dry",..,..,..,..,..,..,..,..,..,..,..,..,..
"....Surigao del Norte","Peanut without shell, dry",..,..,..,..,..,..,..,..,..,..,..,..,..
"....Surigao del Norte","Stringbeans",..,..,..,..,..,..,..,..,..,..,..,..,..
"....Surigao del Norte","Sweet Peas",..,..,..,..,..,..,..,..,..,..,..,..,..
"....Surigao del Norte","Sweet Peas Native",..,..,..,..,..,..,..,..,..,..,..,..,..
"....Surigao del Sur","Habitchuelas [Snap beans]",..,..,..,..,..,..,..,..,..,..,..,..,..
"....Surigao del Sur","Kidney Beans, white",..,..,..,..,..,..,..,..,..,..,..,..,..
"....Surigao del Sur","Mongo [Mungbean], green",..,..,..,..,..,..,..,..,..,..,..,..,..
"....Surigao del Sur","Mongo [Mungbean], Yellow",..,..,..,..,..,..,..,..,..,..,..,..,..
"....Surigao del Sur","Peanut with shell, dry",..,..,..,..,..,..,..,..,..,..,..,..,..
"....Surigao del Sur","Peanut without shell, dry",..,..,..,..,..,..,..,..,..,..,..,..,..
"....Surigao del Sur","Stringbeans",..,..,..,..,..,..,..,..,..,..,..,..,..
"....Surigao del Sur","Sweet Peas",..,..,..,..,..,..,..,..,..,..,..,..,..
"....Surigao del Sur","Sweet Peas Native",..,..,..,..,..,..,..,..,..,..,..,..,..
"..AUTONOMOUS REGION IN MUSLIM MINDANAO (ARMM)","Habitchuelas [Snap beans]",..,..,..,..,..,..,..,..,..,..,..,..,..
"..AUTONOMOUS REGION IN MUSLIM MINDANAO (ARMM)","Kidney Beans, white",..,..,..,..,..,..,..,..,..,..,..,..,..
"..AUTONOMOUS REGION IN MUSLIM MINDANAO (ARMM)","Mongo [Mungbean], green",..,..,..,..,..,..,..,..,..,..,..,..,..
"..AUTONOMOUS REGION IN MUSLIM MINDANAO (ARMM)","Mongo [Mungbean], Yellow",..,..,..,..,..,..,..,..,..,..,..,..,..
"..AUTONOMOUS REGION IN MUSLIM MINDANAO (ARMM)","Peanut with shell, dry",..,..,..,..,..,..,..,..,..,..,..,..,..
"..AUTONOMOUS REGION IN MUSLIM MINDANAO (ARMM)","Peanut without shell, dry",..,..,..,..,..,..,..,..,..,..,..,..,..
"..AUTONOMOUS REGION IN MUSLIM MINDANAO (ARMM)","Stringbeans",..,..,..,..,..,..,..,..,..,..,..,..,..
"..AUTONOMOUS REGION IN MUSLIM MINDANAO (ARMM)","Sweet Peas",..,..,..,..,..,..,..,..,..,..,..,..,..
"..AUTONOMOUS REGION IN MUSLIM MINDANAO (ARMM)","Sweet Peas Native",..,..,..,..,..,..,..,..,..,..,..,..,..
"....Basilan","Habitchuelas [Snap beans]",..,..,..,..,..,..,..,..,..,..,..,..,..
"....Basilan","Kidney Beans, white",..,..,..,..,..,..,..,..,..,..,..,..,..
"....Basilan","Mongo [Mungbean], green",..,..,..,..,..,..,..,..,..,..,..,..,..
"....Basilan","Mongo [Mungbean], Yellow",..,..,..,..,..,..,..,..,..,..,..,..,..
"....Basilan","Peanut with shell, dry",..,..,..,..,..,..,..,..,..,..,..,..,..
"....Basilan","Peanut without shell, dry",..,..,..,..,..,..,..,..,..,..,..,..,..
"....Basilan","Stringbeans",..,..,..,..,..,..,..,..,..,..,..,..,..
"....Basilan","Sweet Peas",..,..,..,..,..,..,..,..,..,..,..,..,..
"....Basilan","Sweet Peas Native",..,..,..,..,..,..,..,..,..,..,..,..,..
"....Lanao del Sur","Habitchuelas [Snap beans]",..,..,..,..,..,..,..,..,..,..,..,..,..
"....Lanao del Sur","Kidney Beans, white",..,..,..,..,..,..,..,..,..,..,..,..,..
"....Lanao del Sur","Mongo [Mungbean], green",..,..,..,..,..,..,..,..,..,..,..,..,..
"....Lanao del Sur","Mongo [Mungbean], Yellow",..,..,..,..,..,..,..,..,..,..,..,..,..
"....Lanao del Sur","Peanut with shell, dry",..,..,..,..,..,..,..,..,..,..,..,..,..
"....Lanao del Sur","Peanut without shell, dry",..,..,..,..,..,..,..,..,..,..,..,..,..
"....Lanao del Sur","Stringbeans",..,..,..,..,..,..,..,..,..,..,..,..,..
"....Lanao del Sur","Sweet Peas",..,..,..,..,..,..,..,..,..,..,..,..,..
"....Lanao del Sur","Sweet Peas Native",..,..,..,..,..,..,..,..,..,..,..,..,..
"....Maguindanao","Habitchuelas [Snap beans]",..,..,..,..,..,..,..,..,..,..,..,..,..
"....Maguindanao","Kidney Beans, white",..,..,..,..,..,..,..,..,..,..,..,..,..
"....Maguindanao","Mongo [Mungbean], green",..,..,..,..,..,..,..,..,..,..,..,..,..
"....Maguindanao","Mongo [Mungbean], Yellow",..,..,..,..,..,..,..,..,..,..,..,..,..
"....Maguindanao","Peanut with shell, dry",..,..,..,..,..,..,..,..,..,..,..,..,..
"....Maguindanao","Peanut without shell, dry",..,..,..,..,..,..,..,..,..,..,..,..,..
"....Maguindanao","Stringbeans",..,..,..,..,..,..,..,..,..,..,..,..,..
"....Maguindanao","Sweet Peas",..,..,..,..,..,..,..,..,..,..,..,..,..
"....Maguindanao","Sweet Peas Native",..,..,..,..,..,..,..,..,..,..,..,..,..
"....Sulu","Habitchuelas [Snap beans]",..,..,..,..,..,..,..,..,..,..,..,..,..
"....Sulu","Kidney Beans, white",..,..,..,..,..,..,..,..,..,..,..,..,..
"....Sulu","Mongo [Mungbean], green",..,..,..,..,..,..,..,..,..,..,..,..,..
"....Sulu","Mongo [Mungbean], Yellow",..,..,..,..,..,..,..,..,..,..,..,..,..
"....Sulu","Peanut with shell, dry",..,..,..,..,..,..,..,..,..,..,..,..,..
"....Sulu","Peanut without shell, dry",..,..,..,..,..,..,..,..,..,..,..,..,..
"....Sulu","Stringbeans",..,..,..,..,..,..,..,..,..,..,..,..,..
"....Sulu","Sweet Peas",..,..,..,..,..,..,..,..,..,..,..,..,..
"....Sulu","Sweet Peas Native",..,..,..,..,..,..,..,..,..,..,..,..,..
"....Tawi-tawi","Habitchuelas [Snap beans]",..,..,..,..,..,..,..,..,..,..,..,..,..
"....Tawi-tawi","Kidney Beans, white",..,..,..,..,..,..,..,..,..,..,..,..,..
"....Tawi-tawi","Mongo [Mungbean], green",..,..,..,..,..,..,..,..,..,..,..,..,..
"....Tawi-tawi","Mongo [Mungbean], Yellow",..,..,..,..,..,..,..,..,..,..,..,..,..
"....Tawi-tawi","Peanut with shell, dry",..,..,..,..,..,..,..,..,..,..,..,..,..
"....Tawi-tawi","Peanut without shell, dry",..,..,..,..,..,..,..,..,..,..,..,..,..
"....Tawi-tawi","Stringbeans",..,..,..,..,..,..,..,..,..,..,..,..,..
"....Tawi-tawi","Sweet Peas",..,..,..,..,..,..,..,..,..,..,..,..,..
"....Tawi-tawi","Sweet Peas Native",..,..,..,..,..,..,..,..,..,..,..,..,..
